"kind","unit","label","method","site","mean_weight","sd_weight","n_edges_on_skeleton","mean_weight_on_skeleton","strength_skeleton","within_module_mean"
"tu","Danube_Upper","Upper Danube","lioness","EUS_051",0.321229243680561,0.731362591644217,278,0.928627721506077,264.383317397265,0.922370642688959
"tu","Danube_Upper","Upper Danube","lioness","EUS_082",0.134791716839778,1.28020177370585,278,0.73494004706467,253.05294341207,0.735819044585463
"tu","Danube_Upper","Upper Danube","lioness","EUS_096",0.140311637791331,0.651478669077721,278,0.743693848360026,236.31135847378,0.752748180755821
"tu","Danube_Upper","Upper Danube","lioness","EUS_097",0.147518383763976,0.629112477888238,278,0.79399494145751,228.393631419088,0.810007788883499
"tu","Danube_Upper","Upper Danube","lioness","EUS_103",0.30366810127278,0.767743279956294,278,0.841193032700189,243.446461090119,0.853793154018804
"tu","Danube_Upper","Upper Danube","lioness","EUS_104",0.223388137666157,0.746065289619358,278,0.796988533683153,233.72774865547,0.832188452639608
"tu","Danube_Upper","Upper Danube","lioness","EUS_105",0.109265592380828,0.634459107619767,278,0.874163807915709,246.091896199015,0.892678952302472
"tu","Danube_Upper","Upper Danube","lioness","EUS_106",0.0838887401173085,0.673507276852604,278,0.862654458475783,251.115854562788,0.871563406543308
"tu","Danube_Upper","Upper Danube","lioness","EUS_107",0.237661229180974,0.804985495526779,278,0.800084490808315,250.568751271331,0.784091543828396
"tu","Danube_Upper","Upper Danube","lioness","EUS_108",-0.00604141010062136,1.67696395628477,278,0.654122906294447,291.317490771309,0.777674548152773
"tu","Danube_Upper","Upper Danube","lioness","EUS_109",0.129844939345987,0.82782429087272,278,0.786754543750729,259.466409867305,0.845270204560435
"tu","Danube_Upper","Upper Danube","lioness","EUS_110",0.29394495821765,1.45802599487334,278,0.723996130477109,321.524271168938,0.845037463387076
"tu","Danube_Upper","Upper Danube","lioness","EUS_170",0.111053624627226,0.771159677100531,278,0.58354884699087,252.20243524142,0.55499447157391
"tu","Danube_Upper","Upper Danube","lioness","EUS_171",0.385162498417123,0.608571725483027,278,0.806192790020987,246.541014176953,0.792321065164374
"tu","Danube_Upper","Upper Danube","lioness","EUS_172",0.30950590849252,0.550810399624044,278,0.76167980611181,233.421126275786,0.748983080969696
"tu","Danube_Upper","Upper Danube","lioness","EUS_181",1.6012123226415,2.4349537792917,278,1.7181496999015,507.78238240125,1.6344540555876
"tu","Danube_Upper","Upper Danube","lioness","EUS_182",-0.0010597587313662,0.946720925884854,278,0.465349869055209,269.517757329493,0.406495620473269
"tu","Danube_Upper","Upper Danube","lioness","EUS_183",2.30255659066879,3.9308596941855,278,2.63098655147744,744.137505203585,2.44506014936797
"tu","Danube_Upper","Upper Danube","lioness","EUS_301",0.204725704374593,0.759266273792951,278,0.839666413081053,235.618723254164,0.846913655888729
"tu","Danube_Upper","Upper Danube","lioness","EUS_302",0.24940955830235,0.417562668744188,278,0.844125411567365,234.666864415728,0.85154408800527
"tu","Danube_Upper","Upper Danube","lioness","EUS_303",0.220388680567152,0.428721767228683,278,0.851657663736291,237.587610755758,0.85758331373218
"tu","Danube_Upper","Upper Danube","lioness","EUS_304",0.153752947804445,0.604333284517278,278,0.854168927394406,237.458961815645,0.857949009494358
"tu","Danube_Upper","Upper Danube","lioness","EUS_305",0.328124128144601,0.600607522963021,278,0.83960229416448,239.33795375624,0.854985154855812
"tu","Danube_Upper","Upper Danube","lioness","EUS_306",0.253165103713561,0.522582522538205,278,0.838337452050326,234.721467605264,0.84397728278634
"tu","Danube_Upper","Upper Danube","lioness","EUS_307",0.25644726887944,0.472621669047102,278,0.848953324816584,236.00902429901,0.863166500546377
"tu","Danube_Upper","Upper Danube","lioness","EUS_308",0.268572561703219,0.458551153779331,278,0.864370832898223,240.295091545706,0.870516570655883
"tu","Danube_Upper","Upper Danube","lioness","EUS_309",0.217656007123366,0.57822528413815,278,0.830081439973039,233.99861839486,0.828375040954499
"tu","Danube_Upper","Upper Danube","lioness","EUS_310",0.246293659196742,0.459814205396568,278,0.85264994829528,237.036685626088,0.855357840000154
"tu","Danube_Upper","Upper Danube","lioness","EUS_311",0.102685742451467,1.04094331095793,278,0.847825485650469,244.543123813583,0.850689355886102
"tu","Danube_Upper","Upper Danube","lioness","EUS_312",0.137409303676313,1.26718316448557,278,0.834735826000538,244.455535503997,0.843709463270425
"tu","Danube_Upper","Upper Danube","lioness","EUS_376",0.149349327172028,0.925896475299451,278,0.929600088936409,258.428824724322,0.926400254889001
"tu","Danube_Upper","Upper Danube","lioness","EUS_377",0.0823321193972896,1.10276577709584,278,0.930316412595815,258.777459200097,0.924475827096793
"tu","Danube_Upper","Upper Danube","lioness","EUS_378",0.354923909828995,0.714880226021246,278,0.909415800489334,259.765121306343,0.898420355502167
"tu","Danube_Upper","Upper Danube","lioness","EUS_379",0.0261812310680133,1.34583618523275,278,0.671349782645223,246.339538819573,0.706150902436273
"tu","Danube_Upper","Upper Danube","lioness","EUS_380",0.0748509977600338,1.11305267274548,278,0.845785892648358,242.014178613166,0.845758715263783
"tu","Danube_Upper","Upper Danube","bonobo","EUS_051",0.285834065727028,0.281457307735106,278,0.870411672609826,241.974444985532,0.874884497917521
"tu","Danube_Upper","Upper Danube","bonobo","EUS_082",0.255192689427569,0.285894907834027,278,0.848432045402103,235.864108621785,0.854291134445387
"tu","Danube_Upper","Upper Danube","bonobo","EUS_096",0.26016050886113,0.273291234435884,278,0.8487235363443,235.945143103715,0.855571397696365
"tu","Danube_Upper","Upper Danube","bonobo","EUS_097",0.260344868745505,0.275173900297878,278,0.853336965483106,237.227676404303,0.860589138112604
"tu","Danube_Upper","Upper Danube","bonobo","EUS_103",0.284330346873901,0.275821845324332,278,0.859435396304102,238.92304017254,0.865923252246628
"tu","Danube_Upper","Upper Danube","bonobo","EUS_104",0.273653656437667,0.276051047360611,278,0.854043323603664,237.424043961818,0.863393177950625
"tu","Danube_Upper","Upper Danube","bonobo","EUS_105",0.255028719483617,0.281293592706939,278,0.864262423565027,240.264953751078,0.871623075472497
"tu","Danube_Upper","Upper Danube","bonobo","EUS_106",0.252173524670573,0.284544329718487,278,0.862807896587143,239.860595251226,0.868928948548834
"tu","Danube_Upper","Upper Danube","bonobo","EUS_107",0.275796988684002,0.276236507765114,278,0.855645428018902,237.869428989255,0.858787125329433
"tu","Danube_Upper","Upper Danube","bonobo","EUS_108",0.244270185962301,0.3167540492231,278,0.844009595421556,234.634667527193,0.863879861168959
"tu","Danube_Upper","Upper Danube","bonobo","EUS_109",0.256192305746416,0.289043401875079,278,0.854540344801837,237.562215854911,0.86608247932331
"tu","Danube_Upper","Upper Danube","bonobo","EUS_110",0.270843120591971,0.311777535340453,278,0.849945922406362,236.284966428969,0.865844068978782
"tu","Danube_Upper","Upper Danube","bonobo","EUS_170",0.256776143864403,0.272625432472837,278,0.834858040526447,232.090535266352,0.837793846962846
"tu","Danube_Upper","Upper Danube","bonobo","EUS_171",0.293046018933379,0.265144740400213,278,0.856576196945049,238.128182750724,0.860210592282248
"tu","Danube_Upper","Upper Danube","bonobo","EUS_172",0.282852147431987,0.269620039355571,278,0.852026662601964,236.863412203346,0.855710095775305
"tu","Danube_Upper","Upper Danube","bonobo","EUS_181",0.372728688464338,0.333596394107062,278,0.913360315863665,253.914167810099,0.914835736693188
"tu","Danube_Upper","Upper Danube","bonobo","EUS_182",0.247998275324934,0.277489664942779,278,0.82404819388849,229.085397901,0.824190754900658
"tu","Danube_Upper","Upper Danube","bonobo","EUS_183",0.388131569035833,0.368980261396784,278,0.925215826580429,257.209999789359,0.926181444656094
"tu","Danube_Upper","Upper Danube","bonobo","EUS_301",0.27251292347619,0.270435774985277,278,0.859536543703598,238.9511591496,0.865619175431304
"tu","Danube_Upper","Upper Danube","bonobo","EUS_302",0.272952151679242,0.274986668200123,278,0.860016918340516,239.084703298663,0.86609238996639
"tu","Danube_Upper","Upper Danube","bonobo","EUS_303",0.26856745123373,0.277570804229197,278,0.861224571874054,239.420430980987,0.86708961320204
"tu","Danube_Upper","Upper Danube","bonobo","EUS_304",0.260800712277977,0.280771499797046,278,0.861540395232242,239.508229874563,0.867042056546313
"tu","Danube_Upper","Upper Danube","bonobo","EUS_305",0.285479972702429,0.276162902830573,278,0.859899032439694,239.051931018235,0.867096087611075
"tu","Danube_Upper","Upper Danube","bonobo","EUS_306",0.274720274735178,0.27937853581114,278,0.859667097309816,238.987453052129,0.86543528043435
"tu","Danube_Upper","Upper Danube","bonobo","EUS_307",0.274133896728938,0.280603750845467,278,0.86073656519598,239.284765124482,0.867719383925364
"tu","Danube_Upper","Upper Danube","bonobo","EUS_308",0.276152198880923,0.278885291817685,278,0.862967068465043,239.904845033282,0.868834567445224
"tu","Danube_Upper","Upper Danube","bonobo","EUS_309",0.270417571139572,0.281125590713794,278,0.858308198263232,238.609679117178,0.863086127976962
"tu","Danube_Upper","Upper Danube","bonobo","EUS_310",0.27242011357271,0.280323211349609,278,0.861306014879679,239.443072136551,0.866670598585685
"tu","Danube_Upper","Upper Danube","bonobo","EUS_311",0.255716537800344,0.284007890519916,278,0.860891280088946,239.327775864727,0.866301421741548
"tu","Danube_Upper","Upper Danube","bonobo","EUS_312",0.26022398363995,0.286869804090054,278,0.858104081431127,238.552934637853,0.863912910485505
"tu","Danube_Upper","Upper Danube","bonobo","EUS_376",0.265058033628446,0.308545740439229,278,0.871132821586883,242.174924401154,0.876013655999509
"tu","Danube_Upper","Upper Danube","bonobo","EUS_377",0.259842861211113,0.311675828120427,278,0.871104788297332,242.167131146658,0.875755988865827
"tu","Danube_Upper","Upper Danube","bonobo","EUS_378",0.289836788518152,0.279713616220929,278,0.868679044090289,241.4927742571,0.872734589636598
"tu","Danube_Upper","Upper Danube","bonobo","EUS_379",0.254309204955799,0.284814651617107,278,0.842175677644788,234.124838385251,0.852939615988681
"tu","Danube_Upper","Upper Danube","bonobo","EUS_380",0.256710959539947,0.311773717691005,278,0.860645969572246,239.259579541084,0.866121066421654
"tu","Danube_Middle","Middle Danube","lioness","EUS_001",-0.184000175350333,1.91733565309861,235,0.71395294395351,264.341047094929,0.71770605546448
"tu","Danube_Middle","Middle Danube","lioness","EUS_002",0.0796999144517403,0.855451987179741,235,0.648011706186249,199.544575913743,0.617913800324166
"tu","Danube_Middle","Middle Danube","lioness","EUS_003",1.67380901373941,4.3246377833799,235,2.1518199318922,580.230135513947,1.86625716708715
"tu","Danube_Middle","Middle Danube","lioness","EUS_004",-0.0086313137062519,1.09347846245165,235,0.616704787638082,214.767176927881,0.614420556969219
"tu","Danube_Middle","Middle Danube","lioness","EUS_005",-0.0311440367827017,1.09076903481527,235,0.634532289428742,207.433569145796,0.669291172239514
"tu","Danube_Middle","Middle Danube","lioness","EUS_006",0.170997763454083,0.661581638948827,235,0.654789635084725,211.909744165869,0.649097556608153
"tu","Danube_Middle","Middle Danube","lioness","EUS_007",0.331261730557909,0.499285859259377,235,0.821496830410266,218.960282827007,0.795935731950176
"tu","Danube_Middle","Middle Danube","lioness","EUS_008",0.355716454035352,0.439183772548577,235,0.777601113365819,203.067170443531,0.76596791123782
"tu","Danube_Middle","Middle Danube","lioness","EUS_009",0.204130220711706,0.775654322228922,235,0.754176368086339,222.155461898072,0.719895841167303
"tu","Danube_Middle","Middle Danube","lioness","EUS_010",0.45917454963031,0.53448029387067,235,0.920187080829911,226.124140554466,0.927041466015344
"tu","Danube_Middle","Middle Danube","lioness","EUS_011",0.415775597216164,0.522878093333869,235,0.862041899520371,221.540571215209,0.855860078097643
"tu","Danube_Middle","Middle Danube","lioness","EUS_012",0.294583996926335,0.818792098218207,235,0.759436640293112,206.330138112968,0.746771549201406
"tu","Danube_Middle","Middle Danube","lioness","EUS_013",0.430307608343245,0.535081764543718,235,0.879530599747947,226.319776651134,0.875878522528179
"tu","Danube_Middle","Middle Danube","lioness","EUS_164",0.0578168234207849,2.18555853946641,235,0.527399703334774,239.170107219167,0.549572203305063
"tu","Danube_Middle","Middle Danube","lioness","EUS_165",0.221764609304567,0.775666449691734,235,0.750085448477794,214.925724496186,0.722309618643984
"tu","Danube_Middle","Middle Danube","lioness","EUS_166",0.244637222893683,0.554744028119864,235,0.715268800628683,195.374476341815,0.69419818260089
"tu","Danube_Middle","Middle Danube","lioness","EUS_167",0.13683920770901,0.544500729383111,235,0.571211506478398,176.217060996571,0.565068858721524
"tu","Danube_Middle","Middle Danube","lioness","EUS_168",0.112383417812048,0.539653695490093,235,0.594620277790988,179.286434351213,0.595623887094189
"tu","Danube_Middle","Middle Danube","lioness","EUS_169",0.177524304290498,0.663957193514402,235,0.587464972471953,199.445264770818,0.55387462769794
"tu","Danube_Middle","Middle Danube","lioness","EUS_176",-0.0453920089224263,1.95981007046373,235,0.420369712409943,286.975000675127,0.704832128295284
"tu","Danube_Middle","Middle Danube","lioness","EUS_177",0.701726287553244,2.68765742183139,235,1.40261014482751,415.110352721058,1.25646223067334
"tu","Danube_Middle","Middle Danube","lioness","EUS_178",0.0902225173627453,0.72783469362962,235,0.624950007624749,184.573197356562,0.606594231150904
"tu","Danube_Middle","Middle Danube","lioness","EUS_179",0.0344455775855156,0.841398078634493,235,0.606040278425095,183.256721922375,0.613296421934729
"tu","Danube_Middle","Middle Danube","lioness","EUS_180",0.0574509942521227,1.02812729014738,235,0.673442204475729,196.843610936059,0.657264750198455
"tu","Danube_Middle","Middle Danube","lioness","EUS_313",0.450268130536701,2.28076708479935,235,0.823954108739377,286.516474584144,0.895086823724343
"tu","Danube_Middle","Middle Danube","lioness","EUS_314",0.0520925968623445,0.768286039000867,235,0.672962720934381,193.453485025678,0.664908030210436
"tu","Danube_Middle","Middle Danube","lioness","EUS_315",0.100294208137989,0.658805916244096,235,0.574760098690285,184.511488158977,0.583657244362735
"tu","Danube_Middle","Middle Danube","lioness","EUS_316",0.0776812255993307,0.771283443678722,235,0.675872981395978,188.76380482891,0.684590195175634
"tu","Danube_Middle","Middle Danube","lioness","EUS_317",0.118441242203027,0.94849040521892,235,0.792815647112534,222.602359912616,0.803933493876552
"tu","Danube_Middle","Middle Danube","lioness","EUS_318",0.0824973516194625,0.69387673310498,235,0.716498895448991,208.051532572909,0.720245685926191
"tu","Danube_Middle","Middle Danube","lioness","EUS_319",0.0781661164684027,0.563831644482226,235,0.745111069422712,200.175259649798,0.734076834267354
"tu","Danube_Middle","Middle Danube","lioness","EUS_320",0.061130994528678,0.684548312053277,235,0.684107014446705,200.236241717704,0.656330041531826
"tu","Danube_Middle","Middle Danube","lioness","EUS_321",0.155102369294492,1.35967136522447,235,0.714044027232141,239.354343025685,0.777428776184366
"tu","Danube_Middle","Middle Danube","lioness","EUS_322",0.080590384259855,0.651664772348875,235,0.780505677554916,212.033262888358,0.766722847411209
"tu","Danube_Middle","Middle Danube","lioness","EUS_323",0.084682451758833,0.630623586759464,235,0.736182317514538,199.410554753675,0.713466043961098
"tu","Danube_Middle","Middle Danube","lioness","EUS_324",0.103359922662026,0.547985400266145,235,0.755473995966093,202.21484927796,0.740674967926941
"tu","Danube_Middle","Middle Danube","lioness","EUS_325",0.100072966965847,0.503543687069485,235,0.751466076613026,196.191027219395,0.752367138852013
"tu","Danube_Middle","Middle Danube","lioness","EUS_326",0.108323195336731,0.535278840664202,235,0.753323580409425,196.763769781957,0.749645173205134
"tu","Danube_Middle","Middle Danube","lioness","EUS_327",0.110964594079798,0.470762281638542,235,0.760425562655246,199.124148478325,0.74994362504732
"tu","Danube_Middle","Middle Danube","lioness","EUS_328",0.100552003881961,0.522531911836443,235,0.730931510036231,195.343021939982,0.725295956974205
"tu","Danube_Middle","Middle Danube","lioness","EUS_329",0.106561691910236,0.546906354817912,235,0.711033749917877,194.823866624866,0.70488278663651
"tu","Danube_Middle","Middle Danube","lioness","EUS_330",0.133772307735344,0.490782426938406,235,0.612763961014642,180.57912050972,0.602426953342984
"tu","Danube_Middle","Middle Danube","lioness","EUS_332",0.0151052094126937,0.957220362470573,235,0.609619636456629,218.9573569295,0.576118145153599
"tu","Danube_Middle","Middle Danube","lioness","EUS_334",0.0377771645018435,0.82619349315857,235,0.526572078489822,176.533463419943,0.515849216272288
"tu","Danube_Middle","Middle Danube","bonobo","EUS_001",0.146054689651381,0.322805408877332,235,0.732443045290642,187.257552179202,0.726401849978228
"tu","Danube_Middle","Middle Danube","bonobo","EUS_002",0.169618684420154,0.28753778580918,235,0.722127778858477,183.775252826459,0.713141233139071
"tu","Danube_Middle","Middle Danube","bonobo","EUS_003",0.244492587877658,0.402455283179514,235,0.783512547990526,198.482066647252,0.770829705084157
"tu","Danube_Middle","Middle Danube","bonobo","EUS_004",0.153035638796818,0.302332943649841,235,0.71470364681991,183.199067763205,0.711303952010207
"tu","Danube_Middle","Middle Danube","bonobo","EUS_005",0.152894909470903,0.302474936784532,235,0.716887829097259,183.642339969771,0.717269255162576
"tu","Danube_Middle","Middle Danube","bonobo","EUS_006",0.18215757419564,0.281500838151755,235,0.725075876229223,185.677394266315,0.718438746434878
"tu","Danube_Middle","Middle Danube","bonobo","EUS_007",0.20486458275913,0.282268775906894,235,0.746729393338952,190.716196109147,0.738085257695517
"tu","Danube_Middle","Middle Danube","bonobo","EUS_008",0.207915794096084,0.279027477724862,235,0.740436602720313,189.230183738989,0.733915503522939
"tu","Danube_Middle","Middle Danube","bonobo","EUS_009",0.188289812507342,0.287088560693438,235,0.739799724939741,189.074449158413,0.730413684281824
"tu","Danube_Middle","Middle Danube","bonobo","EUS_010",0.223714686575745,0.278960650576127,235,0.760058771870137,190.054119570903,0.755874135280036
"tu","Danube_Middle","Middle Danube","bonobo","EUS_011",0.217966168441348,0.278910794083693,235,0.754929977727129,191.340774757995,0.749589471191189
"tu","Danube_Middle","Middle Danube","bonobo","EUS_012",0.204995710075493,0.282280186569269,235,0.737925358352066,188.390007739401,0.731218407572207
"tu","Danube_Middle","Middle Danube","bonobo","EUS_013",0.219812442178117,0.27895147360776,235,0.754633352110378,191.544355583663,0.749082712560496
"tu","Danube_Middle","Middle Danube","bonobo","EUS_164",0.16724082981878,0.299894049624343,235,0.708876299577059,180.880507327808,0.706735264907364
"tu","Danube_Middle","Middle Danube","bonobo","EUS_165",0.192621948489163,0.286150989505075,235,0.739774541909101,188.358753048194,0.73166997564359
"tu","Danube_Middle","Middle Danube","bonobo","EUS_166",0.192724481115439,0.277749331566055,235,0.732362579920333,187.19209465474,0.724656710226342
"tu","Danube_Middle","Middle Danube","bonobo","EUS_167",0.174065874227926,0.272974766899853,235,0.707791701807973,180.974830690486,0.701760053319888
"tu","Danube_Middle","Middle Danube","bonobo","EUS_168",0.169894614088712,0.277548048581711,235,0.711962397698433,182.40766183661,0.707301477071036
"tu","Danube_Middle","Middle Danube","bonobo","EUS_169",0.182486576124408,0.280983424891597,235,0.716388165867336,183.425563884585,0.707446967623142
"tu","Danube_Middle","Middle Danube","bonobo","EUS_176",0.148801527100991,0.312444585389225,235,0.693321952633121,177.89259609364,0.711612301470017
"tu","Danube_Middle","Middle Danube","bonobo","EUS_177",0.208639025528045,0.351824286491402,235,0.764565281945734,192.195443372066,0.749426346752645
"tu","Danube_Middle","Middle Danube","bonobo","EUS_178",0.165088763715669,0.279066361271112,235,0.716125908215226,182.679315519006,0.708299849954843
"tu","Danube_Middle","Middle Danube","bonobo","EUS_179",0.161203333538065,0.285949993942859,235,0.714950504917762,183.088403957543,0.711788240729696
"tu","Danube_Middle","Middle Danube","bonobo","EUS_180",0.167518565930585,0.293166986069366,235,0.718902095621949,184.043713730176,0.710504925724362
"tu","Danube_Middle","Middle Danube","bonobo","EUS_313",0.187086322248884,0.337265627102544,235,0.747396016639549,189.757072960722,0.74638650312997
"tu","Danube_Middle","Middle Danube","bonobo","EUS_314",0.162331451833372,0.287988106697475,235,0.723712941484065,184.19686804016,0.717154035572726
"tu","Danube_Middle","Middle Danube","bonobo","EUS_315",0.168557274071972,0.286071427931544,235,0.708036406133112,181.621737171894,0.704478976231357
"tu","Danube_Middle","Middle Danube","bonobo","EUS_316",0.163686558336165,0.291861695095592,235,0.724450053905929,185.436582420046,0.72114544752718
"tu","Danube_Middle","Middle Danube","bonobo","EUS_317",0.166177006776687,0.309186422104289,235,0.742976502339821,189.816452585016,0.738984463154193
"tu","Danube_Middle","Middle Danube","bonobo","EUS_318",0.16342770652998,0.295283077018505,235,0.73289346409816,187.493649060656,0.728077433702346
"tu","Danube_Middle","Middle Danube","bonobo","EUS_319",0.162127414393893,0.290368000666812,235,0.735395874103617,188.072153024609,0.728743087455449
"tu","Danube_Middle","Middle Danube","bonobo","EUS_320",0.160753619539849,0.293535456429523,235,0.733158954170304,187.346123193107,0.725012231875255
"tu","Danube_Middle","Middle Danube","bonobo","EUS_321",0.168248601324861,0.320688400685441,235,0.734502473764458,187.895394108394,0.734969030047724
"tu","Danube_Middle","Middle Danube","bonobo","EUS_322",0.162503696785105,0.299606454170223,235,0.742476883853173,189.746831761944,0.735319120138129
"tu","Danube_Middle","Middle Danube","bonobo","EUS_323",0.164755465434382,0.2867239425722,235,0.734553610692226,187.856667171088,0.726231898029819
"tu","Danube_Middle","Middle Danube","bonobo","EUS_324",0.165483982347389,0.293482739861936,235,0.737734515481056,188.620846517285,0.730498815660123
"tu","Danube_Middle","Middle Danube","bonobo","EUS_325",0.165026705046724,0.29027836673105,235,0.736391399393458,188.330734100681,0.731610957611846
"tu","Danube_Middle","Middle Danube","bonobo","EUS_326",0.166588065419067,0.292374521535599,235,0.736735954056634,188.357523148778,0.731219226475851
"tu","Danube_Middle","Middle Danube","bonobo","EUS_327",0.166903705330905,0.290389363204552,235,0.737957591417944,188.670679357742,0.731317192616553
"tu","Danube_Middle","Middle Danube","bonobo","EUS_328",0.165646091974464,0.288047662705744,235,0.733351939995288,187.573467397549,0.727619483763864
"tu","Danube_Middle","Middle Danube","bonobo","EUS_329",0.16661568580869,0.291419478955113,235,0.730126379320853,186.812311124778,0.724276259989334
"tu","Danube_Middle","Middle Danube","bonobo","EUS_330",0.172249527572052,0.278446646421433,235,0.713756610625281,182.319112073333,0.707227223111866
"tu","Danube_Middle","Middle Danube","bonobo","EUS_332",0.158708005832505,0.293826135559065,235,0.72071121599344,183.956225680873,0.711857416603611
"tu","Danube_Middle","Middle Danube","bonobo","EUS_334",0.161647530565446,0.280073999033744,235,0.701772611051458,178.825405499268,0.695437378266984
"tu","Danube_Lower","Lower Danube","lioness","EUS_158",0.0259236828488606,1.17264593108576,440,0.627606615745066,360.829138133947,0.676825502348075
"tu","Danube_Lower","Lower Danube","lioness","EUS_159",0.0502349599883386,0.959455000686888,440,0.647048293121452,345.416534009056,0.710396156676401
"tu","Danube_Lower","Lower Danube","lioness","EUS_160",0.0819364873890595,1.21429228305848,440,0.615314500548114,408.666905658442,0.631776448700264
"tu","Danube_Lower","Lower Danube","lioness","EUS_161",0.0435941802494783,1.41702730767147,440,0.482905528301221,422.818411396141,0.653104640198363
"tu","Danube_Lower","Lower Danube","lioness","EUS_162",0.253506924525069,0.806293366854664,440,0.641644701702687,330.675060726737,0.647796080722059
"tu","Danube_Lower","Lower Danube","lioness","EUS_163",0.205531038708063,0.620567890992872,440,0.68561662103963,346.28583809925,0.683217429693725
"tu","Danube_Lower","Lower Danube","lioness","EUS_173",2.20017312227813,3.70793230126501,440,1.47937358678589,775.279902634185,1.4697308182504
"tu","Danube_Lower","Lower Danube","lioness","EUS_174",0.0520384074735858,1.80717429954091,440,0.58067736366987,429.108513180253,0.686377356730617
"tu","Danube_Lower","Lower Danube","lioness","EUS_175",0.100974894083404,0.690570766821645,440,0.553473038223956,317.112314423315,0.562394740992777
"tu","Danube_Lower","Lower Danube","lioness","EUS_331",0.186867908468331,0.555712509996655,440,0.698552740195987,366.733259151602,0.676397884866288
"tu","Danube_Lower","Lower Danube","lioness","EUS_333",0.0565025166062071,0.924900518375216,440,0.64435703055328,357.712634142649,0.639004043037456
"tu","Danube_Lower","Lower Danube","lioness","EUS_335",0.154403663285764,0.61264782605678,440,0.722544239948957,357.324015199079,0.73632372578322
"tu","Danube_Lower","Lower Danube","lioness","EUS_336",0.175561629162963,0.557420134175143,440,0.747318187397279,359.244729329942,0.761114145182723
"tu","Danube_Lower","Lower Danube","lioness","EUS_337",0.136262203925722,0.578261284541107,440,0.757969682077871,362.475552428124,0.775326327992484
"tu","Danube_Lower","Lower Danube","lioness","EUS_338",0.153107130447228,0.508379138802797,440,0.608874191793074,325.099368558104,0.637075457960127
"tu","Danube_Lower","Lower Danube","lioness","EUS_339",0.121933820544566,0.714915533232427,440,0.599247408088773,321.104805167054,0.620767035880536
"tu","Danube_Lower","Lower Danube","lioness","EUS_340",0.178689452890183,0.467061041017532,440,0.759728901274906,362.328067614094,0.776185839069159
"tu","Danube_Lower","Lower Danube","lioness","EUS_341",0.19137004336694,0.527451534153524,440,0.759733855792442,366.958908337613,0.773886005192843
"tu","Danube_Lower","Lower Danube","lioness","EUS_342",0.211681213799629,0.538691796081128,440,0.60792628402664,312.489506762867,0.629165471659262
"tu","Danube_Lower","Lower Danube","lioness","EUS_343",0.184873094135453,0.490099775915782,440,0.765031590210129,373.854886531353,0.777202444403514
"tu","Danube_Lower","Lower Danube","lioness","EUS_344",0.0745750294587185,0.666068042647505,440,0.534081319571297,315.999490775276,0.534615639059749
"tu","Danube_Lower","Lower Danube","lioness","EUS_345",0.182154520114043,0.528410631372454,440,0.669576802628793,348.269345015333,0.666054201125732
"tu","Danube_Lower","Lower Danube","lioness","EUS_346",0.12806984137241,1.21955721920084,440,0.581103949215964,337.179623964763,0.585063021928598
"tu","Danube_Lower","Lower Danube","lioness","EUS_347",0.120950018019082,0.692606159484279,440,0.790212952994034,376.503932120288,0.804302589513382
"tu","Danube_Lower","Lower Danube","lioness","EUS_348",0.138536216668899,0.608143711135648,440,0.745614541029918,381.039215506056,0.737497785613085
"tu","Danube_Lower","Lower Danube","lioness","EUS_349",-0.00132253858111337,1.25878631123566,440,0.762119693376575,408.191983322684,0.755011258075307
"tu","Danube_Lower","Lower Danube","lioness","EUS_350",0.106403072475525,0.78659992672426,440,0.798065402746349,378.041028581523,0.812395258644393
"tu","Danube_Lower","Lower Danube","lioness","EUS_351",0.149864199394178,0.597456949232327,440,0.791733392956381,378.647883445878,0.796315897154119
"tu","Danube_Lower","Lower Danube","lioness","EUS_352",0.0359196802853217,0.953039160825784,440,0.606578530621984,341.106244628918,0.658015969010657
"tu","Danube_Lower","Lower Danube","lioness","EUS_353",0.153973645933849,0.768657478755812,440,0.624398543221783,355.023735636957,0.708969435462367
"tu","Danube_Lower","Lower Danube","lioness","EUS_354",0.266510756479063,0.631072313424704,440,0.696852844776431,353.002827378965,0.713025011476948
"tu","Danube_Lower","Lower Danube","lioness","EUS_355",0.147546594554455,1.4441365520187,440,0.940184077913298,479.328181905978,0.947278103014717
"tu","Danube_Lower","Lower Danube","lioness","EUS_356",0.10415172573563,0.584595445506058,440,0.544777786277875,331.808904307472,0.610979477575418
"tu","Danube_Lower","Lower Danube","lioness","EUS_357",0.246331740493117,0.4251335501008,440,0.709072887381,342.800989920217,0.721640056275655
"tu","Danube_Lower","Lower Danube","lioness","EUS_358",0.348168751006185,0.414713073512307,440,0.725565743795199,349.486615302167,0.724416544349617
"tu","Danube_Lower","Lower Danube","lioness","EUS_359",0.128738105944477,0.625333584430564,440,0.612632007524938,327.472834946067,0.638617564560831
"tu","Danube_Lower","Lower Danube","lioness","EUS_360",0.245248934328976,1.43577785528918,440,1.18883133880602,555.978227588987,1.13000824521883
"tu","Danube_Lower","Lower Danube","lioness","EUS_361",0.0649779638542698,0.733774989968152,440,0.897639128346641,453.687097292355,0.832917501987022
"tu","Danube_Lower","Lower Danube","lioness","EUS_362",0.0735499530517415,0.77430876502345,440,0.932782662993009,469.217174073146,0.855970248246588
"tu","Danube_Lower","Lower Danube","lioness","EUS_363",0.367947259234295,0.771394594144436,440,0.648930593256834,409.899209020228,0.820729525655168
"tu","Danube_Lower","Lower Danube","lioness","EUS_364",0.439606004296454,1.96921078929738,440,1.5491120800179,721.844242002869,1.42956870368402
"tu","Danube_Lower","Lower Danube","lioness","EUS_365",0.097590493094238,0.88566573216413,440,0.981533840436161,483.863568582956,0.92343327219782
"tu","Danube_Lower","Lower Danube","lioness","EUS_366",0.129799960411391,1.01481104878058,440,0.983430694666197,490.207873026944,0.89569571622352
"tu","Danube_Lower","Lower Danube","lioness","EUS_367",0.384074555669643,2.62740745072689,440,1.25678489372089,652.262010988359,1.20817457299254
"tu","Danube_Lower","Lower Danube","lioness","EUS_368",0.00217314277368548,0.945324448868026,440,0.537721159986801,337.837475046107,0.561115550325105
"tu","Danube_Lower","Lower Danube","lioness","EUS_369",0.266775404178758,0.730117841296436,440,0.652887222065302,370.716599159346,0.731771084136768
"tu","Danube_Lower","Lower Danube","lioness","EUS_370",0.152932472440703,0.481819097644678,440,0.646420413277971,316.029665630683,0.673152078290883
"tu","Danube_Lower","Lower Danube","lioness","EUS_371",0.154712866031819,0.623058392802662,440,0.624923857185246,339.08617317057,0.638469588217575
"tu","Danube_Lower","Lower Danube","bonobo","EUS_158",0.174242015801111,0.314789575565795,440,0.719900985222624,337.825865091479,0.734683384044437
"tu","Danube_Lower","Lower Danube","bonobo","EUS_159",0.177199031468546,0.308903539973768,440,0.720812363617123,338.210658765604,0.736113634244874
"tu","Danube_Lower","Lower Danube","bonobo","EUS_160",0.175037575656233,0.310051695485312,440,0.723382430280683,339.203206608893,0.734881095602287
"tu","Danube_Lower","Lower Danube","bonobo","EUS_161",0.173684110606547,0.314783405579554,440,0.711009212675857,335.539430625453,0.733711837072045
"tu","Danube_Lower","Lower Danube","bonobo","EUS_162",0.198675324888872,0.295538781487033,440,0.729775460878609,343.242357972424,0.741719258575919
"tu","Danube_Lower","Lower Danube","bonobo","EUS_163",0.195627231657342,0.301103496241702,440,0.735364442307054,345.80894208232,0.746183514539647
"tu","Danube_Lower","Lower Danube","bonobo","EUS_173",0.309683104097724,0.35907147288336,440,0.772018171016797,358.286229762169,0.785125766067778
"tu","Danube_Lower","Lower Danube","bonobo","EUS_174",0.174196782230285,0.338929910984506,440,0.71622220513287,336.736752363012,0.745370025892631
"tu","Danube_Lower","Lower Danube","bonobo","EUS_175",0.180718988511156,0.300118784712855,440,0.717738186297871,338.135641873222,0.730952894690318
"tu","Danube_Lower","Lower Danube","bonobo","EUS_331",0.191146317508928,0.308693764922023,440,0.73817647824437,347.265658956152,0.746554154899684
"tu","Danube_Lower","Lower Danube","bonobo","EUS_333",0.175993027311403,0.31272518392491,440,0.731150583020547,344.486503843704,0.742499177759675
"tu","Danube_Lower","Lower Danube","bonobo","EUS_335",0.186504644355178,0.313564471606216,440,0.739649824840955,348.250150336308,0.752505390641599
"tu","Danube_Lower","Lower Danube","bonobo","EUS_336",0.189588509622909,0.311557365486684,440,0.743654635377725,350.057373074266,0.756780992553741
"tu","Danube_Lower","Lower Danube","bonobo","EUS_337",0.183600095626243,0.318266916718328,440,0.744807093000183,350.586822820018,0.758130062504359
"tu","Danube_Lower","Lower Danube","bonobo","EUS_338",0.186331972837807,0.298286675970286,440,0.724477888182929,341.675074461641,0.739833798187678
"tu","Danube_Lower","Lower Danube","bonobo","EUS_339",0.182688642876449,0.303788712367613,440,0.722571306936535,340.933300811578,0.737051846662535
"tu","Danube_Lower","Lower Danube","bonobo","EUS_340",0.189221950015136,0.313931394704534,440,0.744923863486176,350.744414004533,0.758051289200995
"tu","Danube_Lower","Lower Danube","bonobo","EUS_341",0.191811569012821,0.313647845640514,440,0.745138967122886,350.757569773986,0.757954596356083
"tu","Danube_Lower","Lower Danube","bonobo","EUS_342",0.194642033733049,0.296613804083088,440,0.722965939884931,340.916869184838,0.736937967563332
"tu","Danube_Lower","Lower Danube","bonobo","EUS_343",0.190384686159729,0.314334338392794,440,0.746204692648561,351.309583330141,0.758673665940642
"tu","Danube_Lower","Lower Danube","bonobo","EUS_344",0.176335018825803,0.298248736746596,440,0.714860197493933,337.05909603999,0.726170298780677
"tu","Danube_Lower","Lower Danube","bonobo","EUS_345",0.190420370139195,0.310105482707086,440,0.733287934212928,345.567328875441,0.744214355199704
"tu","Danube_Lower","Lower Danube","bonobo","EUS_346",0.179129632467059,0.313265058079897,440,0.71931475292658,339.388874471413,0.731130975162449
"tu","Danube_Lower","Lower Danube","bonobo","EUS_347",0.183832364735505,0.319045962679943,440,0.749294104022126,352.615684746361,0.762023992510188
"tu","Danube_Lower","Lower Danube","bonobo","EUS_348",0.185254156297288,0.316392920979956,440,0.743697173119681,350.146758458883,0.753557171859944
"tu","Danube_Lower","Lower Danube","bonobo","EUS_349",0.174153486290765,0.336609863822818,440,0.748944239695667,351.87858824322,0.759758831887458
"tu","Danube_Lower","Lower Danube","bonobo","EUS_350",0.182478523223424,0.326417233639118,440,0.750016726226327,352.799669832046,0.762702236163334
"tu","Danube_Lower","Lower Danube","bonobo","EUS_351",0.186322500855233,0.319922006468634,440,0.749274052571864,352.501039524325,0.760594583645723
"tu","Danube_Lower","Lower Danube","bonobo","EUS_352",0.175985148390386,0.303651689666088,440,0.72430133012472,341.939822836207,0.741963132702048
"tu","Danube_Lower","Lower Danube","bonobo","EUS_353",0.188307406923402,0.302456723682625,440,0.729105568298804,343.610173580711,0.749568242313889
"tu","Danube_Lower","Lower Danube","bonobo","EUS_354",0.202759660228926,0.299584712246262,440,0.739777991060324,348.543640770278,0.7515293273814
"tu","Danube_Lower","Lower Danube","bonobo","EUS_355",0.183306030180497,0.33952724515095,440,0.765540099834918,360.156651395834,0.77656177063506
"tu","Danube_Lower","Lower Danube","bonobo","EUS_356",0.179728035170282,0.299365488712178,440,0.717884273741217,337.452192042233,0.736462935996243
"tu","Danube_Lower","Lower Danube","bonobo","EUS_357",0.19866539516152,0.296564829081001,440,0.737899676406626,347.291081511528,0.750532972780393
"tu","Danube_Lower","Lower Danube","bonobo","EUS_358",0.21296333486989,0.292877825130474,440,0.739982919533879,348.040482063055,0.750576176886171
"tu","Danube_Lower","Lower Danube","bonobo","EUS_359",0.180367680360324,0.302693052094271,440,0.724146542621595,341.564897132259,0.738807835223401
"tu","Danube_Lower","Lower Danube","bonobo","EUS_360",0.190631257456788,0.352653329633807,440,0.786961420447275,368.638029358729,0.792271947322266
"tu","Danube_Lower","Lower Danube","bonobo","EUS_361",0.173344319428286,0.325677730837409,440,0.760719462257241,357.967552050951,0.764162358290502
"tu","Danube_Lower","Lower Danube","bonobo","EUS_362",0.174238918477812,0.32790980665597,440,0.76417421691694,358.558272008073,0.766405362845348
"tu","Danube_Lower","Lower Danube","bonobo","EUS_363",0.217532424145278,0.296678372637465,440,0.744548417888408,347.219142810956,0.76062616934992
"tu","Danube_Lower","Lower Danube","bonobo","EUS_364",0.201741868201904,0.383424729509611,440,0.803927511316647,376.868802514501,0.806794006102323
"tu","Danube_Lower","Lower Danube","bonobo","EUS_365",0.177327351974171,0.334086607620308,440,0.769683317190006,361.926852727854,0.774721752428884
"tu","Danube_Lower","Lower Danube","bonobo","EUS_366",0.180805308234693,0.346863557471354,440,0.768504831749818,361.355674118689,0.771151057232228
"tu","Danube_Lower","Lower Danube","bonobo","EUS_367",0.195841579316722,0.377078612274667,440,0.783553401301946,367.682168208294,0.788450610955431
"tu","Danube_Lower","Lower Danube","bonobo","EUS_368",0.170544834149637,0.306177493416076,440,0.715575435080958,338.146221460601,0.730864915880014
"tu","Danube_Lower","Lower Danube","bonobo","EUS_369",0.203485977883434,0.300307719474862,440,0.736147119398835,347.024145349517,0.755758642230441
"tu","Danube_Lower","Lower Danube","bonobo","EUS_370",0.185126730342941,0.299882255040183,440,0.728181557032072,343.357255413647,0.742963001191925
"tu","Danube_Lower","Lower Danube","bonobo","EUS_371",0.188069782307654,0.297811593603622,440,0.727458827452122,343.08450040185,0.741011530186607
"tu","Rhine_Lower","Lower Rhine","lioness","EUS_084",0.0834878993398438,1.17992517398587,573,0.361391717938835,554.76848491797,0.327446845528451
"tu","Rhine_Lower","Lower Rhine","lioness","EUS_111",0.049444689615997,0.952440814157174,573,0.827739815689216,622.412981591629,0.741195807683404
"tu","Rhine_Lower","Lower Rhine","lioness","EUS_112",0.309223682657617,1.8904304414963,573,1.41532575131339,878.195192171761,1.29704463647744
"tu","Rhine_Lower","Lower Rhine","lioness","EUS_113",0.0069712591971122,0.759748434677432,573,0.861656049173829,609.068167021995,0.784160709012611
"tu","Rhine_Lower","Lower Rhine","lioness","EUS_114",0.202667623141893,1.87758321789033,573,1.47966332222689,865.293490090713,1.37652236402774
"tu","Rhine_Lower","Lower Rhine","lioness","EUS_115",0.131491455589242,1.58072056992803,573,1.21040598843354,739.909997172178,1.12219435331519
"tu","Rhine_Lower","Lower Rhine","lioness","EUS_116",-0.0340826842565067,0.988719096724174,573,0.819338736063549,642.707846136568,0.750827162928713
"tu","Rhine_Lower","Lower Rhine","lioness","EUS_218",0.112643744266305,0.831228311861788,573,0.728118026130097,486.585123813318,0.737402490406044
"tu","Rhine_Lower","Lower Rhine","lioness","EUS_221",0.684521219069149,3.18522524531335,573,1.40876651679683,1024.15938717207,1.38103796168282
"tu","Rhine_Lower","Lower Rhine","lioness","EUS_238",0.467052794464997,1.88419347346187,573,0.89627885365011,727.387688957535,0.907571084781211
"tu","Rhine_Lower","Lower Rhine","lioness","EUS_239",0.685069060630023,2.20357677600382,573,1.14906363406193,797.675361685707,1.17305768805586
"tu","Rhine_Lower","Lower Rhine","lioness","EUS_258",0.352546420094761,0.289712510534721,573,0.828266849238847,497.013581074095,0.822138078786109
"tu","Rhine_Lower","Lower Rhine","lioness","EUS_259",0.348987275931041,0.286694520536209,573,0.852543237340274,497.233334284369,0.849437748285853
"tu","Rhine_Lower","Lower Rhine","lioness","EUS_260",0.288226903238222,0.38965799456249,573,0.780836370257265,468.573673430985,0.764541463105902
"tu","Rhine_Lower","Lower Rhine","lioness","EUS_261",0.0461769038961382,0.716338353259491,573,0.657402831957292,456.247723868039,0.87863243874457
"tu","Rhine_Lower","Lower Rhine","lioness","EUS_262",0.078318101879133,0.996223007693682,573,0.647991910160141,502.806227567832,0.599423369221253
"tu","Rhine_Lower","Lower Rhine","lioness","EUS_263",0.050705136261542,0.728881264918294,573,0.655370410449907,452.74100092958,0.859980491193757
"tu","Rhine_Lower","Lower Rhine","lioness","EUS_264",0.0407271371323629,0.717512171633116,573,0.640623893575417,468.273438674472,0.790234911937262
"tu","Rhine_Lower","Lower Rhine","lioness","EUS_265",0.252790798065106,0.488798659007352,573,0.843047259732659,493.016181899813,0.837280632956529
"tu","Rhine_Lower","Lower Rhine","lioness","EUS_266",0.247760863242572,0.502944483849324,573,0.845773607794986,492.206611294801,0.841124892365965
"tu","Rhine_Lower","Lower Rhine","lioness","EUS_375",0.0485095755392172,0.993494491782487,573,0.771304528806257,483.679286468905,0.784615540775146
"tu","Rhine_Lower","Lower Rhine","lioness","EUS_381",0.261559269759596,0.430279623815782,573,0.83655327524,492.666407100364,0.836202875103089
"tu","Rhine_Lower","Lower Rhine","lioness","EUS_382",0.0957465115822237,0.969763481130938,573,0.850820216809116,500.321721292619,0.852011936180078
"tu","Rhine_Lower","Lower Rhine","lioness","EUS_383",-0.00133193297094675,1.65657901899817,573,0.743177752689154,488.884652729597,0.768091592889162
"tu","Rhine_Lower","Lower Rhine","lioness","EUS_387",0.321435111567167,0.38176113863423,573,0.856364231800264,503.044630830757,0.854455947465002
"tu","Rhine_Lower","Lower Rhine","lioness","EUS_388",0.316667796376124,0.391996479305955,573,0.851525647730634,498.587603677348,0.848790714707175
"tu","Rhine_Lower","Lower Rhine","lioness","EUS_392",0.052736495050094,1.27714930483645,573,0.82019928407899,494.69297910719,0.817586425566835
"tu","Rhine_Lower","Lower Rhine","lioness","EUS_393",0.228324791564675,0.538505132261882,573,0.841522694187238,492.266620958414,0.836731108207182
"tu","Rhine_Lower","Lower Rhine","lioness","EUS_400",0.0590202470123901,1.25683785741056,573,0.498778515236184,489.33950883041,0.542977599663491
"tu","Rhine_Lower","Lower Rhine","lioness","EUS_401",0.142880619711126,0.656184986159344,573,0.842040206659951,500.52319815372,0.834913884595004
"tu","Rhine_Lower","Lower Rhine","lioness","EUS_402",0.0742555297677356,1.32247862845954,573,0.784523428701198,484.866999299743,0.774361580613647
"tu","Rhine_Lower","Lower Rhine","lioness","EUS_403",-0.00579620582529466,1.542510078511,573,0.831966571173353,504.776401080192,0.844056681234791
"tu","Rhine_Lower","Lower Rhine","lioness","EUS_404",0.283246862005433,0.33616492478599,573,0.815867184191632,476.378325415924,0.81681207381483
"tu","Rhine_Lower","Lower Rhine","lioness","EUS_405",0.285703192419598,0.460935656605141,573,0.863928151657924,502.402820288112,0.86477529527081
"tu","Rhine_Lower","Lower Rhine","lioness","EUS_406",-0.045644094971013,2.16808603687773,573,0.316795390850113,607.164161151232,0.336463620525094
"tu","Rhine_Lower","Lower Rhine","lioness","EUS_407",0.31707179450015,0.321744783858625,573,0.84065774292333,492.058493134008,0.844409878962462
"tu","Rhine_Lower","Lower Rhine","lioness","EUS_408",0.128590261155517,1.78714496567057,573,0.719602454123534,471.047184167206,0.788515586447696
"tu","Rhine_Lower","Lower Rhine","lioness","EUS_409",0.278932995091585,0.382008632733677,573,0.77528919878882,473.80513060746,0.785130036017869
"tu","Rhine_Lower","Lower Rhine","lioness","EUS_410",0.0478741432359207,1.50091881283675,573,0.68390508276157,477.931142903265,0.768599595046
"tu","Rhine_Lower","Lower Rhine","lioness","EUS_411",0.332403365462484,0.318206178728527,573,0.848007044101895,493.778478977572,0.854360873010608
"tu","Rhine_Lower","Lower Rhine","lioness","EUS_412",0.143736566723416,0.589408042759553,573,0.723717713626174,467.011255038555,0.728801742266565
"tu","Rhine_Lower","Lower Rhine","lioness","EUS_413",0.32746519883962,0.361981946156732,573,0.851060769307487,501.356805274221,0.851686059460816
"tu","Rhine_Lower","Lower Rhine","lioness","EUS_414",0.167953008407053,0.739649378509557,573,0.834200023625697,487.090708914451,0.840119460667887
"tu","Rhine_Lower","Lower Rhine","lioness","EUS_415",0.310422321010316,0.347332557132384,573,0.800210983158765,500.473226294741,0.822058553081685
"tu","Rhine_Lower","Lower Rhine","lioness","EUS_416",0.0517660499123919,1.26055704580176,573,0.335078725732329,640.931524680126,0.282191296517846
"tu","Rhine_Lower","Lower Rhine","lioness","EUS_417",0.341287163627135,0.314286167160044,573,0.864064569522378,502.32465285178,0.864961408214458
"tu","Rhine_Lower","Lower Rhine","lioness","EUS_418",0.0372110623291985,1.12087217396229,573,0.745892611647415,472.645197768428,0.729215956991583
"tu","Rhine_Lower","Lower Rhine","lioness","EUS_419",0.330619104874985,0.34458691433939,573,0.861455179325094,501.489566407688,0.861582642144043
"tu","Rhine_Lower","Lower Rhine","lioness","EUS_420",0.292990381869916,0.373589560742379,573,0.845901423732566,493.396475966161,0.848220389587616
"tu","Rhine_Lower","Lower Rhine","lioness","EUS_421",0.245948970946896,0.600135124724847,573,0.84374285254101,496.34829716253,0.838848076039681
"tu","Rhine_Lower","Lower Rhine","bonobo","EUS_084",0.180478027666005,0.286370863243306,573,0.763933177100145,444.485867452308,0.765155921161727
"tu","Rhine_Lower","Lower Rhine","bonobo","EUS_111",0.178319239380373,0.302081479757718,573,0.814018600370718,474.124565877675,0.808172075735727
"tu","Rhine_Lower","Lower Rhine","bonobo","EUS_112",0.195637193005161,0.339139884109258,573,0.860512636176247,500.435523772035,0.854568768474817
"tu","Rhine_Lower","Lower Rhine","bonobo","EUS_113",0.173927298424913,0.296532054447714,573,0.818465464831198,476.653508147307,0.813481501876544
"tu","Rhine_Lower","Lower Rhine","bonobo","EUS_114",0.186294809669766,0.340994428450388,573,0.866319458793126,504.001331392868,0.861251499976061
"tu","Rhine_Lower","Lower Rhine","bonobo","EUS_115",0.183804721497579,0.321372772426536,573,0.848222247103011,493.541271818837,0.843611059441498
"tu","Rhine_Lower","Lower Rhine","bonobo","EUS_116",0.170609356578977,0.297679342666243,573,0.813134400804139,472.913559054338,0.809624336272585
"tu","Rhine_Lower","Lower Rhine","bonobo","EUS_218",0.194650485462648,0.282402878299515,573,0.803933188210092,467.871266179087,0.806667970496755
"tu","Rhine_Lower","Lower Rhine","bonobo","EUS_221",0.213365863001381,0.357033341296742,573,0.842481673754412,488.194169405302,0.841077610718398
"tu","Rhine_Lower","Lower Rhine","bonobo","EUS_238",0.213646845310991,0.334332162286196,573,0.818333313304122,477.840870051484,0.820297459433541
"tu","Rhine_Lower","Lower Rhine","bonobo","EUS_239",0.229896994909797,0.345237788843401,573,0.838688976727985,489.434633114232,0.840212044092342
"tu","Rhine_Lower","Lower Rhine","bonobo","EUS_258",0.220343491928497,0.277188486934654,573,0.816103755500813,475.273598279665,0.818291691003854
"tu","Rhine_Lower","Lower Rhine","bonobo","EUS_259",0.21982331302956,0.279098603371955,573,0.819352108796488,477.112796465483,0.821920666113186
"tu","Rhine_Lower","Lower Rhine","bonobo","EUS_260",0.211834473028985,0.280303611270246,573,0.8091386780237,471.272832207936,0.809835641997456
"tu","Rhine_Lower","Lower Rhine","bonobo","EUS_261",0.178669716090662,0.28532596072441,573,0.792215799280089,461.618522498817,0.825211125736815
"tu","Rhine_Lower","Lower Rhine","bonobo","EUS_262",0.190424924296598,0.28870030454691,573,0.797390254662162,464.564854826644,0.796032850647711
"tu","Rhine_Lower","Lower Rhine","bonobo","EUS_263",0.179231971724439,0.285206338162011,573,0.791933659093713,461.456793528025,0.822764508159143
"tu","Rhine_Lower","Lower Rhine","bonobo","EUS_264",0.178310776608492,0.284503383151821,573,0.790566173109382,460.663900363052,0.813869438382535
"tu","Rhine_Lower","Lower Rhine","bonobo","EUS_265",0.208085497129923,0.283325469187896,573,0.817972299711892,476.344406484676,0.820161633430244
"tu","Rhine_Lower","Lower Rhine","bonobo","EUS_266",0.20769088925353,0.283655046792936,573,0.818348342715071,476.499750471496,0.820693212376496
"tu","Rhine_Lower","Lower Rhine","bonobo","EUS_375",0.179175744965362,0.295869050594132,573,0.808650656601586,470.959196062366,0.813976367515211
"tu","Rhine_Lower","Lower Rhine","bonobo","EUS_381",0.208524158807681,0.285065297926701,573,0.817088048352331,475.810985114543,0.820125428705574
"tu","Rhine_Lower","Lower Rhine","bonobo","EUS_382",0.189332728335886,0.303039234650252,573,0.818413102068247,476.545258377519,0.821356297672719
"tu","Rhine_Lower","Lower Rhine","bonobo","EUS_383",0.184359403279908,0.299659572009608,573,0.804792596087956,468.76470267999,0.811073397819068
"tu","Rhine_Lower","Lower Rhine","bonobo","EUS_387",0.216829108266628,0.283730759907204,573,0.819972018107045,477.464917281416,0.822752250538146
"tu","Rhine_Lower","Lower Rhine","bonobo","EUS_388",0.216273052630231,0.28384520572433,573,0.819279276772186,477.067670366053,0.821944445276093
"tu","Rhine_Lower","Lower Rhine","bonobo","EUS_392",0.189206448620017,0.299954500848939,573,0.813802248706059,473.92469846109,0.816190869738432
"tu","Rhine_Lower","Lower Rhine","bonobo","EUS_393",0.204873901647812,0.291719380992251,573,0.817708386227964,476.159605356375,0.820022857405057
"tu","Rhine_Lower","Lower Rhine","bonobo","EUS_400",0.178980207799135,0.288225603322319,573,0.774226455606819,451.191947388055,0.783538044029536
"tu","Rhine_Lower","Lower Rhine","bonobo","EUS_401",0.192990196744278,0.295553666571928,573,0.817333013834278,475.950183351459,0.819145123756223
"tu","Rhine_Lower","Lower Rhine","bonobo","EUS_402",0.182834600633,0.299444701956231,573,0.80977329807422,471.103056196225,0.811505926989622
"tu","Rhine_Lower","Lower Rhine","bonobo","EUS_403",0.179596162087288,0.301869660696464,573,0.811535256360298,472.194088281794,0.814583319415225
"tu","Rhine_Lower","Lower Rhine","bonobo","EUS_404",0.210664304375144,0.280021591129551,573,0.813935651847696,473.92691757849,0.817141929458394
"tu","Rhine_Lower","Lower Rhine","bonobo","EUS_405",0.212615048190013,0.28484773463166,573,0.821009061657002,477.986761194389,0.824149206030384
"tu","Rhine_Lower","Lower Rhine","bonobo","EUS_406",0.175534479221759,0.293491550069743,573,0.752977221310579,438.259199175367,0.758618788428156
"tu","Rhine_Lower","Lower Rhine","bonobo","EUS_407",0.215454003577278,0.280156352825396,573,0.817620161488225,476.116607596598,0.821243057348422
"tu","Rhine_Lower","Lower Rhine","bonobo","EUS_408",0.180853628908875,0.309273028028993,573,0.800213522825007,466.140944689373,0.812432499970047
"tu","Rhine_Lower","Lower Rhine","bonobo","EUS_409",0.210390474470003,0.282043267487477,573,0.808543750205167,470.916385336786,0.813034451643962
"tu","Rhine_Lower","Lower Rhine","bonobo","EUS_410",0.177878053560239,0.305495249350284,573,0.794421798309673,462.799872973273,0.808102558530071
"tu","Rhine_Lower","Lower Rhine","bonobo","EUS_411",0.217701527405202,0.281705817093076,573,0.818635981382101,476.698345251621,0.822607577828128
"tu","Rhine_Lower","Lower Rhine","bonobo","EUS_412",0.192186491230979,0.286140669745283,573,0.801754486905021,466.703522547319,0.805453860123234
"tu","Rhine_Lower","Lower Rhine","bonobo","EUS_413",0.217612405757259,0.282010688267889,573,0.819263862157117,477.059122333769,0.822364762476584
"tu","Rhine_Lower","Lower Rhine","bonobo","EUS_414",0.19945192182211,0.286168505885293,573,0.816697229275793,475.567486333039,0.820579706316912
"tu","Rhine_Lower","Lower Rhine","bonobo","EUS_415",0.214586550446377,0.281773621484728,573,0.812688236943317,473.290623492204,0.818528646417297
"tu","Rhine_Lower","Lower Rhine","bonobo","EUS_416",0.177563533331476,0.291441806220244,573,0.762663571272754,444.445232588712,0.761854742000673
"tu","Rhine_Lower","Lower Rhine","bonobo","EUS_417",0.219067408388439,0.281275378757662,573,0.82102215591586,477.970832051401,0.82417019394041
"tu","Rhine_Lower","Lower Rhine","bonobo","EUS_418",0.177699617006614,0.298506223982924,573,0.804887153203843,468.819608054198,0.805598389558872
"tu","Rhine_Lower","Lower Rhine","bonobo","EUS_419",0.21796655879463,0.281141153575583,573,0.820667109014629,477.862908378345,0.823709084632533
"tu","Rhine_Lower","Lower Rhine","bonobo","EUS_420",0.212350471045612,0.284381981303159,573,0.818382237710044,476.533884341854,0.821749772200978
"tu","Rhine_Lower","Lower Rhine","bonobo","EUS_421",0.208933730021233,0.289168452872755,573,0.818289853148363,476.49984738278,0.820681871256611
"tu","Basin_Elbe","Elbe (whole basin)","lioness","EUS_018",0.0407670480697781,1.05542710618893,1115,0.593849662092317,1233.56484465462,0.587776572957659
"tu","Basin_Elbe","Elbe (whole basin)","lioness","EUS_019",0.0513112051452901,0.872980167919009,1115,0.396922367939443,800.930474765353,0.438137270697978
"tu","Basin_Elbe","Elbe (whole basin)","lioness","EUS_020",0.251016531178734,0.4546296892532,1115,0.599695168077294,730.306407951834,0.631982173667239
"tu","Basin_Elbe","Elbe (whole basin)","lioness","EUS_021",0.537463119347934,0.386759274903234,1115,0.880710124852303,1000.50970508682,0.882478664339414
"tu","Basin_Elbe","Elbe (whole basin)","lioness","EUS_022",0.135980916325987,0.689771747373307,1115,0.508212052484075,798.079438524595,0.536847225769644
"tu","Basin_Elbe","Elbe (whole basin)","lioness","EUS_023",0.100355090347112,1.20096600680518,1115,0.758313391471251,1326.38188249736,0.661071822717443
"tu","Basin_Elbe","Elbe (whole basin)","lioness","EUS_024",0.333166077785737,0.452731705893767,1115,0.674666174958835,810.063396402244,0.668206161048465
"tu","Basin_Elbe","Elbe (whole basin)","lioness","EUS_025",0.327300236562513,0.494785897890379,1115,0.634327376485125,857.20879588845,0.630275929000924
"tu","Basin_Elbe","Elbe (whole basin)","lioness","EUS_026",0.532091970272826,0.52060595507978,1115,0.864131001738332,1023.3014954714,0.855821231505414
"tu","Basin_Elbe","Elbe (whole basin)","lioness","EUS_027",0.0538972202512833,0.805176221600754,1115,0.379994989033392,828.497163175711,0.530713717458692
"tu","Basin_Elbe","Elbe (whole basin)","lioness","EUS_028",0.326548352295664,0.508048727954843,1115,0.540054258882358,746.769625743737,0.55843708061854
"tu","Basin_Elbe","Elbe (whole basin)","lioness","EUS_029",1.10571005320126,3.03367865632486,1115,1.96847855565572,2588.75520174395,1.81307162784325
"tu","Basin_Elbe","Elbe (whole basin)","lioness","EUS_030",-0.0205818753451278,1.16732991934418,1115,0.410081935176374,973.429398607701,0.450836314121027
"tu","Basin_Elbe","Elbe (whole basin)","lioness","EUS_031",0.2362695760741,0.471428298376068,1115,0.53248113595332,746.098189490958,0.570028363920436
"tu","Basin_Elbe","Elbe (whole basin)","lioness","EUS_032",0.807286034968733,2.13846928770316,1115,1.41943073431037,1898.84202859244,1.30028201787253
"tu","Basin_Elbe","Elbe (whole basin)","lioness","EUS_033",0.0807592579933731,0.763575911965618,1115,0.469424055765319,786.475536857807,0.559090937428082
"tu","Basin_Elbe","Elbe (whole basin)","lioness","EUS_034",0.439492404132762,0.400393285125061,1115,0.776388634209564,908.927665215779,0.755821579480793
"tu","Basin_Elbe","Elbe (whole basin)","lioness","EUS_035",0.33553316543601,0.434563947527043,1115,0.680272060626362,832.47677184703,0.653980580018172
"tu","Basin_Elbe","Elbe (whole basin)","lioness","EUS_036",0.389073821209059,0.422886211195443,1115,0.607240844910293,791.644035377091,0.615278477098432
"tu","Basin_Elbe","Elbe (whole basin)","lioness","EUS_037",0.0838505145983149,0.703761847752138,1115,0.450440343264974,763.04528426405,0.470442689640917
"tu","Basin_Elbe","Elbe (whole basin)","lioness","EUS_038",0.152738601622875,0.886838765050033,1115,0.798309332463676,948.169625383615,0.777832836024829
"tu","Basin_Elbe","Elbe (whole basin)","lioness","EUS_039",0.109115797925522,0.549469016281731,1115,0.470366845980957,715.702461486979,0.529995849225476
"tu","Basin_Elbe","Elbe (whole basin)","lioness","EUS_040",0.545814071447778,0.339051402248173,1115,0.833231194006953,962.596267205626,0.819368607110373
"tu","Basin_Elbe","Elbe (whole basin)","lioness","EUS_041",0.0776786695683699,0.741738805559221,1115,0.454365626842428,760.937149541609,0.530689360014114
"tu","Basin_Elbe","Elbe (whole basin)","lioness","EUS_042",0.103670432423917,0.963914436554896,1115,0.497333958050988,943.860406391301,0.542058856848455
"tu","Basin_Elbe","Elbe (whole basin)","lioness","EUS_043",0.0750662867797931,0.814679951496261,1115,0.473936290625426,850.868092066674,0.52531966417373
"tu","Basin_Elbe","Elbe (whole basin)","lioness","EUS_044",-0.00480622276479664,1.10860762061758,1115,0.237038213626741,881.795602925903,0.305831538526293
"tu","Basin_Elbe","Elbe (whole basin)","lioness","EUS_045",0.0334702442026541,1.12943660141858,1115,0.325423052286826,773.284040167775,0.35761740147269
"tu","Basin_Elbe","Elbe (whole basin)","lioness","EUS_046",0.0743170589821971,0.724937739398541,1115,0.257581477863872,767.31650777637,0.253157741067368
"tu","Basin_Elbe","Elbe (whole basin)","lioness","EUS_047",0.309570221437221,0.778991029583405,1115,0.781262991000289,960.309822312863,0.750290666907715
"tu","Basin_Elbe","Elbe (whole basin)","lioness","EUS_048",0.288491499873753,0.785406786544214,1115,0.74659751373739,933.670456514405,0.730023655383185
"tu","Basin_Elbe","Elbe (whole basin)","lioness","EUS_049",0.142101642742951,0.806047980761659,1115,0.555194801718024,787.884657146338,0.510179851905399
"tu","Basin_Elbe","Elbe (whole basin)","lioness","EUS_050",0.139903912575096,0.691638585959565,1115,0.565673202033935,762.260368501075,0.549714737331801
"tu","Basin_Elbe","Elbe (whole basin)","lioness","EUS_052",0.525339296596481,0.346387398806615,1115,0.890335469632569,992.724048640314,0.888037948143338
"tu","Basin_Elbe","Elbe (whole basin)","lioness","EUS_053",0.052912838481375,0.985621152764712,1115,0.437976449452041,860.255645737591,0.455422298880679
"tu","Basin_Elbe","Elbe (whole basin)","lioness","EUS_054",-0.0347691637952256,1.57000668426061,1115,0.363422958253875,968.124228828537,0.331962665018261
"tu","Basin_Elbe","Elbe (whole basin)","lioness","EUS_055",0.201449298165303,0.779177791310257,1115,0.673698667171473,856.297192089882,0.655474810413032
"tu","Basin_Elbe","Elbe (whole basin)","lioness","EUS_056",0.272382155683125,1.12897543929793,1115,0.679263234861942,1140.03784482332,0.593218161129207
"tu","Basin_Elbe","Elbe (whole basin)","lioness","EUS_057",0.0734532855885273,1.78167683150893,1115,0.353607939543559,874.024829717474,0.348501316103381
"tu","Basin_Elbe","Elbe (whole basin)","lioness","EUS_058",0.116744649318884,0.663078770171412,1115,0.453785367209022,680.875393602453,0.509854735498211
"tu","Basin_Elbe","Elbe (whole basin)","lioness","EUS_059",0.0934533274646622,0.635579258007614,1115,0.452444765654512,730.059387921316,0.461358369570384
"tu","Basin_Elbe","Elbe (whole basin)","lioness","EUS_060",0.0977879722708481,0.748110189270462,1115,0.524437630409892,786.970516999013,0.489319098529221
"tu","Basin_Elbe","Elbe (whole basin)","lioness","EUS_061",0.0855517238918577,0.770484311640441,1115,0.460034143283389,762.873626484056,0.439780887677898
"tu","Basin_Elbe","Elbe (whole basin)","lioness","EUS_062",0.292844378325805,0.48004718178511,1115,0.623335181817331,802.453587788352,0.582886613514792
"tu","Basin_Elbe","Elbe (whole basin)","lioness","EUS_063",0.102627674603361,0.751115306202089,1115,0.520369209878731,828.465979454209,0.495176079687533
"tu","Basin_Elbe","Elbe (whole basin)","lioness","EUS_064",0.136235208956811,0.503623833605541,1115,0.432809102273297,671.705724105049,0.476692871827672
"tu","Basin_Elbe","Elbe (whole basin)","lioness","EUS_065",0.0376722928731626,0.891470371935957,1115,0.383469323941986,709.541284528089,0.380683354752478
"tu","Basin_Elbe","Elbe (whole basin)","lioness","EUS_066",0.0239450873416015,0.996125962855331,1115,0.433408101098446,760.967796227258,0.407097760115043
"tu","Basin_Elbe","Elbe (whole basin)","lioness","EUS_067",0.0811197233675081,1.10655226306853,1115,0.48922879758028,765.37698539751,0.462131810845193
"tu","Basin_Elbe","Elbe (whole basin)","lioness","EUS_068",0.0629906203975104,1.02583353959023,1115,0.465100647643474,763.534966855334,0.422608200937498
"tu","Basin_Elbe","Elbe (whole basin)","lioness","EUS_069",0.242000377458756,1.35383296425032,1115,0.47853525235704,797.624467952786,0.442383312611573
"tu","Basin_Elbe","Elbe (whole basin)","lioness","EUS_079",0.0601207073733767,1.11894634362183,1115,0.280443858407373,914.812672628068,0.277401810121035
"tu","Basin_Elbe","Elbe (whole basin)","lioness","EUS_080",0.0953880882205477,0.641400950781696,1115,0.361255245819182,704.546514986883,0.343780980203137
"tu","Basin_Elbe","Elbe (whole basin)","lioness","EUS_081",0.0630104003449635,0.840812234996047,1115,0.363087567945536,809.108633473938,0.383445984199555
"tu","Basin_Elbe","Elbe (whole basin)","lioness","EUS_101",0.309083222041923,1.53133599122364,1115,0.878647295568591,1514.52635185156,0.771247659099909
"tu","Basin_Elbe","Elbe (whole basin)","lioness","EUS_147",0.273145387325348,0.902133702856036,1115,0.685070319858878,941.628901235433,0.637131976840538
"tu","Basin_Elbe","Elbe (whole basin)","lioness","EUS_148",0.0754844547564629,1.15953813174418,1115,0.635857040353426,934.836549082562,0.618386577280002
"tu","Basin_Elbe","Elbe (whole basin)","lioness","EUS_149",0.0914898722944125,0.812856748312201,1115,0.397332024019625,830.821240743964,0.379115981389578
"tu","Basin_Elbe","Elbe (whole basin)","lioness","EUS_150",0.990683350480398,2.92143669564424,1115,1.35842373254079,1963.53329665884,1.35162200997722
"tu","Basin_Elbe","Elbe (whole basin)","lioness","EUS_151",0.106547328914667,1.19681843151045,1115,0.292536076643843,980.007437943007,0.252160641561918
"tu","Basin_Elbe","Elbe (whole basin)","lioness","EUS_152",0.0931194830253462,1.265574876674,1115,0.706357414432076,985.828542392024,0.674082617149001
"tu","Basin_Elbe","Elbe (whole basin)","lioness","EUS_153",-0.0481764251157169,1.58627613757063,1115,0.510502999562574,1016.06975695531,0.484948894721823
"tu","Basin_Elbe","Elbe (whole basin)","lioness","EUS_154",0.260017377980501,0.818568964316114,1115,0.767616254043405,939.457054795292,0.738496216021756
"tu","Basin_Elbe","Elbe (whole basin)","lioness","EUS_155",0.163809497592094,0.887321178814328,1115,0.711268140672081,971.199374605268,0.685293319187759
"tu","Basin_Elbe","Elbe (whole basin)","lioness","EUS_156",0.0951881789305168,0.698583460748111,1115,0.410887607489289,695.315198118226,0.44434116952466
"tu","Basin_Elbe","Elbe (whole basin)","lioness","EUS_157",0.232253506638896,0.93006912375443,1115,0.639458485887202,1048.80036297691,0.601066244299762
"tu","Basin_Elbe","Elbe (whole basin)","lioness","EUS_200",0.148051532196716,1.64425330206868,1115,0.23555591792883,1037.40160974127,0.277115723980612
"tu","Basin_Elbe","Elbe (whole basin)","lioness","EUS_201",0.4125178128419,0.553974860008516,1115,0.832128207636209,968.1174181926,0.829845628300393
"tu","Basin_Elbe","Elbe (whole basin)","lioness","EUS_202",0.745002114496057,2.13108341925302,1115,1.06111601063491,1499.24746024026,1.03766389455206
"tu","Basin_Elbe","Elbe (whole basin)","lioness","EUS_203",0.139512237369479,0.770379057634854,1115,0.496764965272657,807.753592061415,0.476338628334469
"tu","Basin_Elbe","Elbe (whole basin)","lioness","EUS_204",0.11016763058034,0.545458285124777,1115,0.404863561029953,662.420351275925,0.409559638831732
"tu","Basin_Elbe","Elbe (whole basin)","lioness","EUS_205",0.425099980267916,0.488670924089908,1115,0.825062380357242,962.900715681555,0.809185138482952
"tu","Basin_Elbe","Elbe (whole basin)","lioness","EUS_206",0.069872776329855,0.968886239092006,1115,0.543768803778351,1121.12842941287,0.576478531420724
"tu","Basin_Elbe","Elbe (whole basin)","lioness","EUS_207",0.227645782035831,1.29735022980868,1115,0.822160837726519,1427.94622013841,0.820463253226326
"tu","Basin_Elbe","Elbe (whole basin)","lioness","EUS_208",0.514227453207607,0.453487984899908,1115,0.865348176253488,995.310271962443,0.866739233635389
"tu","Basin_Elbe","Elbe (whole basin)","lioness","EUS_209",0.218749932163853,0.468920895562488,1115,0.48021550088058,678.682953682165,0.459145094152418
"tu","Basin_Elbe","Elbe (whole basin)","lioness","EUS_210",0.106951830604761,1.01536518818213,1115,0.63551901413004,900.898145393685,0.591624865783149
"tu","Basin_Elbe","Elbe (whole basin)","lioness","EUS_211",0.183023786566106,0.519124480298595,1115,0.491293970765639,684.825211634955,0.483659433916031
"tu","Basin_Elbe","Elbe (whole basin)","lioness","EUS_212",0.141410262278948,0.763542713852211,1115,0.452173695415131,767.994640081205,0.422569918620525
"tu","Basin_Elbe","Elbe (whole basin)","lioness","EUS_213",0.298130286354989,0.637439158094517,1115,0.644552730251245,820.513408793974,0.636261097450918
"tu","Basin_Elbe","Elbe (whole basin)","lioness","EUS_214",0.494315809178116,0.508653168177968,1115,0.866365721640825,989.024521189764,0.866524886208454
"tu","Basin_Elbe","Elbe (whole basin)","lioness","EUS_215",1.22521871407219,2.62869523289475,1115,1.37330410877349,1767.94845131499,1.32353599670625
"tu","Basin_Elbe","Elbe (whole basin)","lioness","EUS_235",0.392382246510044,0.677738662032717,1115,0.781602306069745,946.946486492734,0.774328425258793
"tu","Basin_Elbe","Elbe (whole basin)","lioness","EUS_240",0.00327245826897955,0.875849599382922,1115,0.452910827456191,856.9884810058,0.418552551848694
"tu","Basin_Elbe","Elbe (whole basin)","lioness","EUS_241",0.113097633860805,0.807475062743169,1115,0.533737882248349,822.029519122226,0.517965313247546
"tu","Basin_Elbe","Elbe (whole basin)","lioness","EUS_242",0.189466557025432,1.50044027695151,1115,1.09228429484753,1493.36411808881,1.13283920764897
"tu","Basin_Elbe","Elbe (whole basin)","lioness","EUS_243",0.603415639607027,1.60987476164915,1115,0.922877635456169,1253.49679995799,0.959769764863285
"tu","Basin_Elbe","Elbe (whole basin)","lioness","EUS_244",0.907700038327228,2.10863390993896,1115,1.90267639239017,2314.78328605351,1.91056575176847
"tu","Basin_Elbe","Elbe (whole basin)","lioness","EUS_245",0.8136692465817,1.90580686932331,1115,1.9255991999965,2203.22715783079,1.96907974660617
"tu","Basin_Elbe","Elbe (whole basin)","lioness","EUS_249",0.1704023925205,0.947035784966582,1115,0.626033656854513,1058.5715580047,0.550901560568189
"tu","Basin_Elbe","Elbe (whole basin)","lioness","EUS_250",0.173379752916952,0.462854453804023,1115,0.457373701146586,653.127031715387,0.451178074950898
"tu","Basin_Elbe","Elbe (whole basin)","lioness","EUS_253",0.721179708753661,1.75865680239734,1115,1.65031242304254,2003.14059483957,1.66405215671059
"tu","Basin_Elbe","Elbe (whole basin)","lioness","EUS_254",1.06465647408999,2.41075883664156,1115,2.17609551076576,2514.0070818424,2.21787843576259
"tu","Basin_Elbe","Elbe (whole basin)","lioness","EUS_255",0.076550179659844,0.935635869035406,1115,0.556634810214198,929.668549115927,0.520811926682139
"tu","Basin_Elbe","Elbe (whole basin)","lioness","EUS_256",0.11710553423404,0.893519032719684,1115,0.57319837706432,843.095988932508,0.539446933199269
"tu","Basin_Elbe","Elbe (whole basin)","lioness","EUS_257",0.177051263906025,0.778708664760727,1115,0.585882502981254,820.862347045839,0.56804301670659
"tu","Basin_Elbe","Elbe (whole basin)","lioness","EUS_267",0.0727179599868538,0.745983791035505,1115,0.37303105889338,792.700827775192,0.373092387660743
"tu","Basin_Elbe","Elbe (whole basin)","lioness","EUS_268",0.0573957480239519,0.745300816140781,1115,0.343944024820801,850.707987183809,0.369974679997209
"tu","Basin_Elbe","Elbe (whole basin)","lioness","EUS_269",0.0269254453079441,1.06344128351661,1115,0.352803756266372,836.096279053796,0.367140948251015
"tu","Basin_Elbe","Elbe (whole basin)","lioness","EUS_270",0.125876174354487,1.09415082764377,1115,0.735852920698862,967.817648630432,0.679800130636762
"tu","Basin_Elbe","Elbe (whole basin)","lioness","EUS_271",0.477871117130954,0.526457956407049,1115,0.854667876468963,989.300778165711,0.841309394972567
"tu","Basin_Elbe","Elbe (whole basin)","lioness","EUS_272",0.126712426086211,1.03749731523785,1115,0.735722828598648,958.829255688312,0.686242787782193
"tu","Basin_Elbe","Elbe (whole basin)","lioness","EUS_273",0.182549654568427,0.811237097899073,1115,0.574576079009659,870.591457544204,0.575304360854982
"tu","Basin_Elbe","Elbe (whole basin)","lioness","EUS_274",0.153619076128436,0.76766971899647,1115,0.641050870796426,873.311922936769,0.646785485663838
"tu","Basin_Elbe","Elbe (whole basin)","lioness","EUS_275",0.157430653619647,0.674465569657061,1115,0.674534864992135,853.345307413427,0.648296987553291
"tu","Basin_Elbe","Elbe (whole basin)","lioness","EUS_276",0.1460053305412,0.649543194147202,1115,0.645529713912956,810.174623698993,0.630768233777958
"tu","Basin_Elbe","Elbe (whole basin)","lioness","EUS_277",0.139579185542225,0.64332112743482,1115,0.664494733929944,816.823677687045,0.670993928192873
"tu","Basin_Elbe","Elbe (whole basin)","lioness","EUS_278",0.146705044449315,0.670257975363589,1115,0.678262866335493,849.290540433055,0.689218221293586
"tu","Basin_Elbe","Elbe (whole basin)","lioness","EUS_279",0.134607401414465,0.587248236621172,1115,0.650395897970687,804.45409099291,0.674807804536016
"tu","Basin_Elbe","Elbe (whole basin)","lioness","EUS_280",0.119237500092611,0.53465183130351,1115,0.622744338341316,771.519426249334,0.644676112486301
"tu","Basin_Elbe","Elbe (whole basin)","lioness","EUS_281",0.107978552354269,0.487172912216751,1115,0.48236097320786,728.656591880575,0.55154228136195
"tu","Basin_Elbe","Elbe (whole basin)","lioness","EUS_282",0.115000249296234,0.666925001443553,1115,0.597236834282924,806.029841736779,0.687735551177622
"tu","Basin_Elbe","Elbe (whole basin)","lioness","EUS_283",0.110966904763245,0.670694539795442,1115,0.569444925632802,805.542686997047,0.691966613758528
"tu","Basin_Elbe","Elbe (whole basin)","lioness","EUS_284",0.141443692696035,0.70380205962447,1115,0.60937214093453,822.424235413621,0.728852671492522
"tu","Basin_Elbe","Elbe (whole basin)","lioness","EUS_285",0.118571401184231,0.747053834474738,1115,0.517807637832279,856.284808716389,0.554752829338114
"tu","Basin_Elbe","Elbe (whole basin)","lioness","EUS_286",0.079327021350482,0.659248290205364,1115,0.429922904943078,789.907959613349,0.442161476527287
"tu","Basin_Elbe","Elbe (whole basin)","lioness","EUS_287",0.115349545580124,0.534081176234019,1115,0.557592878717772,716.448795903228,0.633572390590202
"tu","Basin_Elbe","Elbe (whole basin)","lioness","EUS_288",0.099070561813332,0.580913237664549,1115,0.514611805597162,738.571409642491,0.575114012456114
"tu","Basin_Elbe","Elbe (whole basin)","lioness","EUS_289",0.162096013099289,0.638365773996923,1115,0.607691951524961,766.118848670412,0.608531366808981
"tu","Basin_Elbe","Elbe (whole basin)","lioness","EUS_290",0.0989472742304489,0.545186816146252,1115,0.529369759657763,726.513289260761,0.546820180938497
"tu","Basin_Elbe","Elbe (whole basin)","lioness","EUS_291",0.109585459947181,0.658568460656667,1115,0.58949796757962,805.28315077889,0.591215766776859
"tu","Basin_Elbe","Elbe (whole basin)","lioness","EUS_292",0.143880693947068,0.744581266956605,1115,0.602932919901146,846.685564868541,0.587466524704588
"tu","Basin_Elbe","Elbe (whole basin)","lioness","EUS_293",0.110834789474764,0.806320307855226,1115,0.566276938131193,843.397619944196,0.606047119703867
"tu","Basin_Elbe","Elbe (whole basin)","lioness","EUS_294",0.104575775003269,0.694777392137989,1115,0.549955600876626,808.664534126846,0.556817350864783
"tu","Basin_Elbe","Elbe (whole basin)","lioness","EUS_295",0.0852906605877518,0.735036108729826,1115,0.540421458825433,832.102276498667,0.603678889053602
"tu","Basin_Elbe","Elbe (whole basin)","lioness","EUS_296",0.0899963336245723,0.71870727928025,1115,0.50733871158076,824.951989314694,0.54991929013801
"tu","Basin_Elbe","Elbe (whole basin)","lioness","EUS_297",0.098171639309663,0.667899781367581,1115,0.4500785570189,722.816690181758,0.514775578174042
"tu","Basin_Elbe","Elbe (whole basin)","lioness","EUS_298",0.183442232473682,0.992667591668508,1115,0.621070528501478,986.218765908971,0.632610369915688
"tu","Basin_Elbe","Elbe (whole basin)","lioness","EUS_299",0.0991891244989449,1.11037422075836,1115,0.574186158352774,1040.17802822202,0.727382038387406
"tu","Basin_Elbe","Elbe (whole basin)","lioness","EUS_300",0.106595168819694,0.517748756053945,1115,0.517157717718338,709.561787799718,0.511711631697344
"tu","Basin_Elbe","Elbe (whole basin)","lioness","EUS_372",0.523822899903675,0.362740224125167,1115,0.877315300739032,992.72536837792,0.875778491895931
"tu","Basin_Elbe","Elbe (whole basin)","lioness","EUS_373",0.36468796356402,0.615016966784702,1115,0.894584628753945,997.461861060649,0.89932134132433
"tu","Basin_Elbe","Elbe (whole basin)","lioness","EUS_374",0.247946423068107,0.624317758161153,1115,0.720904465867516,880.900676954074,0.692191389010376
"tu","Basin_Elbe","Elbe (whole basin)","lioness","EUS_424",0.31198195796451,0.604020742353412,1115,0.851715199660387,961.425282271234,0.842278043576913
"tu","Basin_Elbe","Elbe (whole basin)","lioness","EUS_425",0.270647571779926,1.21009973338059,1115,0.832006924039667,981.945211121854,0.815849027099194
"tu","Basin_Elbe","Elbe (whole basin)","lioness","EUS_426",0.083592079562534,0.76370289844534,1115,0.476445211351581,797.599340091365,0.455572715602113
"tu","Basin_Elbe","Elbe (whole basin)","lioness","EUS_427",0.0802126294515125,0.819418248005833,1115,0.430511290321209,858.260418529005,0.462081786753865
"tu","Basin_Elbe","Elbe (whole basin)","lioness","EUS_428",0.32134625662555,0.712389853438977,1115,0.849751349490524,966.851705766002,0.86188996108208
"tu","Basin_Elbe","Elbe (whole basin)","lioness","EUS_429",0.054430023066922,0.951856397136723,1115,0.401728642287543,817.40651417188,0.358532885600566
"tu","Basin_Elbe","Elbe (whole basin)","lioness","EUS_430",0.384590851726988,0.540068290941996,1115,0.871395291741364,978.426528284726,0.866266042492941
"tu","Basin_Elbe","Elbe (whole basin)","lioness","EUS_431",0.191475608275786,0.804994439243446,1115,0.605211391413189,872.999737377218,0.635600337456976
"tu","Basin_Elbe","Elbe (whole basin)","lioness","EUS_432",0.428006327633108,0.495509020324511,1115,0.892745542374755,997.227296379858,0.892091564283597
"tu","Basin_Elbe","Elbe (whole basin)","lioness","EUS_433",0.139119981655418,0.822848882402937,1115,0.434896108146724,847.985253051117,0.427594048658497
"tu","Basin_Elbe","Elbe (whole basin)","lioness","EUS_434",-0.0304652688895691,1.28558481159459,1115,0.09846708106256,1110.04649642337,0.127307704666336
"tu","Basin_Elbe","Elbe (whole basin)","lioness","EUS_435",0.225471024985347,0.646333589719354,1115,0.623187717882712,802.140012820946,0.610064046517592
"tu","Basin_Elbe","Elbe (whole basin)","lioness","EUS_436",0.165614205395196,0.871022987297098,1115,0.76768190745975,938.690263883909,0.735908613453644
"tu","Basin_Elbe","Elbe (whole basin)","lioness","EUS_437",0.400698152804327,0.878351530335605,1115,0.892130301446439,1006.14818595631,0.890896858818288
"tu","Basin_Elbe","Elbe (whole basin)","lioness","EUS_438",0.281975233693836,0.720467605519257,1115,0.880696139220099,993.854553652252,0.877057964545068
"tu","Basin_Elbe","Elbe (whole basin)","lioness","EUS_439",0.22803229903049,0.834726726793301,1115,0.680186088493849,1066.16729003229,0.626275416015105
"tu","Basin_Elbe","Elbe (whole basin)","lioness","EUS_440",-0.0269911440384513,1.81322369309977,1115,0.348026613037609,962.794730917864,0.329803186793067
"tu","Basin_Elbe","Elbe (whole basin)","lioness","EUS_441",0.262665475271894,0.896774293411098,1115,0.834259682493629,968.371136285778,0.832347738797794
"tu","Basin_Elbe","Elbe (whole basin)","lioness","EUS_444",0.144867323539093,0.964626137472411,1115,0.702355437062472,898.831344604352,0.662864971328353
"tu","Basin_Elbe","Elbe (whole basin)","lioness","EUS_445",-0.179539509021318,3.24045884638029,1115,0.638085340620481,1022.39101042109,0.719922131925124
"tu","Basin_Elbe","Elbe (whole basin)","bonobo","EUS_018",0.187735534032559,0.262599407819331,1115,0.635980782875067,709.118572905699,0.637680056694956
"tu","Basin_Elbe","Elbe (whole basin)","bonobo","EUS_019",0.196109991765029,0.230560265725253,1115,0.60613413300502,675.839558300597,0.616080670689077
"tu","Basin_Elbe","Elbe (whole basin)","bonobo","EUS_020",0.227586468285657,0.216411735742317,1115,0.640232257087156,713.858966652179,0.647900743066933
"tu","Basin_Elbe","Elbe (whole basin)","bonobo","EUS_021",0.280077920065294,0.212001220549166,1115,0.690986279950323,770.449702144611,0.691385721083418
"tu","Basin_Elbe","Elbe (whole basin)","bonobo","EUS_022",0.209361260419038,0.225991413340128,1115,0.624812168606747,696.735733607473,0.631098987599398
"tu","Basin_Elbe","Elbe (whole basin)","bonobo","EUS_023",0.195837996832034,0.280618963132105,1115,0.66238470309326,738.558943948985,0.649986359539817
"tu","Basin_Elbe","Elbe (whole basin)","bonobo","EUS_024",0.243211170670568,0.215925553535758,1115,0.654852500667684,730.160538244467,0.65483677298655
"tu","Basin_Elbe","Elbe (whole basin)","bonobo","EUS_025",0.241998740088894,0.215385377164209,1115,0.648158496015589,722.696723057382,0.648557732591279
"tu","Basin_Elbe","Elbe (whole basin)","bonobo","EUS_026",0.279255472067467,0.214828977474609,1115,0.688740107455765,767.945219813178,0.687806269013903
"tu","Basin_Elbe","Elbe (whole basin)","bonobo","EUS_027",0.196317036176872,0.223794718686378,1115,0.602767321158354,672.085563091565,0.633377203847141
"tu","Basin_Elbe","Elbe (whole basin)","bonobo","EUS_028",0.242255834825794,0.208900553748523,1115,0.6295497488401,701.947969956711,0.634381419229972
"tu","Basin_Elbe","Elbe (whole basin)","bonobo","EUS_029",0.282477544003265,0.367288708025541,1115,0.766392435705254,854.623297302817,0.749480740062791
"tu","Basin_Elbe","Elbe (whole basin)","bonobo","EUS_030",0.184073938829697,0.241621777485086,1115,0.607366183859018,677.213295002805,0.617456702052353
"tu","Basin_Elbe","Elbe (whole basin)","bonobo","EUS_031",0.224763396410824,0.212243630135755,1115,0.628070691427789,700.298820941985,0.63658604003774
"tu","Basin_Elbe","Elbe (whole basin)","bonobo","EUS_032",0.272265272360159,0.327622774515173,1115,0.734888702956454,819.436200735011,0.719568076502821
"tu","Basin_Elbe","Elbe (whole basin)","bonobo","EUS_033",0.194286428348178,0.233661269329634,1115,0.616490055441653,687.386411817444,0.634287208779698
"tu","Basin_Elbe","Elbe (whole basin)","bonobo","EUS_034",0.262926010215638,0.214462280673552,1115,0.673152668297611,750.565225151836,0.670281482051419
"tu","Basin_Elbe","Elbe (whole basin)","bonobo","EUS_035",0.243337509123845,0.215076271649125,1115,0.6559111932076,731.340980426474,0.652332935627111
"tu","Basin_Elbe","Elbe (whole basin)","bonobo","EUS_036",0.252564548883296,0.206419230721891,1115,0.642457970033339,716.340636587173,0.645025258606738
"tu","Basin_Elbe","Elbe (whole basin)","bonobo","EUS_037",0.197022550868466,0.232515692455564,1115,0.614982938288521,685.705976191701,0.620412129445259
"tu","Basin_Elbe","Elbe (whole basin)","bonobo","EUS_038",0.216196173144866,0.257832858729263,1115,0.67609724055534,753.848423219204,0.672701970856672
"tu","Basin_Elbe","Elbe (whole basin)","bonobo","EUS_039",0.200254461457557,0.218957969594675,1115,0.616397785668723,687.283531020626,0.629417421769755
"tu","Basin_Elbe","Elbe (whole basin)","bonobo","EUS_040",0.280664216080551,0.208888041051329,1115,0.682382550624073,760.856543945842,0.680443528386403
"tu","Basin_Elbe","Elbe (whole basin)","bonobo","EUS_041",0.194467549259012,0.229051645271659,1115,0.614024309794773,684.637105421172,0.630384407824117
"tu","Basin_Elbe","Elbe (whole basin)","bonobo","EUS_042",0.195692729239025,0.244447846234285,1115,0.621908362756339,693.427824473318,0.631940010806549
"tu","Basin_Elbe","Elbe (whole basin)","bonobo","EUS_043",0.192930305236589,0.237979532942543,1115,0.617997932824623,689.067695099454,0.628146636118302
"tu","Basin_Elbe","Elbe (whole basin)","bonobo","EUS_044",0.185877691406077,0.238624239571664,1115,0.583091605188038,650.15880773958,0.596951515261216
"tu","Basin_Elbe","Elbe (whole basin)","bonobo","EUS_045",0.189474585927506,0.237162862128544,1115,0.592946971221831,661.135872912341,0.602031156637771
"tu","Basin_Elbe","Elbe (whole basin)","bonobo","EUS_046",0.19694207275347,0.217627759692101,1115,0.579721285712204,646.389233569108,0.580767082098571
"tu","Basin_Elbe","Elbe (whole basin)","bonobo","EUS_047",0.242689429406701,0.240381757303578,1115,0.674540681694521,752.112860089391,0.67017071555978
"tu","Basin_Elbe","Elbe (whole basin)","bonobo","EUS_048",0.238652252289796,0.240715027474734,1115,0.66790575624781,744.714918216308,0.665703882647493
"tu","Basin_Elbe","Elbe (whole basin)","bonobo","EUS_049",0.211633449978769,0.235207366151624,1115,0.634700339429194,707.690878463551,0.628471182151787
"tu","Basin_Elbe","Elbe (whole basin)","bonobo","EUS_050",0.209517206373202,0.232789217650096,1115,0.635326623507126,708.389185210446,0.634237901950758
"tu","Basin_Elbe","Elbe (whole basin)","bonobo","EUS_052",0.277518558514549,0.213109766187886,1115,0.692368286304385,771.99063922939,0.692104524958024
"tu","Basin_Elbe","Elbe (whole basin)","bonobo","EUS_053",0.190488369981374,0.243236037414331,1115,0.611506377919414,681.829611380147,0.616474505054156
"tu","Basin_Elbe","Elbe (whole basin)","bonobo","EUS_054",0.189781703189129,0.263301600859677,1115,0.606084804902169,675.784557465918,0.602883761856951
"tu","Basin_Elbe","Elbe (whole basin)","bonobo","EUS_055",0.223600188548794,0.236718999495223,1115,0.654085421982475,729.30524551046,0.651824320337685
"tu","Basin_Elbe","Elbe (whole basin)","bonobo","EUS_056",0.220612426981687,0.268509791313983,1115,0.652595605057306,727.644099638896,0.639379274584998
"tu","Basin_Elbe","Elbe (whole basin)","bonobo","EUS_057",0.189514923070375,0.262231551988811,1115,0.599902725606607,669.123997103646,0.601510154674308
"tu","Basin_Elbe","Elbe (whole basin)","bonobo","EUS_058",0.2014221166781,0.220246427119622,1115,0.612437787397053,682.868132947714,0.624649071513464
"tu","Basin_Elbe","Elbe (whole basin)","bonobo","EUS_059",0.196366833053442,0.220857847459048,1115,0.612502632399108,682.940435125006,0.61570775654288
"tu","Basin_Elbe","Elbe (whole basin)","bonobo","EUS_060",0.196485716465614,0.232058699183312,1115,0.62694465320971,699.043288328827,0.622139496188792
"tu","Basin_Elbe","Elbe (whole basin)","bonobo","EUS_061",0.195221325437478,0.22951243704827,1115,0.616436486637205,687.326682600484,0.615664807634345
"tu","Basin_Elbe","Elbe (whole basin)","bonobo","EUS_062",0.235568436643044,0.218373207433481,1115,0.645250524758927,719.454335106204,0.639208661132337
"tu","Basin_Elbe","Elbe (whole basin)","bonobo","EUS_063",0.196413637013722,0.236488325871515,1115,0.62481723397029,696.671215876874,0.621468728683481
"tu","Basin_Elbe","Elbe (whole basin)","bonobo","EUS_064",0.205479788008839,0.210988684555476,1115,0.609018097154192,679.055178326924,0.618055462982101
"tu","Basin_Elbe","Elbe (whole basin)","bonobo","EUS_065",0.195052419828402,0.231004212899349,1115,0.601617100005754,670.803066506415,0.604080624653388
"tu","Basin_Elbe","Elbe (whole basin)","bonobo","EUS_066",0.189990820221486,0.24074943246317,1115,0.610868013662621,681.117835233823,0.608709384008112
"tu","Basin_Elbe","Elbe (whole basin)","bonobo","EUS_067",0.196833349164883,0.248677836722287,1115,0.621083234702164,692.507806692912,0.618819656418586
"tu","Basin_Elbe","Elbe (whole basin)","bonobo","EUS_068",0.194817247659698,0.243026038149248,1115,0.616845535621551,687.782772218029,0.611915856277461
"tu","Basin_Elbe","Elbe (whole basin)","bonobo","EUS_069",0.214803661810265,0.259682593603414,1115,0.61849449519138,689.621362138389,0.61362810141075
"tu","Basin_Elbe","Elbe (whole basin)","bonobo","EUS_079",0.191122611615748,0.236285506541574,1115,0.589088753216417,656.833959836305,0.590022082853966
"tu","Basin_Elbe","Elbe (whole basin)","bonobo","EUS_080",0.199330470437596,0.218333251453214,1115,0.596871117417207,665.511295920186,0.594846453207511
"tu","Basin_Elbe","Elbe (whole basin)","bonobo","EUS_081",0.19273531411461,0.229566019606636,1115,0.60006209365063,669.069234420452,0.603820825119905
"tu","Basin_Elbe","Elbe (whole basin)","bonobo","EUS_101",0.221213687224009,0.294009576510423,1115,0.675590454279794,753.28335652197,0.659854416695185
"tu","Basin_Elbe","Elbe (whole basin)","bonobo","EUS_147",0.2407498850374,0.233316699996784,1115,0.660132872972786,736.10380023732,0.654652219310449
"tu","Basin_Elbe","Elbe (whole basin)","bonobo","EUS_148",0.20790979825379,0.256096351108587,1115,0.648333172950501,723.007133761398,0.64508929248797
"tu","Basin_Elbe","Elbe (whole basin)","bonobo","EUS_149",0.195341768733739,0.233955671512205,1115,0.605398299954814,675.019104449617,0.6044342691367
"tu","Basin_Elbe","Elbe (whole basin)","bonobo","EUS_150",0.27660065630206,0.331867561897148,1115,0.723093112481827,806.294988411221,0.720560039367132
"tu","Basin_Elbe","Elbe (whole basin)","bonobo","EUS_151",0.195676070556292,0.248220088382277,1115,0.590692190262435,658.713215859511,0.586476182136422
"tu","Basin_Elbe","Elbe (whole basin)","bonobo","EUS_152",0.209349724890578,0.270118978463011,1115,0.660923523228954,736.929728400284,0.655420254732717
"tu","Basin_Elbe","Elbe (whole basin)","bonobo","EUS_153",0.180893739294327,0.281507295410213,1115,0.630171778546895,703.041962238157,0.625827002582135
"tu","Basin_Elbe","Elbe (whole basin)","bonobo","EUS_154",0.236387404019719,0.246428166199186,1115,0.67115928724841,748.342605281977,0.666413199527298
"tu","Basin_Elbe","Elbe (whole basin)","bonobo","EUS_155",0.218138363158821,0.255006868463948,1115,0.662166479765153,738.315624938146,0.658556504765349
"tu","Basin_Elbe","Elbe (whole basin)","bonobo","EUS_156",0.19913313904907,0.223502011375938,1115,0.606781040896522,676.560860599623,0.615058900572906
"tu","Basin_Elbe","Elbe (whole basin)","bonobo","EUS_157",0.234043993981933,0.244286132941753,1115,0.658538992908652,734.540977870136,0.653704951060635
"tu","Basin_Elbe","Elbe (whole basin)","bonobo","EUS_200",0.201469217256808,0.260312077838095,1115,0.587375241080788,654.961786726001,0.594602734771923
"tu","Basin_Elbe","Elbe (whole basin)","bonobo","EUS_201",0.258232031840933,0.226889104181161,1115,0.681940470548793,760.363624661905,0.681781242389511
"tu","Basin_Elbe","Elbe (whole basin)","bonobo","EUS_202",0.265553559930099,0.312707358404444,1115,0.700498635008964,781.130902158968,0.696132622631446
"tu","Basin_Elbe","Elbe (whole basin)","bonobo","EUS_203",0.210154246945342,0.23477715991209,1115,0.62314706247056,694.808974654674,0.621560834324027
"tu","Basin_Elbe","Elbe (whole basin)","bonobo","EUS_204",0.200339942086694,0.21787234879729,1115,0.604095233397773,673.566185238517,0.606936162504186
"tu","Basin_Elbe","Elbe (whole basin)","bonobo","EUS_205",0.259811507657126,0.222710117388472,1115,0.681034289313714,759.353232584792,0.678470621016344
"tu","Basin_Elbe","Elbe (whole basin)","bonobo","EUS_206",0.192570705029296,0.25805009556705,1115,0.630249601666534,702.728305858185,0.636835688567003
"tu","Basin_Elbe","Elbe (whole basin)","bonobo","EUS_207",0.214254018930264,0.286538936405568,1115,0.668280468523041,745.132722403191,0.668969080279515
"tu","Basin_Elbe","Elbe (whole basin)","bonobo","EUS_208",0.274409156879315,0.218045182025452,1115,0.687543771811701,766.611305570046,0.687698392335693
"tu","Basin_Elbe","Elbe (whole basin)","bonobo","EUS_209",0.220679285812829,0.214316243989835,1115,0.617727151057027,688.765773428585,0.614786224399128
"tu","Basin_Elbe","Elbe (whole basin)","bonobo","EUS_210",0.209937054959758,0.25062961601489,1115,0.648674391698496,723.271946743824,0.641879102990371
"tu","Basin_Elbe","Elbe (whole basin)","bonobo","EUS_211",0.214371189533155,0.218763006986063,1115,0.619443480521304,690.679480781254,0.619114401024672
"tu","Basin_Elbe","Elbe (whole basin)","bonobo","EUS_212",0.212382782613026,0.225801676792994,1115,0.615170797857166,685.91543961074,0.611387025741246
"tu","Basin_Elbe","Elbe (whole basin)","bonobo","EUS_213",0.237048449652797,0.226996486804784,1115,0.647817904165343,722.316963144358,0.6471825662648
"tu","Basin_Elbe","Elbe (whole basin)","bonobo","EUS_214",0.271229315781813,0.221831546428534,1115,0.687627653182141,766.704833298087,0.687580002460481
"tu","Basin_Elbe","Elbe (whole basin)","bonobo","EUS_215",0.315695034836102,0.312666370923594,1115,0.740743047379631,826.159253886762,0.734019940517666
"tu","Basin_Elbe","Elbe (whole basin)","bonobo","EUS_235",0.254644645628742,0.230322124781443,1115,0.671984212891684,749.262397374227,0.670529080459774
"tu","Basin_Elbe","Elbe (whole basin)","bonobo","EUS_240",0.188476484964607,0.235647616468946,1115,0.617118418892802,688.983450136606,0.613273785365481
"tu","Basin_Elbe","Elbe (whole basin)","bonobo","EUS_241",0.199108663200998,0.243315649500221,1115,0.628540980278784,700.823193010845,0.626511137312292
"tu","Basin_Elbe","Elbe (whole basin)","bonobo","EUS_242",0.207132874095117,0.303093717104229,1115,0.700676812645516,781.659350546368,0.700044739780908
"tu","Basin_Elbe","Elbe (whole basin)","bonobo","EUS_243",0.258360226116711,0.293386075492576,1115,0.685581272067447,764.423118355203,0.6894992585053
"tu","Basin_Elbe","Elbe (whole basin)","bonobo","EUS_244",0.286453562615694,0.347362285295566,1115,0.775878074264627,865.135716893247,0.769165046580499
"tu","Basin_Elbe","Elbe (whole basin)","bonobo","EUS_245",0.276350904190381,0.339749057189183,1115,0.782880982952472,872.912295992006,0.782695193799855
"tu","Basin_Elbe","Elbe (whole basin)","bonobo","EUS_249",0.207212971964109,0.258361398334317,1115,0.644589927386389,718.717769035824,0.632669006339136
"tu","Basin_Elbe","Elbe (whole basin)","bonobo","EUS_250",0.212884300127392,0.21072626761764,1115,0.613907386032898,684.506735426681,0.61445648639471
"tu","Basin_Elbe","Elbe (whole basin)","bonobo","EUS_253",0.269851060554199,0.331157653138733,1115,0.761384921418022,848.944187381095,0.75904745376593
"tu","Basin_Elbe","Elbe (whole basin)","bonobo","EUS_254",0.294643887542437,0.364617946442116,1115,0.794709449582632,886.218245900581,0.792555696062591
"tu","Basin_Elbe","Elbe (whole basin)","bonobo","EUS_255",0.204274602907827,0.240960830208462,1115,0.636817157784961,710.08970615476,0.631658870020469
"tu","Basin_Elbe","Elbe (whole basin)","bonobo","EUS_256",0.211230118124789,0.234349692537184,1115,0.637757992225094,711.10016133098,0.632842558500166
"tu","Basin_Elbe","Elbe (whole basin)","bonobo","EUS_257",0.208832070016056,0.243807860868365,1115,0.637029882721632,710.28831923462,0.63437426436007
"tu","Basin_Elbe","Elbe (whole basin)","bonobo","EUS_267",0.197025984400894,0.224941497948527,1115,0.600358015656677,669.399187457195,0.601668052154733
"tu","Basin_Elbe","Elbe (whole basin)","bonobo","EUS_268",0.193360570225789,0.225173804035038,1115,0.594857883059801,663.266539611678,0.600353458005053
"tu","Basin_Elbe","Elbe (whole basin)","bonobo","EUS_269",0.192165346762455,0.233671293700973,1115,0.598200613143684,667.237473887984,0.602594867305568
"tu","Basin_Elbe","Elbe (whole basin)","bonobo","EUS_270",0.216492922344191,0.254914548338962,1115,0.666163586604756,742.772399064303,0.657240560336593
"tu","Basin_Elbe","Elbe (whole basin)","bonobo","EUS_271",0.270597930708134,0.220185142384493,1115,0.686267208151157,765.18793708854,0.68427798025727
"tu","Basin_Elbe","Elbe (whole basin)","bonobo","EUS_272",0.215408825044205,0.256087051644886,1115,0.666446422113592,743.25410448035,0.658833600572135
"tu","Basin_Elbe","Elbe (whole basin)","bonobo","EUS_273",0.209620420467832,0.244444990941331,1115,0.63539953298263,708.470479275632,0.636218803863431
"tu","Basin_Elbe","Elbe (whole basin)","bonobo","EUS_274",0.205210378578059,0.247168618863529,1115,0.646728520649766,721.102300524489,0.648557932659335
"tu","Basin_Elbe","Elbe (whole basin)","bonobo","EUS_275",0.206523158956114,0.244732606378253,1115,0.652563021306123,727.607768756327,0.648437008877591
"tu","Basin_Elbe","Elbe (whole basin)","bonobo","EUS_276",0.204538430732819,0.240809854997125,1115,0.647645773440521,722.125037386181,0.645706201578714
"tu","Basin_Elbe","Elbe (whole basin)","bonobo","EUS_277",0.203555014508406,0.240608548604412,1115,0.651136219470921,726.016884710077,0.653383115974934
"tu","Basin_Elbe","Elbe (whole basin)","bonobo","EUS_278",0.204542586215128,0.244714713189759,1115,0.653528355877345,728.684116803239,0.65650122465928
"tu","Basin_Elbe","Elbe (whole basin)","bonobo","EUS_279",0.202974872805489,0.238677735694458,1115,0.648793197565874,723.40441528595,0.654261811410969
"tu","Basin_Elbe","Elbe (whole basin)","bonobo","EUS_280",0.200507485972806,0.232453456190456,1115,0.643978141777695,718.03562808213,0.649090981937236
"tu","Basin_Elbe","Elbe (whole basin)","bonobo","EUS_281",0.198861947088191,0.219936664148667,1115,0.618869334686092,690.039308174993,0.633084283594428
"tu","Basin_Elbe","Elbe (whole basin)","bonobo","EUS_282",0.199267009861444,0.23703255002097,1115,0.63898475163796,712.467998076325,0.65674168440942
"tu","Basin_Elbe","Elbe (whole basin)","bonobo","EUS_283",0.198993921794568,0.235375881090438,1115,0.635936101276152,709.068752922909,0.658186485235491
"tu","Basin_Elbe","Elbe (whole basin)","bonobo","EUS_284",0.203068130020168,0.239043229120748,1115,0.640929956220815,714.636901186209,0.663638161201511
"tu","Basin_Elbe","Elbe (whole basin)","bonobo","EUS_285",0.200305474126533,0.236870972984074,1115,0.629180677120137,701.536454988952,0.640473178789024
"tu","Basin_Elbe","Elbe (whole basin)","bonobo","EUS_286",0.196422710278292,0.226524955452418,1115,0.615781649923968,686.596539665224,0.621805763181895
"tu","Basin_Elbe","Elbe (whole basin)","bonobo","EUS_287",0.200449440861041,0.225385508992062,1115,0.632017522150356,704.699537197647,0.647680315493861
"tu","Basin_Elbe","Elbe (whole basin)","bonobo","EUS_288",0.197730614729755,0.22696699115656,1115,0.624689704380193,696.529020383915,0.637090679983741
"tu","Basin_Elbe","Elbe (whole basin)","bonobo","EUS_289",0.206983212613023,0.236615595603825,1115,0.641191446967502,714.928463368765,0.642702562823981
"tu","Basin_Elbe","Elbe (whole basin)","bonobo","EUS_290",0.197661493382919,0.227999119727331,1115,0.626635087729633,698.698122818541,0.631107338780957
"tu","Basin_Elbe","Elbe (whole basin)","bonobo","EUS_291",0.198699895463306,0.239937868312822,1115,0.637270746512874,710.556882361854,0.638950941641568
"tu","Basin_Elbe","Elbe (whole basin)","bonobo","EUS_292",0.203761283099974,0.245532884396653,1115,0.639703919375352,713.269870103518,0.637942658455847
"tu","Basin_Elbe","Elbe (whole basin)","bonobo","EUS_293",0.198060566207713,0.244567340077177,1115,0.633550050667333,706.408306494076,0.641750613590742
"tu","Basin_Elbe","Elbe (whole basin)","bonobo","EUS_294",0.197725611231143,0.239548306468543,1115,0.630058279846984,702.514982029388,0.632333235393572
"tu","Basin_Elbe","Elbe (whole basin)","bonobo","EUS_295",0.194899788249797,0.242172751348039,1115,0.628743306323542,701.04878655075,0.641383844650127
"tu","Basin_Elbe","Elbe (whole basin)","bonobo","EUS_296",0.195461935626324,0.239541043447915,1115,0.62339227138563,695.082382594978,0.631864468700917
"tu","Basin_Elbe","Elbe (whole basin)","bonobo","EUS_297",0.198986566714664,0.218954591713016,1115,0.612697531322319,683.157747424386,0.626616600061735
"tu","Basin_Elbe","Elbe (whole basin)","bonobo","EUS_298",0.207740069317361,0.257221185022057,1115,0.643570359986566,717.580951385021,0.645901020892524
"tu","Basin_Elbe","Elbe (whole basin)","bonobo","EUS_299",0.194633818402045,0.256511425393147,1115,0.633544269615587,706.40186062138,0.660480198519302
"tu","Basin_Elbe","Elbe (whole basin)","bonobo","EUS_300",0.198949172647145,0.221084360652395,1115,0.624567380606992,696.392629376796,0.624974368210367
"tu","Basin_Elbe","Elbe (whole basin)","bonobo","EUS_372",0.276532914748061,0.215652852357579,1115,0.690079571796367,769.438722552949,0.690052212000756
"tu","Basin_Elbe","Elbe (whole basin)","bonobo","EUS_373",0.251141956388729,0.240900519854933,1115,0.692720266150995,772.383096758359,0.693397953305091
"tu","Basin_Elbe","Elbe (whole basin)","bonobo","EUS_374",0.229126084078373,0.24010525973374,1115,0.66303028684721,739.278769834639,0.658891402831774
"tu","Basin_Elbe","Elbe (whole basin)","bonobo","EUS_424",0.24037519059198,0.240135293178188,1115,0.686182138707697,765.093084659082,0.685077147576592
"tu","Basin_Elbe","Elbe (whole basin)","bonobo","EUS_425",0.246223446148452,0.240874598214115,1115,0.682605930755931,761.105612792863,0.680262074981636
"tu","Basin_Elbe","Elbe (whole basin)","bonobo","EUS_426",0.198055943190298,0.239114718634356,1115,0.619478522129725,690.718552174644,0.616940338835268
"tu","Basin_Elbe","Elbe (whole basin)","bonobo","EUS_427",0.199165201849502,0.23767762131954,1115,0.613200889603557,683.718991907966,0.620937400429764
"tu","Basin_Elbe","Elbe (whole basin)","bonobo","EUS_428",0.244973737735826,0.243825171239416,1115,0.684882410674457,763.643887902019,0.687192085269452
"tu","Basin_Elbe","Elbe (whole basin)","bonobo","EUS_429",0.197420907942303,0.23878438273676,1115,0.609656315597146,679.766791890818,0.604916277636386
"tu","Basin_Elbe","Elbe (whole basin)","bonobo","EUS_430",0.252802516331076,0.23698355610773,1115,0.689339598962142,768.613652842788,0.688823068954121
"tu","Basin_Elbe","Elbe (whole basin)","bonobo","EUS_431",0.222520677294287,0.244179127399308,1115,0.643399145435171,717.390047160216,0.648899950066429
"tu","Basin_Elbe","Elbe (whole basin)","bonobo","EUS_432",0.260816212122269,0.22898396119345,1115,0.692731912620938,772.396082572346,0.692720379624013
"tu","Basin_Elbe","Elbe (whole basin)","bonobo","EUS_433",0.212703617346093,0.227489571788291,1115,0.612654481558839,683.109746938105,0.613322229254896
"tu","Basin_Elbe","Elbe (whole basin)","bonobo","EUS_434",0.18292327116773,0.240178780977153,1115,0.563211549046145,628.040981990089,0.574741830227804
"tu","Basin_Elbe","Elbe (whole basin)","bonobo","EUS_435",0.226208723198663,0.229353604723128,1115,0.645732419839292,719.991648120811,0.644641911129312
"tu","Basin_Elbe","Elbe (whole basin)","bonobo","EUS_436",0.217037533246141,0.253938029082369,1115,0.671895918964617,749.163949645548,0.667008010074547
"tu","Basin_Elbe","Elbe (whole basin)","bonobo","EUS_437",0.261220805875079,0.243545947052912,1115,0.692787895860889,772.458503884891,0.69276837113208
"tu","Basin_Elbe","Elbe (whole basin)","bonobo","EUS_438",0.236782417672469,0.253312379857856,1115,0.690486568920268,769.892524346099,0.689866774824464
"tu","Basin_Elbe","Elbe (whole basin)","bonobo","EUS_439",0.229251812627021,0.244910086271047,1115,0.660579232547791,736.545844290787,0.653091346047214
"tu","Basin_Elbe","Elbe (whole basin)","bonobo","EUS_440",0.183304644372323,0.272525929562543,1115,0.603106368816624,672.584321652551,0.601531956888134
"tu","Basin_Elbe","Elbe (whole basin)","bonobo","EUS_441",0.23794026967375,0.250277069789488,1115,0.682518068621855,761.007646513369,0.682546947364918
"tu","Basin_Elbe","Elbe (whole basin)","bonobo","EUS_444",0.215437185410153,0.258689000047457,1115,0.660829762868882,736.825185598803,0.655295987647524
"tu","Basin_Elbe","Elbe (whole basin)","bonobo","EUS_445",0.179332207654293,0.29279008783773,1115,0.626664125195052,698.735899756172,0.63041680931879
"tu","Basin_Danube","Danube (whole basin)","lioness","EUS_001",-0.100532455196724,1.43844649226163,751,0.372444030182751,780.260698011147,0.48170440161252
"tu","Basin_Danube","Danube (whole basin)","lioness","EUS_002",0.127073732437754,0.78011307868886,751,0.4523817759314,600.935292429748,0.452991952297864
"tu","Basin_Danube","Danube (whole basin)","lioness","EUS_003",0.411325069000857,2.25400296442605,751,0.996578502898454,1324.29066951209,0.948268176125722
"tu","Basin_Danube","Danube (whole basin)","lioness","EUS_004",0.00536393996940189,0.932676743728797,751,0.346029686997795,561.353928997685,0.358218591482517
"tu","Basin_Danube","Danube (whole basin)","lioness","EUS_005",0.00128430043478829,0.899600799032311,751,0.291473883360315,567.466393218296,0.318195564026421
"tu","Basin_Danube","Danube (whole basin)","lioness","EUS_006",0.199656168933424,0.671176573653526,751,0.433087133784652,600.027504069031,0.425835618210857
"tu","Basin_Danube","Danube (whole basin)","lioness","EUS_007",0.331322661234686,0.545232765805325,751,0.724912702526539,610.362922365596,0.724702438345481
"tu","Basin_Danube","Danube (whole basin)","lioness","EUS_008",0.356215996655808,0.469170897215838,751,0.723114044389014,567.48928811298,0.741325599909244
"tu","Basin_Danube","Danube (whole basin)","lioness","EUS_009",0.242698472527011,0.682812740974133,751,0.640340836427854,616.072917846463,0.618805604783901
"tu","Basin_Danube","Danube (whole basin)","lioness","EUS_010",0.444712050998457,0.544792775961238,751,0.832563279207129,652.25964326824,0.873109743596666
"tu","Basin_Danube","Danube (whole basin)","lioness","EUS_011",0.403804281872679,0.519057385048841,751,0.840312531618989,643.142952004285,0.879204402492228
"tu","Basin_Danube","Danube (whole basin)","lioness","EUS_012",0.33678192186951,0.623660061880671,751,0.69814178417979,591.914637413583,0.701309499422184
"tu","Basin_Danube","Danube (whole basin)","lioness","EUS_013",0.421198798427518,0.540871211980882,751,0.782579024699398,654.909176338941,0.812045219163419
"tu","Basin_Danube","Danube (whole basin)","lioness","EUS_051",0.220765119512689,0.912945104261274,751,0.749265865388455,616.822722416717,0.809479235465169
"tu","Basin_Danube","Danube (whole basin)","lioness","EUS_082",0.154686018075043,1.87362269529576,751,0.395685707012272,645.996558259015,0.427137503758907
"tu","Basin_Danube","Danube (whole basin)","lioness","EUS_096",0.0786547183014193,0.774905174525744,751,0.41288692843924,516.267724085519,0.407244691978325
"tu","Basin_Danube","Danube (whole basin)","lioness","EUS_097",0.0674908577852354,0.945431343873923,751,0.467551867584197,481.62331481955,0.480208909646016
"tu","Basin_Danube","Danube (whole basin)","lioness","EUS_103",0.230070213075019,0.783230046631143,751,0.654862338582715,623.223320273871,0.691606606493362
"tu","Basin_Danube","Danube (whole basin)","lioness","EUS_104",0.159446097410783,0.750720991437499,751,0.422912276061761,563.796981696946,0.407697413916246
"tu","Basin_Danube","Danube (whole basin)","lioness","EUS_105",0.0376179212627765,0.81737615678612,751,0.415414762400763,548.82832204281,0.453401234073576
"tu","Basin_Danube","Danube (whole basin)","lioness","EUS_106",0.0316932308214431,0.845982760801924,751,0.400728008524183,575.332841340581,0.427399776400893
"tu","Basin_Danube","Danube (whole basin)","lioness","EUS_107",0.178121782880676,0.829874905705208,751,0.601910806730809,588.276215821073,0.608298737560424
"tu","Basin_Danube","Danube (whole basin)","lioness","EUS_108",0.0409027059635108,1.80063327330317,751,0.407460104974873,950.826846648872,0.434087126637875
"tu","Basin_Danube","Danube (whole basin)","lioness","EUS_109",0.09993105563017,0.977506299266018,751,0.493583700508833,635.800813138422,0.512852366738532
"tu","Basin_Danube","Danube (whole basin)","lioness","EUS_110",0.297098542913764,1.7442846794832,751,0.609391859892648,951.827233250074,0.675623199379611
"tu","Basin_Danube","Danube (whole basin)","lioness","EUS_158",0.0680937686368234,0.716292148642905,751,0.346276630229946,527.792770802591,0.377812376586699
"tu","Basin_Danube","Danube (whole basin)","lioness","EUS_159",0.0760382873968334,0.720078639454375,751,0.343340904667276,488.572489661597,0.383084206527552
"tu","Basin_Danube","Danube (whole basin)","lioness","EUS_160",0.0984099559569056,1.10633039311736,751,0.460734817741615,735.307310612173,0.506983563613149
"tu","Basin_Danube","Danube (whole basin)","lioness","EUS_161",0.113772637393878,1.33017633525697,751,0.40130477897258,678.260797164491,0.373248198033428
"tu","Basin_Danube","Danube (whole basin)","lioness","EUS_162",0.166957547420055,0.62036415739845,751,0.431600113778706,499.216146289966,0.451247148477496
"tu","Basin_Danube","Danube (whole basin)","lioness","EUS_163",0.166027725673418,0.529700629471004,751,0.528021555745576,480.323640782617,0.565979574929297
"tu","Basin_Danube","Danube (whole basin)","lioness","EUS_164",0.0240086252813258,1.32362138899091,751,0.432148762978395,598.963742953323,0.494395526672191
"tu","Basin_Danube","Danube (whole basin)","lioness","EUS_165",0.284877924206467,0.586432235871371,751,0.622195283489411,600.159875365,0.662376081491524
"tu","Basin_Danube","Danube (whole basin)","lioness","EUS_166",0.288614081622662,0.49197374372571,751,0.624608483244779,552.696801669439,0.64880666310193
"tu","Basin_Danube","Danube (whole basin)","lioness","EUS_167",0.205624630575084,0.39679406468622,751,0.586120909021047,486.055131136344,0.629412394528284
"tu","Basin_Danube","Danube (whole basin)","lioness","EUS_168",0.169534243942078,0.475086941573323,751,0.525082222496918,500.97906817054,0.579175882525605
"tu","Basin_Danube","Danube (whole basin)","lioness","EUS_169",0.227087503608055,0.684480797142552,751,0.589852060641572,514.68541179269,0.628036257179801
"tu","Basin_Danube","Danube (whole basin)","lioness","EUS_170",0.106161096747116,0.933302820887964,751,0.372274860556961,521.967111283213,0.403118721842757
"tu","Basin_Danube","Danube (whole basin)","lioness","EUS_171",0.31314574387065,0.520845193143677,751,0.623253666361116,573.45717844673,0.663737297698339
"tu","Basin_Danube","Danube (whole basin)","lioness","EUS_172",0.253182996330164,0.479099653909117,751,0.643867962814383,533.4695216952,0.653403408528603
"tu","Basin_Danube","Danube (whole basin)","lioness","EUS_173",2.27149112112211,4.22472411576965,751,2.30705320223733,1977.4088449691,2.33696285043975
"tu","Basin_Danube","Danube (whole basin)","lioness","EUS_174",0.121458391387385,1.71054590532344,751,0.470404676309547,855.877320628269,0.413003527852213
"tu","Basin_Danube","Danube (whole basin)","lioness","EUS_175",0.0955085993348857,0.560372146176001,751,0.404967838174067,455.408379035318,0.429693050638545
"tu","Basin_Danube","Danube (whole basin)","lioness","EUS_176",-0.0185933494775544,0.986552731460527,751,0.225849759067054,678.530297369752,0.217696849085774
"tu","Basin_Danube","Danube (whole basin)","lioness","EUS_177",0.189397020925652,1.54875945433703,751,0.683792825341041,954.561097342514,0.643770785032318
"tu","Basin_Danube","Danube (whole basin)","lioness","EUS_178",0.10354524362817,0.549560008536079,751,0.484515451826973,495.02459669052,0.534629515725876
"tu","Basin_Danube","Danube (whole basin)","lioness","EUS_179",0.0509785292411069,0.81096775435317,751,0.394907527677233,560.420875362992,0.406293383335362
"tu","Basin_Danube","Danube (whole basin)","lioness","EUS_180",0.124791358766015,0.849957893970842,751,0.551383281241828,508.971877306665,0.606853947941928
"tu","Basin_Danube","Danube (whole basin)","lioness","EUS_181",1.53658095815441,2.64253214255888,751,1.51487776057143,1450.26891348716,1.36836771370512
"tu","Basin_Danube","Danube (whole basin)","lioness","EUS_182",0.023733634706631,0.799153723984701,751,0.37839994487434,541.200208559733,0.415158321634305
"tu","Basin_Danube","Danube (whole basin)","lioness","EUS_183",2.56972207787178,4.4549083594068,751,2.24401260038672,2063.95357611763,2.25049430380891
"tu","Basin_Danube","Danube (whole basin)","lioness","EUS_301",0.1684008318297,0.505389292004457,751,0.436889105048834,574.477345960362,0.421560552535294
"tu","Basin_Danube","Danube (whole basin)","lioness","EUS_302",0.170877409348445,0.438749528238916,751,0.627531537691652,492.274477021535,0.640595637038547
"tu","Basin_Danube","Danube (whole basin)","lioness","EUS_303",0.144874498567706,0.463801892472235,751,0.633903040211758,501.124461037005,0.654712650526719
"tu","Basin_Danube","Danube (whole basin)","lioness","EUS_304",0.10644185718738,0.609997269589973,751,0.619192248147752,499.090475621386,0.651651155163279
"tu","Basin_Danube","Danube (whole basin)","lioness","EUS_305",0.241579372042232,0.627059645839379,751,0.680542784572558,572.40238348113,0.646166133757458
"tu","Basin_Danube","Danube (whole basin)","lioness","EUS_306",0.171449166109018,0.551015024371698,751,0.621184038073547,509.844054951524,0.622960208567881
"tu","Basin_Danube","Danube (whole basin)","lioness","EUS_307",0.181615981665484,0.507659368419603,751,0.667054201769183,522.311669508334,0.665432476542985
"tu","Basin_Danube","Danube (whole basin)","lioness","EUS_308",0.191300216431794,0.466927032390158,751,0.64672754425321,515.789956073069,0.638239229429772
"tu","Basin_Danube","Danube (whole basin)","lioness","EUS_309",0.141767639625732,0.613083047995101,751,0.603599999537394,505.872079079267,0.608969203601012
"tu","Basin_Danube","Danube (whole basin)","lioness","EUS_310",0.169928703351345,0.485517851203909,751,0.639621807290762,513.816892906838,0.644074068747759
"tu","Basin_Danube","Danube (whole basin)","lioness","EUS_311",0.0848187066588403,1.39979827872328,751,0.467963212146554,601.335202209506,0.469003887724032
"tu","Basin_Danube","Danube (whole basin)","lioness","EUS_312",0.176887080525972,1.01794378324187,751,0.551005017260994,546.653110810842,0.582113036440074
"tu","Basin_Danube","Danube (whole basin)","lioness","EUS_313",0.207199965013399,1.24061020321578,751,0.567481526865145,562.98816677469,0.62240327952016
"tu","Basin_Danube","Danube (whole basin)","lioness","EUS_314",0.118419327105131,0.609622023835588,751,0.59245633062965,503.656725987962,0.606260436564038
"tu","Basin_Danube","Danube (whole basin)","lioness","EUS_315",0.144068824469657,0.585152870737447,751,0.57713417797211,528.566639255359,0.572113187665601
"tu","Basin_Danube","Danube (whole basin)","lioness","EUS_316",0.120598556381751,0.604351414563416,751,0.604300753085606,494.79135897022,0.603579126879361
"tu","Basin_Danube","Danube (whole basin)","lioness","EUS_317",0.109420391275389,0.659325269166499,751,0.589190037015785,506.904329566703,0.609422788323497
"tu","Basin_Danube","Danube (whole basin)","lioness","EUS_318",0.10842071911163,0.568904875055806,751,0.597727505012835,498.214010242013,0.611325377853258
"tu","Basin_Danube","Danube (whole basin)","lioness","EUS_319",0.12318873544935,0.433406769151279,751,0.59177636427649,479.968878777752,0.62244463159641
"tu","Basin_Danube","Danube (whole basin)","lioness","EUS_320",0.116698679910469,0.487271847705513,751,0.57075223162147,482.474633735691,0.597591720548222
"tu","Basin_Danube","Danube (whole basin)","lioness","EUS_321",0.107851376584987,0.754473711594075,751,0.565934591306332,514.792571102876,0.615270026839128
"tu","Basin_Danube","Danube (whole basin)","lioness","EUS_322",0.118938902610644,0.481473569035263,751,0.617695263944525,500.980698855358,0.630605371905758
"tu","Basin_Danube","Danube (whole basin)","lioness","EUS_323",0.143972315747672,0.464754353069722,751,0.591978539839849,503.1882109943,0.609124011899857
"tu","Basin_Danube","Danube (whole basin)","lioness","EUS_324",0.122053971679342,0.480416845031946,751,0.587061686542681,476.030508173665,0.622275585836438
"tu","Basin_Danube","Danube (whole basin)","lioness","EUS_325",0.125674350158887,0.439163713106387,751,0.597051742279625,480.667645132417,0.608634441186104
"tu","Basin_Danube","Danube (whole basin)","lioness","EUS_326",0.130856624284411,0.475900483144374,751,0.605230935550905,496.689428750003,0.619375086351542
"tu","Basin_Danube","Danube (whole basin)","lioness","EUS_327",0.145349472959975,0.420493407056042,751,0.623085943287964,493.415973719513,0.648460815629727
"tu","Basin_Danube","Danube (whole basin)","lioness","EUS_328",0.122832076650624,0.485829707996386,751,0.60085463208979,490.940764375531,0.632525361804353
"tu","Basin_Danube","Danube (whole basin)","lioness","EUS_329",0.133436558718106,0.460886594225512,751,0.602533748539328,490.455237046344,0.627345302705162
"tu","Basin_Danube","Danube (whole basin)","lioness","EUS_330",0.190750590547409,0.394561465704449,751,0.623578559714224,496.282306342405,0.638835821997364
"tu","Basin_Danube","Danube (whole basin)","lioness","EUS_331",0.181566976721436,0.382285281439544,751,0.626901613799594,503.658836233955,0.644622482984262
"tu","Basin_Danube","Danube (whole basin)","lioness","EUS_332",0.118034865439835,0.529584249930945,751,0.594895779730388,492.543131552325,0.607272439224865
"tu","Basin_Danube","Danube (whole basin)","lioness","EUS_333",0.0702464931742404,0.845400688999446,751,0.545297594467033,508.240774391455,0.575580104972999
"tu","Basin_Danube","Danube (whole basin)","lioness","EUS_334",0.105326288940061,0.59591188646822,751,0.397180722067465,569.927590630346,0.405866456248372
"tu","Basin_Danube","Danube (whole basin)","lioness","EUS_335",0.122318941391589,0.581578447221618,751,0.502704673349471,510.668753433294,0.52215632295711
"tu","Basin_Danube","Danube (whole basin)","lioness","EUS_336",0.138451594348402,0.551933467169223,751,0.550525763154957,498.99093651096,0.558791201581413
"tu","Basin_Danube","Danube (whole basin)","lioness","EUS_337",0.121696458842111,0.52606845584478,751,0.600914583183424,504.410601283169,0.627305288559929
"tu","Basin_Danube","Danube (whole basin)","lioness","EUS_338",0.104732488182159,0.528941874163628,751,0.438256826863014,483.965909246785,0.448692587829032
"tu","Basin_Danube","Danube (whole basin)","lioness","EUS_339",0.0875452605281785,0.674582820902424,751,0.428591426710454,497.388388023137,0.438755325834634
"tu","Basin_Danube","Danube (whole basin)","lioness","EUS_340",0.156621645907495,0.402688841759084,751,0.629973084981575,487.678400105811,0.645263001321848
"tu","Basin_Danube","Danube (whole basin)","lioness","EUS_341",0.165106299915988,0.460840923194307,751,0.631689929599765,501.598778293487,0.647405661956914
"tu","Basin_Danube","Danube (whole basin)","lioness","EUS_342",0.140027532634528,0.555150101141406,751,0.458299718733654,462.523789671545,0.451685676565394
"tu","Basin_Danube","Danube (whole basin)","lioness","EUS_343",0.160822056219295,0.435447007902525,751,0.640752927431651,502.524122085174,0.660253127583767
"tu","Basin_Danube","Danube (whole basin)","lioness","EUS_344",0.0656727550935977,0.633487791134548,751,0.540681020335653,491.972738544679,0.578894737939728
"tu","Basin_Danube","Danube (whole basin)","lioness","EUS_345",0.13920121588302,0.538047082720248,751,0.570939928417436,489.183953421613,0.580290945988805
"tu","Basin_Danube","Danube (whole basin)","lioness","EUS_346",0.100799929835074,1.26478774269805,751,0.416151777972103,571.213510403217,0.428219977880594
"tu","Basin_Danube","Danube (whole basin)","lioness","EUS_347",0.0859123126502593,0.755131007444266,751,0.631936642113075,518.669259054887,0.647948637537194
"tu","Basin_Danube","Danube (whole basin)","lioness","EUS_348",0.1178840281828,0.555856349524324,751,0.620969000196168,522.970906655187,0.639843775844515
"tu","Basin_Danube","Danube (whole basin)","lioness","EUS_349",0.0339961287362978,0.95511823863767,751,0.575335452495904,590.67707500036,0.547336037152475
"tu","Basin_Danube","Danube (whole basin)","lioness","EUS_350",0.0730028350543,0.802525780855375,751,0.595491364840871,551.647591934981,0.589873868972152
"tu","Basin_Danube","Danube (whole basin)","lioness","EUS_351",0.119541986717089,0.596825749876079,751,0.641892707926328,525.185914392589,0.648326053890492
"tu","Basin_Danube","Danube (whole basin)","lioness","EUS_352",-0.0433979640975243,1.18036150653253,751,0.471554412373169,645.227058309477,0.597683164894595
"tu","Basin_Danube","Danube (whole basin)","lioness","EUS_353",0.061541526428324,0.91841118928678,751,0.511425222496558,648.796503689743,0.596465889652189
"tu","Basin_Danube","Danube (whole basin)","lioness","EUS_354",0.167425891126821,0.751865623630567,751,0.57029089633458,555.166042335502,0.603478499448946
"tu","Basin_Danube","Danube (whole basin)","lioness","EUS_355",0.208973161656843,2.1523156945144,751,1.30004130497322,1216.14888221833,1.34238801927039
"tu","Basin_Danube","Danube (whole basin)","lioness","EUS_356",0.036645483044953,0.732268289821233,751,0.405746344084827,584.759036149835,0.507901247258084
"tu","Basin_Danube","Danube (whole basin)","lioness","EUS_357",0.182372348068455,0.448528247609164,751,0.558461338900001,471.360136786109,0.580319700299482
"tu","Basin_Danube","Danube (whole basin)","lioness","EUS_358",0.259510720946192,0.431312761233377,751,0.588281820248113,494.293653972515,0.597498792809322
"tu","Basin_Danube","Danube (whole basin)","lioness","EUS_359",0.059144937632694,0.895720082195384,751,0.493438978811624,625.329891708354,0.483100529014543
"tu","Basin_Danube","Danube (whole basin)","lioness","EUS_360",0.264671884105794,1.95556599118262,751,1.65732711803975,1450.50769293512,1.71412073817948
"tu","Basin_Danube","Danube (whole basin)","lioness","EUS_361",0.0290199997206738,1.13747831179807,751,0.932114909927187,955.037649643666,0.955266497037076
"tu","Basin_Danube","Danube (whole basin)","lioness","EUS_362",0.0376970362392731,1.21454089926979,751,1.0251177297614,1034.38201762876,0.994735405767611
"tu","Basin_Danube","Danube (whole basin)","lioness","EUS_363",0.291485009014845,0.658225058428143,751,0.686277774811689,651.568624874391,0.751964895311143
"tu","Basin_Danube","Danube (whole basin)","lioness","EUS_364",0.594901521938539,2.95330148203555,751,2.39958501758808,2083.76470769616,2.22633231646165
"tu","Basin_Danube","Danube (whole basin)","lioness","EUS_365",0.0998030041864619,1.30589299087059,751,1.14617923611051,1073.64435506776,1.22872909297562
"tu","Basin_Danube","Danube (whole basin)","lioness","EUS_366",0.149829826992149,1.53591743623332,751,1.29342905277918,1208.73513011001,1.26606040657621
"tu","Basin_Danube","Danube (whole basin)","lioness","EUS_367",0.502531160971453,3.4162014558455,751,1.91417162004019,1967.65863844647,1.64906929010412
"tu","Basin_Danube","Danube (whole basin)","lioness","EUS_368",-0.0502092696280324,1.2798169354884,751,0.3865142406903,742.990455008785,0.347912883911154
"tu","Basin_Danube","Danube (whole basin)","lioness","EUS_369",0.17131689902648,0.797880387465887,751,0.606179429774113,624.52095414408,0.672686341044816
"tu","Basin_Danube","Danube (whole basin)","lioness","EUS_370",0.0996468253456389,0.540723019926783,751,0.539600968799825,498.024671649544,0.599142116668676
"tu","Basin_Danube","Danube (whole basin)","lioness","EUS_371",0.121310883489185,0.552524099768514,751,0.506943236692923,475.350751295341,0.543939858619189
"tu","Basin_Danube","Danube (whole basin)","lioness","EUS_376",0.0407571567125296,1.26899665514622,751,0.761838499382891,645.300401317632,0.796959444521189
"tu","Basin_Danube","Danube (whole basin)","lioness","EUS_377",0.0268856193789623,1.29773387061197,751,0.715136986159319,657.056171836705,0.729738766297316
"tu","Basin_Danube","Danube (whole basin)","lioness","EUS_378",0.253979327349635,0.825555428776044,751,0.712032237362003,661.520807808901,0.724652572150716
"tu","Basin_Danube","Danube (whole basin)","lioness","EUS_379",-0.0232058296923895,1.43490785305856,751,0.403845655155919,548.614769281747,0.436523916810133
"tu","Basin_Danube","Danube (whole basin)","lioness","EUS_380",0.0311771220890863,1.25743431763479,751,0.665556874216148,641.15633597553,0.691200556187106
"tu","Basin_Danube","Danube (whole basin)","bonobo","EUS_001",0.164718078131395,0.250693603795362,751,0.609439706500656,462.436303548962,0.635372082316318
"tu","Basin_Danube","Danube (whole basin)","bonobo","EUS_002",0.187282572203574,0.230167855452637,751,0.617788128541595,468.0573565885,0.631260697127901
"tu","Basin_Danube","Danube (whole basin)","bonobo","EUS_003",0.200862147529675,0.305137799287368,751,0.665616977022952,504.378734749844,0.673064819549175
"tu","Basin_Danube","Danube (whole basin)","bonobo","EUS_004",0.168709796201384,0.238878954671681,751,0.601442618843665,456.37257885043,0.617158993544658
"tu","Basin_Danube","Danube (whole basin)","bonobo","EUS_005",0.168993637289932,0.235943167151213,751,0.596886960907049,452.990698013334,0.613647232592431
"tu","Basin_Danube","Danube (whole basin)","bonobo","EUS_006",0.197281045827835,0.22604517748868,751,0.618660382915354,469.304825824738,0.631802251982279
"tu","Basin_Danube","Danube (whole basin)","bonobo","EUS_007",0.215251763287568,0.228348340400681,751,0.654582323302848,495.862935425722,0.667557482581342
"tu","Basin_Danube","Danube (whole basin)","bonobo","EUS_008",0.218122596022228,0.226311554856464,751,0.653880602647332,495.819612891122,0.669863299778984
"tu","Basin_Danube","Danube (whole basin)","bonobo","EUS_009",0.203692807598392,0.231468632658222,751,0.64429959139077,487.804658545892,0.654939140899937
"tu","Basin_Danube","Danube (whole basin)","bonobo","EUS_010",0.229870009026447,0.225349240169965,751,0.66763796297639,505.508140682653,0.685438742666332
"tu","Basin_Danube","Danube (whole basin)","bonobo","EUS_011",0.225473960814739,0.226963022950198,751,0.669149641979632,506.220309197107,0.686205308820884
"tu","Basin_Danube","Danube (whole basin)","bonobo","EUS_012",0.216218348711636,0.226287806941067,751,0.650885286596988,492.972968234413,0.664724515481954
"tu","Basin_Danube","Danube (whole basin)","bonobo","EUS_013",0.226802671283681,0.224774625420989,751,0.661403642147816,500.51043517049,0.677830268873347
"tu","Basin_Danube","Danube (whole basin)","bonobo","EUS_051",0.2030136171447,0.241473269736415,751,0.655877648953644,496.730743169331,0.674930127416035
"tu","Basin_Danube","Danube (whole basin)","bonobo","EUS_082",0.176793522307828,0.247988845687246,751,0.605611694411648,457.798817248378,0.623400872957306
"tu","Basin_Danube","Danube (whole basin)","bonobo","EUS_096",0.177830996758803,0.231427733814296,751,0.610995236571156,463.206834201716,0.624334268623253
"tu","Basin_Danube","Danube (whole basin)","bonobo","EUS_097",0.176768567492287,0.239143227388926,751,0.616580856436841,467.395148501959,0.631595383973003
"tu","Basin_Danube","Danube (whole basin)","bonobo","EUS_103",0.202261972707632,0.235994081871418,751,0.645926846209441,489.305752262874,0.663835518733431
"tu","Basin_Danube","Danube (whole basin)","bonobo","EUS_104",0.191460028869804,0.22937467366328,751,0.613638165753275,465.09043437598,0.625258363315136
"tu","Basin_Danube","Danube (whole basin)","bonobo","EUS_105",0.171671096622181,0.233269245689374,751,0.609531683763311,462.63302932223,0.628622089540347
"tu","Basin_Danube","Danube (whole basin)","bonobo","EUS_106",0.170614592803658,0.233970772866964,751,0.60849682596355,461.857349321553,0.626495998339837
"tu","Basin_Danube","Danube (whole basin)","bonobo","EUS_107",0.195889247728158,0.234671331411014,751,0.637479521624692,482.979595337035,0.652004356166214
"tu","Basin_Danube","Danube (whole basin)","bonobo","EUS_108",0.168902839448326,0.267801357794298,751,0.610890954761733,463.293472274531,0.627923069388182
"tu","Basin_Danube","Danube (whole basin)","bonobo","EUS_109",0.176418808017369,0.24054092321201,751,0.618838505261019,469.185741071586,0.634604263447349
"tu","Basin_Danube","Danube (whole basin)","bonobo","EUS_110",0.19388612151599,0.269968811549049,751,0.630178696459453,477.515372051165,0.651751744112773
"tu","Basin_Danube","Danube (whole basin)","bonobo","EUS_158",0.174943627516851,0.228993392963451,751,0.60025101070605,454.108734220747,0.618588078699545
"tu","Basin_Danube","Danube (whole basin)","bonobo","EUS_159",0.176326911331192,0.227539490320174,751,0.599521428699197,455.122112777614,0.619109131644197
"tu","Basin_Danube","Danube (whole basin)","bonobo","EUS_160",0.176286957333282,0.24283899529898,751,0.618188404679781,467.961966134409,0.638450704381506
"tu","Basin_Danube","Danube (whole basin)","bonobo","EUS_161",0.178372877851051,0.249396386209776,751,0.609004082787946,462.273313785606,0.61983588266554
"tu","Basin_Danube","Danube (whole basin)","bonobo","EUS_162",0.190545687652453,0.221619492283956,751,0.612927492738028,465.175896093224,0.62948357468568
"tu","Basin_Danube","Danube (whole basin)","bonobo","EUS_163",0.190832022318396,0.222539111934584,751,0.624897216205958,474.198802736133,0.64368151099911
"tu","Basin_Danube","Danube (whole basin)","bonobo","EUS_164",0.171716470887766,0.24292807963925,751,0.613674775077384,465.789213208522,0.635747638690069
"tu","Basin_Danube","Danube (whole basin)","bonobo","EUS_165",0.208604963266268,0.226094882759537,751,0.641860641190674,486.274048881943,0.659727745575737
"tu","Basin_Danube","Danube (whole basin)","bonobo","EUS_166",0.208783688505217,0.224425855669085,751,0.64162222001227,486.715828817557,0.658479583278083
"tu","Basin_Danube","Danube (whole basin)","bonobo","EUS_167",0.194860409336417,0.223603175916917,751,0.633485211793456,480.6152269433,0.652887139622417
"tu","Basin_Danube","Danube (whole basin)","bonobo","EUS_168",0.189762768387518,0.22255116321263,751,0.625455345595392,474.619398501562,0.647033165287937
"tu","Basin_Danube","Danube (whole basin)","bonobo","EUS_169",0.201269975852771,0.225962450530951,751,0.634682064553722,481.566037248734,0.65350186450486
"tu","Basin_Danube","Danube (whole basin)","bonobo","EUS_170",0.178760770942032,0.233576921800552,751,0.606355893569127,460.297406620053,0.624708857240595
"tu","Basin_Danube","Danube (whole basin)","bonobo","EUS_171",0.212255163601803,0.221589252726044,751,0.641425418128143,486.485359563671,0.659791764152893
"tu","Basin_Danube","Danube (whole basin)","bonobo","EUS_172",0.202631436684179,0.229168570293365,751,0.643053468830405,487.73521058745,0.658004623552183
"tu","Basin_Danube","Danube (whole basin)","bonobo","EUS_173",0.330923931463513,0.331050392038541,751,0.73880421867921,557.351449628929,0.741423903593873
"tu","Basin_Danube","Danube (whole basin)","bonobo","EUS_174",0.179038546458408,0.275167272861782,751,0.618820645094029,469.651304017079,0.629312804752483
"tu","Basin_Danube","Danube (whole basin)","bonobo","EUS_175",0.178950425569758,0.222284905128953,751,0.607059318381818,460.796752123365,0.623806027215716
"tu","Basin_Danube","Danube (whole basin)","bonobo","EUS_176",0.165422887553155,0.237107547147022,751,0.58619822492132,445.081620614306,0.598346485564641
"tu","Basin_Danube","Danube (whole basin)","bonobo","EUS_177",0.185618890145706,0.271864928354172,751,0.641756001514819,486.486685001201,0.654020972093083
"tu","Basin_Danube","Danube (whole basin)","bonobo","EUS_178",0.18094480508616,0.224812494442458,751,0.619476076721853,470.11008082413,0.639429533096663
"tu","Basin_Danube","Danube (whole basin)","bonobo","EUS_179",0.178262800351214,0.226454570259704,751,0.61499416207489,466.755582005009,0.633414378908259
"tu","Basin_Danube","Danube (whole basin)","bonobo","EUS_180",0.187860290517941,0.230623211608931,751,0.629630965298521,477.720373372534,0.650034929833827
"tu","Basin_Danube","Danube (whole basin)","bonobo","EUS_181",0.301630507526937,0.303025529161208,751,0.713345868127897,540.355531245807,0.71686907940111
"tu","Basin_Danube","Danube (whole basin)","bonobo","EUS_182",0.171765666743605,0.231309648658557,751,0.606238188349253,460.15201030258,0.62474084126163
"tu","Basin_Danube","Danube (whole basin)","bonobo","EUS_183",0.344515655764481,0.338467566345121,751,0.741659877733655,561.438369447815,0.749598643112548
"tu","Basin_Danube","Danube (whole basin)","bonobo","EUS_301",0.190810562745256,0.221622138922976,751,0.622147202960861,471.016213432649,0.634226512626558
"tu","Basin_Danube","Danube (whole basin)","bonobo","EUS_302",0.189696457687463,0.228378373977027,751,0.639843160538843,485.183281296343,0.655245852220496
"tu","Basin_Danube","Danube (whole basin)","bonobo","EUS_303",0.185414564841511,0.232049682528448,751,0.640794439792897,485.906827049875,0.657354727211094
"tu","Basin_Danube","Danube (whole basin)","bonobo","EUS_304",0.179093569832081,0.237374590070343,751,0.637692958690239,483.7175976214,0.655566196272298
"tu","Basin_Danube","Danube (whole basin)","bonobo","EUS_305",0.202464443933355,0.233029821537806,751,0.648876771960581,490.721492178726,0.657160792101168
"tu","Basin_Danube","Danube (whole basin)","bonobo","EUS_306",0.190862801418429,0.232963055425009,751,0.639300139787136,484.400403360868,0.653089522085809
"tu","Basin_Danube","Danube (whole basin)","bonobo","EUS_307",0.191670610590875,0.235544035484457,751,0.645759576451381,489.25150621441,0.658714907634797
"tu","Basin_Danube","Danube (whole basin)","bonobo","EUS_308",0.192931191676168,0.232487880501639,751,0.642897568765678,487.136160407633,0.654865090770187
"tu","Basin_Danube","Danube (whole basin)","bonobo","EUS_309",0.187322835692998,0.235410328611371,751,0.636975504292515,482.711401947897,0.651013062519623
"tu","Basin_Danube","Danube (whole basin)","bonobo","EUS_310",0.189452748772372,0.235207662961521,751,0.641756508332488,486.287945038625,0.655750264258076
"tu","Basin_Danube","Danube (whole basin)","bonobo","EUS_311",0.177297757282439,0.248256874132339,751,0.625390644510789,474.404510952301,0.641475874525925
"tu","Basin_Danube","Danube (whole basin)","bonobo","EUS_312",0.184981674037417,0.244724145568667,751,0.629457656901335,477.515035839694,0.64702917543854
"tu","Basin_Danube","Danube (whole basin)","bonobo","EUS_313",0.186705587090904,0.253522672960114,751,0.631480710892683,479.03489826051,0.652146287988754
"tu","Basin_Danube","Danube (whole basin)","bonobo","EUS_314",0.183109684619134,0.235009975438685,751,0.635646079068055,481.669764080444,0.650748044402615
"tu","Basin_Danube","Danube (whole basin)","bonobo","EUS_315",0.186844063990376,0.235814280211955,751,0.633973368064201,480.835597003349,0.646748024307002
"tu","Basin_Danube","Danube (whole basin)","bonobo","EUS_316",0.182644496207107,0.235680851702742,751,0.636828347641529,482.621623490044,0.650382820211611
"tu","Basin_Danube","Danube (whole basin)","bonobo","EUS_317",0.178537701156546,0.23867267986016,751,0.633722567135187,480.337754554929,0.65006285410112
"tu","Basin_Danube","Danube (whole basin)","bonobo","EUS_318",0.180226059819109,0.235639116272153,751,0.63564744940272,482.092357920072,0.651303623576084
"tu","Basin_Danube","Danube (whole basin)","bonobo","EUS_319",0.181102825187624,0.227607988041462,751,0.634052793286006,480.889581372075,0.652172421066037
"tu","Basin_Danube","Danube (whole basin)","bonobo","EUS_320",0.180896280289988,0.229282197051575,751,0.632338601251534,479.484443987713,0.65048280453205
"tu","Basin_Danube","Danube (whole basin)","bonobo","EUS_321",0.178074481602796,0.239694490336984,751,0.630528559452777,478.277448174889,0.651073729382928
"tu","Basin_Danube","Danube (whole basin)","bonobo","EUS_322",0.180663708519836,0.232385842480958,751,0.638497339357129,484.260938934428,0.654032993019736
"tu","Basin_Danube","Danube (whole basin)","bonobo","EUS_323",0.18508107297795,0.230822831177756,751,0.634791537750166,481.451212684702,0.650979357090013
"tu","Basin_Danube","Danube (whole basin)","bonobo","EUS_324",0.18174952116326,0.23090542154965,751,0.633517856446485,480.506798446435,0.652479890811198
"tu","Basin_Danube","Danube (whole basin)","bonobo","EUS_325",0.181729153935398,0.229027347231013,751,0.634974084202275,481.628237484089,0.650027479240069
"tu","Basin_Danube","Danube (whole basin)","bonobo","EUS_326",0.183348003016739,0.230911728558472,751,0.636593575352683,482.783318336415,0.65222227496675
"tu","Basin_Danube","Danube (whole basin)","bonobo","EUS_327",0.18489594130253,0.229670136987247,751,0.63900596943896,484.618786938761,0.656360266523958
"tu","Basin_Danube","Danube (whole basin)","bonobo","EUS_328",0.182142919448887,0.229660765632104,751,0.635675951556845,482.103406273658,0.653923954995904
"tu","Basin_Danube","Danube (whole basin)","bonobo","EUS_329",0.183635075215313,0.229242342793101,751,0.636010116635663,482.370037952805,0.653196167433906
"tu","Basin_Danube","Danube (whole basin)","bonobo","EUS_330",0.192335981809426,0.225969347701051,751,0.639091992416169,484.741089278811,0.654665433392962
"tu","Basin_Danube","Danube (whole basin)","bonobo","EUS_331",0.190361562144538,0.229720750162972,751,0.639757447110527,485.17623866694,0.655784694571351
"tu","Basin_Danube","Danube (whole basin)","bonobo","EUS_332",0.181338459631517,0.233739774752941,751,0.634451612250331,481.230158388046,0.649595013932731
"tu","Basin_Danube","Danube (whole basin)","bonobo","EUS_333",0.175507684744768,0.239554944816725,751,0.62645768193938,475.261924537578,0.643904128754165
"tu","Basin_Danube","Danube (whole basin)","bonobo","EUS_334",0.181777829134764,0.226643839044467,751,0.614243062360269,466.086727919652,0.629790701330415
"tu","Basin_Danube","Danube (whole basin)","bonobo","EUS_335",0.182491438053608,0.232962665692422,751,0.621837007769701,471.48744560971,0.637778984243093
"tu","Basin_Danube","Danube (whole basin)","bonobo","EUS_336",0.18525881036253,0.232301636329227,751,0.628665940769884,476.748484872875,0.642942020970194
"tu","Basin_Danube","Danube (whole basin)","bonobo","EUS_337",0.181815819135795,0.236234651910874,751,0.635576811113598,482.086863613195,0.652951084886129
"tu","Basin_Danube","Danube (whole basin)","bonobo","EUS_338",0.179762368909632,0.223204892179153,751,0.61198109201951,464.054480671551,0.627055018097104
"tu","Basin_Danube","Danube (whole basin)","bonobo","EUS_339",0.17769053850188,0.227652426141298,751,0.610907024976398,463.279686559341,0.626196666269176
"tu","Basin_Danube","Danube (whole basin)","bonobo","EUS_340",0.186449450620944,0.23209126591201,751,0.639472063219473,484.929169510786,0.654931908716957
"tu","Basin_Danube","Danube (whole basin)","bonobo","EUS_341",0.188619085294758,0.232114644920723,751,0.64035003392105,485.721106021089,0.656089969743459
"tu","Basin_Danube","Danube (whole basin)","bonobo","EUS_342",0.185936703026389,0.22100377500476,751,0.615186794865747,466.277140813659,0.627548219312206
"tu","Basin_Danube","Danube (whole basin)","bonobo","EUS_343",0.187578104188952,0.233161552559261,751,0.641465651725186,486.514212176683,0.657636661943493
"tu","Basin_Danube","Danube (whole basin)","bonobo","EUS_344",0.174225976339205,0.228819381074043,751,0.627312159253294,475.810314502795,0.645352036885182
"tu","Basin_Danube","Danube (whole basin)","bonobo","EUS_345",0.185346709459879,0.231578276010557,751,0.631224299916293,478.767153194244,0.64605591882152
"tu","Basin_Danube","Danube (whole basin)","bonobo","EUS_346",0.176250161305756,0.247079345473639,751,0.609030942570795,462.13637473886,0.623786607538942
"tu","Basin_Danube","Danube (whole basin)","bonobo","EUS_347",0.17991368527171,0.241280334026635,751,0.640150903506211,485.572850747521,0.655819345576102
"tu","Basin_Danube","Danube (whole basin)","bonobo","EUS_348",0.182563183041146,0.236238538646953,751,0.639136326265377,484.804986946255,0.655480545552812
"tu","Basin_Danube","Danube (whole basin)","bonobo","EUS_349",0.173916827196012,0.249718549653128,751,0.635526596195676,482.011793874482,0.64581244115796
"tu","Basin_Danube","Danube (whole basin)","bonobo","EUS_350",0.179068535158555,0.244110149583792,751,0.635515408687762,482.079396756241,0.648169735759459
"tu","Basin_Danube","Danube (whole basin)","bonobo","EUS_351",0.183629326640104,0.238554422741042,751,0.641181524620985,486.215055676401,0.655368892887974
"tu","Basin_Danube","Danube (whole basin)","bonobo","EUS_352",0.168044863148731,0.245684006410314,751,0.617875791279738,468.644546852379,0.64752217359145
"tu","Basin_Danube","Danube (whole basin)","bonobo","EUS_353",0.179106400406739,0.239800981752391,751,0.623909033937277,473.002894067233,0.647584719317416
"tu","Basin_Danube","Danube (whole basin)","bonobo","EUS_354",0.193045491562844,0.23207752066647,751,0.633628311294856,480.303383965516,0.651596273190138
"tu","Basin_Danube","Danube (whole basin)","bonobo","EUS_355",0.182186134811313,0.306827985693938,751,0.698851526207123,529.007557209619,0.715616647226283
"tu","Basin_Danube","Danube (whole basin)","bonobo","EUS_356",0.171983859016555,0.234376668260165,751,0.609201803431234,461.374795382372,0.632845905773705
"tu","Basin_Danube","Danube (whole basin)","bonobo","EUS_357",0.191444741287109,0.222141226625087,751,0.629095876677333,476.929932785996,0.645815747862775
"tu","Basin_Danube","Danube (whole basin)","bonobo","EUS_358",0.203188071941625,0.220244332077601,751,0.634296783086222,480.844433401558,0.649165506295197
"tu","Basin_Danube","Danube (whole basin)","bonobo","EUS_359",0.170447824997792,0.241581240875683,751,0.618919960144687,469.702059538709,0.630758533955803
"tu","Basin_Danube","Danube (whole basin)","bonobo","EUS_360",0.187467505887621,0.32138775010245,751,0.72861093225122,551.993389295833,0.74843436391039
"tu","Basin_Danube","Danube (whole basin)","bonobo","EUS_361",0.168229799773598,0.277929837925193,751,0.670115311041516,508.302175562257,0.686478546871853
"tu","Basin_Danube","Danube (whole basin)","bonobo","EUS_362",0.169133924514019,0.280620980489459,751,0.679963272692326,515.930807552744,0.69059422000437
"tu","Basin_Danube","Danube (whole basin)","bonobo","EUS_363",0.209447941106291,0.229563415522107,751,0.649381396101165,492.250265262422,0.670124565056799
"tu","Basin_Danube","Danube (whole basin)","bonobo","EUS_364",0.202331641081625,0.35602148554188,751,0.758602301287112,573.610218318021,0.761902724590942
"tu","Basin_Danube","Danube (whole basin)","bonobo","EUS_365",0.174986127503056,0.288971717934237,751,0.692668074503962,525.15469124221,0.715319976443311
"tu","Basin_Danube","Danube (whole basin)","bonobo","EUS_366",0.180125230372342,0.306881412683258,751,0.705309436773177,534.888848444669,0.715991452650897
"tu","Basin_Danube","Danube (whole basin)","bonobo","EUS_367",0.194822811786483,0.349984753266377,751,0.730287748100762,553.388275347928,0.727439348587874
"tu","Basin_Danube","Danube (whole basin)","bonobo","EUS_368",0.163814183631414,0.252147842397033,751,0.608637216202335,461.661463862875,0.617952495474625
"tu","Basin_Danube","Danube (whole basin)","bonobo","EUS_369",0.193765835501178,0.235056302847218,751,0.637497158434218,483.314197744187,0.659996023267665
"tu","Basin_Danube","Danube (whole basin)","bonobo","EUS_370",0.17825843922255,0.228905962120855,751,0.625735707375376,474.397390237837,0.647850875043036
"tu","Basin_Danube","Danube (whole basin)","bonobo","EUS_371",0.182565926300607,0.225120963280825,751,0.621499544206488,471.439584910229,0.640641105402989
"tu","Basin_Danube","Danube (whole basin)","bonobo","EUS_376",0.181708579774809,0.269779382424855,751,0.658841481661435,499.234809061835,0.675716131573202
"tu","Basin_Danube","Danube (whole basin)","bonobo","EUS_377",0.179550849715634,0.265022010418341,751,0.653553934295909,494.737249478912,0.668095372533061
"tu","Basin_Danube","Danube (whole basin)","bonobo","EUS_378",0.207238300637259,0.239064321662566,751,0.652797694482252,494.621889960384,0.666675607392981
"tu","Basin_Danube","Danube (whole basin)","bonobo","EUS_379",0.174112605476738,0.242454095554433,751,0.609107679110047,462.094452204089,0.627373418457196
"tu","Basin_Danube","Danube (whole basin)","bonobo","EUS_380",0.177469516567304,0.262599961255447,751,0.644998232728511,488.728779983198,0.66077679180482
"tu","Basin_Rhine","Rhine (whole basin)","lioness","EUS_014",0.27795431861452,0.470539330627066,617,0.801143012830784,515.068918742184,0.787518421064224
"tu","Basin_Rhine","Rhine (whole basin)","lioness","EUS_015",0.177312735621323,0.736587994624597,617,0.777645294947723,513.940868293379,0.772318824814695
"tu","Basin_Rhine","Rhine (whole basin)","lioness","EUS_016",0.148897933871003,0.525785329716018,617,0.599083261186803,424.092258783037,0.614804274331256
"tu","Basin_Rhine","Rhine (whole basin)","lioness","EUS_017",0.222542113233825,0.55153929084202,617,0.806703728816667,505.168669508604,0.81702726522906
"tu","Basin_Rhine","Rhine (whole basin)","lioness","EUS_070",0.0692988210337689,0.983197616924649,617,0.646261430827754,556.484480969513,0.676252969086232
"tu","Basin_Rhine","Rhine (whole basin)","lioness","EUS_071",0.238498729278301,0.381289172213313,617,0.752146677020584,487.029966678242,0.7306043734676
"tu","Basin_Rhine","Rhine (whole basin)","lioness","EUS_072",0.0837227334391768,0.456678840434641,617,0.554807760731527,438.774946559574,0.585691286953093
"tu","Basin_Rhine","Rhine (whole basin)","lioness","EUS_073",0.105728372730596,0.542491830510919,617,0.543524378470682,454.55470855167,0.511449928606825
"tu","Basin_Rhine","Rhine (whole basin)","lioness","EUS_074",-0.00440627026332994,0.982873459564936,617,0.707519775281823,634.28100524445,0.655059955364413
"tu","Basin_Rhine","Rhine (whole basin)","lioness","EUS_075",0.0992740983038076,1.35231088323709,617,1.02319841857794,770.654369285629,0.949242196714009
"tu","Basin_Rhine","Rhine (whole basin)","lioness","EUS_076",0.193402006224812,1.43541527551309,617,0.801174283165437,674.765471204884,0.730984589713705
"tu","Basin_Rhine","Rhine (whole basin)","lioness","EUS_077",0.510305209602487,2.56306920708119,617,1.09073224427746,823.429165638086,1.00097342469659
"tu","Basin_Rhine","Rhine (whole basin)","lioness","EUS_078",0.161572912681498,0.362934669686002,617,0.527396471764142,413.134894693464,0.53442013355695
"tu","Basin_Rhine","Rhine (whole basin)","lioness","EUS_084",0.0915140021891523,0.942769968687588,617,0.580129114822741,544.758961213276,0.563052242950332
"tu","Basin_Rhine","Rhine (whole basin)","lioness","EUS_111",0.062610123578941,0.94710769132125,617,0.828623350239436,657.913313504527,0.72993476633969
"tu","Basin_Rhine","Rhine (whole basin)","lioness","EUS_112",0.308857810869518,1.85249491414442,617,1.46611173401896,991.943820466225,1.29513975249073
"tu","Basin_Rhine","Rhine (whole basin)","lioness","EUS_113",0.0147161370850094,0.759061022126889,617,0.799312087478304,623.592621122116,0.749662789592439
"tu","Basin_Rhine","Rhine (whole basin)","lioness","EUS_114",0.208526410680742,1.81341184526452,617,1.41071872789096,950.156809561656,1.28899591593989
"tu","Basin_Rhine","Rhine (whole basin)","lioness","EUS_115",0.154816955196598,1.60377416706035,617,1.1171365719077,780.190127565123,1.09455675272385
"tu","Basin_Rhine","Rhine (whole basin)","lioness","EUS_116",-0.0150640926735765,0.984413164698981,617,0.706028065317106,672.084755919989,0.761577003957478
"tu","Basin_Rhine","Rhine (whole basin)","lioness","EUS_218",0.102644475271576,0.870018458815632,617,0.675150220836722,517.155693343317,0.639961887425778
"tu","Basin_Rhine","Rhine (whole basin)","lioness","EUS_221",0.748953131018075,3.36048217785213,617,1.379155534841,1052.71181241539,1.36390168126711
"tu","Basin_Rhine","Rhine (whole basin)","lioness","EUS_238",0.47213717911082,2.02090208808437,617,0.944506259351841,773.46340920732,0.991064266260807
"tu","Basin_Rhine","Rhine (whole basin)","lioness","EUS_239",0.658005477252086,2.20317173907929,617,1.20973595825416,848.687861661515,1.27072899838004
"tu","Basin_Rhine","Rhine (whole basin)","lioness","EUS_258",0.350518725796326,0.274962373791433,617,0.814166078496188,520.342451580053,0.801957822732148
"tu","Basin_Rhine","Rhine (whole basin)","lioness","EUS_259",0.345248065352279,0.279092496504282,617,0.849785688412492,525.865067449115,0.849378849040062
"tu","Basin_Rhine","Rhine (whole basin)","lioness","EUS_260",0.290707247478815,0.368662720128655,617,0.766475436948865,493.064637368941,0.746001058061211
"tu","Basin_Rhine","Rhine (whole basin)","lioness","EUS_261",0.0388640020840046,0.725867944126014,617,0.515779038815728,475.809506032035,0.754088328273702
"tu","Basin_Rhine","Rhine (whole basin)","lioness","EUS_262",0.0806651757068619,1.01280072269094,617,0.682877923546603,496.034840849766,0.633494335856903
"tu","Basin_Rhine","Rhine (whole basin)","lioness","EUS_263",0.0433474505551779,0.736500198961784,617,0.523668744648757,470.138087713073,0.740058703038632
"tu","Basin_Rhine","Rhine (whole basin)","lioness","EUS_264",0.0367545117752056,0.722309617291331,617,0.503437905729804,484.235474249016,0.8141291598803
"tu","Basin_Rhine","Rhine (whole basin)","lioness","EUS_265",0.242675737724892,0.518645833355455,617,0.832177419623253,523.738236404323,0.821840962830879
"tu","Basin_Rhine","Rhine (whole basin)","lioness","EUS_266",0.237027920762312,0.537670680482258,617,0.831897083908708,522.30355262713,0.822312036887322
"tu","Basin_Rhine","Rhine (whole basin)","lioness","EUS_375",0.0454973797053317,1.01703500390288,617,0.715061849653953,494.563695310805,0.731916163343595
"tu","Basin_Rhine","Rhine (whole basin)","lioness","EUS_381",0.264926161289148,0.401979781233105,617,0.822014266049332,517.401220005749,0.81666047044634
"tu","Basin_Rhine","Rhine (whole basin)","lioness","EUS_382",0.0855439534875873,0.921050394775888,617,0.835672049083677,524.596708707638,0.841163294012375
"tu","Basin_Rhine","Rhine (whole basin)","lioness","EUS_383",-0.0312271689872613,1.68964196068184,617,0.695146441113299,513.515668024424,0.747279198145002
"tu","Basin_Rhine","Rhine (whole basin)","lioness","EUS_387",0.315160866548882,0.39760489080151,617,0.856475916687808,532.999099164034,0.857140783886001
"tu","Basin_Rhine","Rhine (whole basin)","lioness","EUS_388",0.309796875376043,0.407808686306954,617,0.84976728511574,529.397521125328,0.847669126968276
"tu","Basin_Rhine","Rhine (whole basin)","lioness","EUS_392",0.016226981016712,1.38384002223621,617,0.797807250916373,521.868156801411,0.784305552496222
"tu","Basin_Rhine","Rhine (whole basin)","lioness","EUS_393",0.213323056733666,0.584262496509907,617,0.842295593761711,523.844577691933,0.838137166710364
"tu","Basin_Rhine","Rhine (whole basin)","lioness","EUS_400",0.0525646265994195,1.2073630260192,617,0.36556367735891,527.195594245448,0.459104616373071
"tu","Basin_Rhine","Rhine (whole basin)","lioness","EUS_401",0.121807930462598,0.700127973017222,617,0.834065214885959,531.265165995954,0.818943537997213
"tu","Basin_Rhine","Rhine (whole basin)","lioness","EUS_402",0.0414247564228566,1.30596835560186,617,0.758665255771835,512.132034571576,0.739223779837378
"tu","Basin_Rhine","Rhine (whole basin)","lioness","EUS_403",-0.0281320542130851,1.71602559269644,617,0.819892263700863,546.830235770234,0.844497774253127
"tu","Basin_Rhine","Rhine (whole basin)","lioness","EUS_404",0.280374101109633,0.339927132080983,617,0.793335931048308,493.631358330429,0.800993643846542
"tu","Basin_Rhine","Rhine (whole basin)","lioness","EUS_405",0.28024778557703,0.469334700579646,617,0.853087252163219,529.425559522684,0.85136507667144
"tu","Basin_Rhine","Rhine (whole basin)","lioness","EUS_406",-0.0171351937412122,2.16791572706764,617,0.276662165001822,580.148232948727,0.334109683041843
"tu","Basin_Rhine","Rhine (whole basin)","lioness","EUS_407",0.314780889637965,0.32463427029302,617,0.830335322904197,520.833702488962,0.836722001122264
"tu","Basin_Rhine","Rhine (whole basin)","lioness","EUS_408",0.128509739360608,1.99295328734987,617,0.621808231206939,488.213726522071,0.741999549122134
"tu","Basin_Rhine","Rhine (whole basin)","lioness","EUS_409",0.27768463192976,0.384872410573111,617,0.762149800577412,495.130221588781,0.779162640720803
"tu","Basin_Rhine","Rhine (whole basin)","lioness","EUS_410",0.0236306843200544,1.67623420787182,617,0.627259762559411,506.953230820314,0.783538612041071
"tu","Basin_Rhine","Rhine (whole basin)","lioness","EUS_411",0.327649207322071,0.321529243669958,617,0.838470642023417,519.222494166914,0.849623115096045
"tu","Basin_Rhine","Rhine (whole basin)","lioness","EUS_412",0.135395807901489,0.612189443499601,617,0.699844544209065,488.530666527692,0.699501863563977
"tu","Basin_Rhine","Rhine (whole basin)","lioness","EUS_413",0.322577956168507,0.375087784681846,617,0.846089307327305,530.655403178149,0.853340589443663
"tu","Basin_Rhine","Rhine (whole basin)","lioness","EUS_414",0.157489333825092,0.80678188842436,617,0.774933652500504,515.867207786118,0.746536947014428
"tu","Basin_Rhine","Rhine (whole basin)","lioness","EUS_415",0.305607782657338,0.355748600335685,617,0.765674967105432,530.459200291544,0.80067547515196
"tu","Basin_Rhine","Rhine (whole basin)","lioness","EUS_416",0.062383178433399,1.22310208145946,617,0.413177591166999,692.088016828854,0.381401373115955
"tu","Basin_Rhine","Rhine (whole basin)","lioness","EUS_417",0.335357300295758,0.322894157834172,617,0.860557586603599,532.242337911134,0.86409766327286
"tu","Basin_Rhine","Rhine (whole basin)","lioness","EUS_418",0.0264477908348677,1.19081963683252,617,0.671978839977849,497.332708088227,0.695397144236689
"tu","Basin_Rhine","Rhine (whole basin)","lioness","EUS_419",0.325591560625371,0.353812612204216,617,0.856696627902528,530.474390798454,0.858501809597547
"tu","Basin_Rhine","Rhine (whole basin)","lioness","EUS_420",0.285072588204031,0.392725188690475,617,0.833276704263596,518.087259217353,0.828589478290007
"tu","Basin_Rhine","Rhine (whole basin)","lioness","EUS_421",0.23289257072011,0.660811017464171,617,0.849027217156607,525.746934560501,0.847920073568286
"tu","Basin_Rhine","Rhine (whole basin)","bonobo","EUS_014",0.20592696481949,0.259995747594447,617,0.783961858353178,484.641816822346,0.788426671149676
"tu","Basin_Rhine","Rhine (whole basin)","bonobo","EUS_015",0.195313623371288,0.263283772469288,617,0.779852027421498,482.105347057894,0.78513657700099
"tu","Basin_Rhine","Rhine (whole basin)","bonobo","EUS_016",0.186193594553957,0.256153806338699,617,0.75265348200922,465.325522299258,0.760770921335463
"tu","Basin_Rhine","Rhine (whole basin)","bonobo","EUS_017",0.199123527689348,0.263021663163115,617,0.784030349982696,484.682976358867,0.791636090755626
"tu","Basin_Rhine","Rhine (whole basin)","bonobo","EUS_070",0.170815149246874,0.270394948889282,617,0.763925550744029,472.826875063214,0.774921862521334
"tu","Basin_Rhine","Rhine (whole basin)","bonobo","EUS_071",0.198274607248602,0.256394281053418,617,0.776444691385022,480.496848500149,0.779908236860285
"tu","Basin_Rhine","Rhine (whole basin)","bonobo","EUS_072",0.174855752958276,0.254466129774058,617,0.747059801791171,462.291825192991,0.758863325582218
"tu","Basin_Rhine","Rhine (whole basin)","bonobo","EUS_073",0.180542225321845,0.254255957472254,617,0.747740488140925,462.785889000508,0.750050035701414
"tu","Basin_Rhine","Rhine (whole basin)","bonobo","EUS_074",0.165383673944131,0.27896803150457,617,0.775100173689449,479.719996866397,0.780248878912375
"tu","Basin_Rhine","Rhine (whole basin)","bonobo","EUS_075",0.172596933937925,0.299569264520549,617,0.806624807298683,499.163503555501,0.805182138389108
"tu","Basin_Rhine","Rhine (whole basin)","bonobo","EUS_076",0.183505802061636,0.292928857287163,617,0.782666095145527,484.389083895152,0.781801471034189
"tu","Basin_Rhine","Rhine (whole basin)","bonobo","EUS_077",0.205157647471012,0.326339388296244,617,0.810843757505329,501.75982770721,0.808413323561198
"tu","Basin_Rhine","Rhine (whole basin)","bonobo","EUS_078",0.186165045850142,0.250924659928341,617,0.742805882063812,459.591252271478,0.750602380636078
"tu","Basin_Rhine","Rhine (whole basin)","bonobo","EUS_084",0.173217361187354,0.269187817058639,617,0.752904404202844,465.289989839124,0.757987869424798
"tu","Basin_Rhine","Rhine (whole basin)","bonobo","EUS_111",0.170689249308378,0.279870691826975,617,0.783901098697043,485.148161091796,0.780036693649936
"tu","Basin_Rhine","Rhine (whole basin)","bonobo","EUS_112",0.188345423057739,0.319124906040139,617,0.837944082778657,518.477409505121,0.829431669861805
"tu","Basin_Rhine","Rhine (whole basin)","bonobo","EUS_113",0.1662088820189,0.274520458131552,617,0.782281286622273,484.120360427769,0.784050262108148
"tu","Basin_Rhine","Rhine (whole basin)","bonobo","EUS_114",0.17906932897717,0.318724828472804,617,0.834518298179948,516.381973379048,0.831363021675818
"tu","Basin_Rhine","Rhine (whole basin)","bonobo","EUS_115",0.176648812028334,0.301336912407698,617,0.812206763881306,502.568728753812,0.818425760138636
"tu","Basin_Rhine","Rhine (whole basin)","bonobo","EUS_116",0.163358938181232,0.276127207436549,617,0.769423719555218,475.677875794994,0.781731571496747
"tu","Basin_Rhine","Rhine (whole basin)","bonobo","EUS_218",0.18673582272351,0.263237070995948,617,0.76803781969875,475.136357574248,0.770191419821298
"tu","Basin_Rhine","Rhine (whole basin)","bonobo","EUS_221",0.209334116730149,0.343184738299308,617,0.823563666675598,509.432996152045,0.819818146807936
"tu","Basin_Rhine","Rhine (whole basin)","bonobo","EUS_238",0.208445473806803,0.317043545420263,617,0.787981610995039,487.644385338036,0.795195122654867
"tu","Basin_Rhine","Rhine (whole basin)","bonobo","EUS_239",0.223147140103559,0.328748326607619,617,0.813160301892537,502.961419036811,0.817998072667905
"tu","Basin_Rhine","Rhine (whole basin)","bonobo","EUS_258",0.214607314645148,0.255907699824144,617,0.785665490592985,486.177473803438,0.790313004544568
"tu","Basin_Rhine","Rhine (whole basin)","bonobo","EUS_259",0.213834048993447,0.258029342267629,617,0.790893414246657,489.379815030027,0.797241634692174
"tu","Basin_Rhine","Rhine (whole basin)","bonobo","EUS_260",0.206091960182577,0.259887271371454,617,0.778274737208451,481.606977715927,0.781670272964463
"tu","Basin_Rhine","Rhine (whole basin)","bonobo","EUS_261",0.169804451699117,0.26390704475106,617,0.741683100778925,459.078262219945,0.78166990315732
"tu","Basin_Rhine","Rhine (whole basin)","bonobo","EUS_262",0.183174388525983,0.271368103188643,617,0.767398694600983,474.922429655823,0.767479369574894
"tu","Basin_Rhine","Rhine (whole basin)","bonobo","EUS_263",0.17040200948476,0.2638881065204,617,0.742552303895067,459.614541339869,0.779602397304087
"tu","Basin_Rhine","Rhine (whole basin)","bonobo","EUS_264",0.1697720706034,0.263317634556934,617,0.740096549138108,458.087854362023,0.789843123759103
"tu","Basin_Rhine","Rhine (whole basin)","bonobo","EUS_265",0.201106950600111,0.263448386440615,617,0.788583917545451,487.978181903349,0.793695428329308
"tu","Basin_Rhine","Rhine (whole basin)","bonobo","EUS_266",0.20072128367641,0.264305129531311,617,0.788547892211831,487.894868313212,0.793771125226909
"tu","Basin_Rhine","Rhine (whole basin)","bonobo","EUS_375",0.170538864931985,0.27769998183169,617,0.770956293278251,477.107825803166,0.780124582968453
"tu","Basin_Rhine","Rhine (whole basin)","bonobo","EUS_381",0.202611873933857,0.262958975125612,617,0.786964440216623,487.002785846645,0.792810644321056
"tu","Basin_Rhine","Rhine (whole basin)","bonobo","EUS_382",0.180686929401523,0.283167622356932,617,0.788059556448635,487.653185793993,0.794751967713802
"tu","Basin_Rhine","Rhine (whole basin)","bonobo","EUS_383",0.174131424273457,0.282394601889443,617,0.768464731180354,475.585693361204,0.782007619211328
"tu","Basin_Rhine","Rhine (whole basin)","bonobo","EUS_387",0.210515925374762,0.263147273137246,617,0.791986938919494,490.101986672615,0.798552138180472
"tu","Basin_Rhine","Rhine (whole basin)","bonobo","EUS_388",0.209872030130624,0.263142306703802,617,0.791025085887516,489.508501688893,0.797218994995279
"tu","Basin_Rhine","Rhine (whole basin)","bonobo","EUS_392",0.179595094839893,0.282397780484947,617,0.783376353870929,484.783580455736,0.788013429360214
"tu","Basin_Rhine","Rhine (whole basin)","bonobo","EUS_393",0.197138271310745,0.272589748994443,617,0.789649967495478,488.651211192145,0.795339820716777
"tu","Basin_Rhine","Rhine (whole basin)","bonobo","EUS_400",0.169964255836558,0.268271448837802,617,0.724187113877897,448.212248715419,0.743952101365434
"tu","Basin_Rhine","Rhine (whole basin)","bonobo","EUS_401",0.18366080885943,0.276264273947321,617,0.788449137726647,487.91600984388,0.792477928482501
"tu","Basin_Rhine","Rhine (whole basin)","bonobo","EUS_402",0.172958391938216,0.283035307365042,617,0.778736243427776,481.926401071849,0.783501524345558
"tu","Basin_Rhine","Rhine (whole basin)","bonobo","EUS_403",0.169860569472724,0.287061584712472,617,0.779513976417225,482.244537371343,0.784962480292269
"tu","Basin_Rhine","Rhine (whole basin)","bonobo","EUS_404",0.204335452099852,0.259763198684214,617,0.782251141238677,484.021073039754,0.789984650849471
"tu","Basin_Rhine","Rhine (whole basin)","bonobo","EUS_405",0.205979950559419,0.265669474502189,617,0.791452987801044,489.704885586335,0.797611835563878
"tu","Basin_Rhine","Rhine (whole basin)","bonobo","EUS_406",0.166115849244257,0.277862983969807,617,0.714994103708012,442.523499044168,0.726318486669388
"tu","Basin_Rhine","Rhine (whole basin)","bonobo","EUS_407",0.209488343779273,0.259698363774298,617,0.788109347569745,487.709385199816,0.795566083745698
"tu","Basin_Rhine","Rhine (whole basin)","bonobo","EUS_408",0.171578056767668,0.294873768368439,617,0.757116543161447,468.584302431593,0.780802537319206
"tu","Basin_Rhine","Rhine (whole basin)","bonobo","EUS_409",0.204357892600546,0.261410273103296,617,0.777788094076139,481.341421982115,0.786838716268403
"tu","Basin_Rhine","Rhine (whole basin)","bonobo","EUS_410",0.1675550248888,0.288943292132585,617,0.753960718904302,466.615904331984,0.779906311846653
"tu","Basin_Rhine","Rhine (whole basin)","bonobo","EUS_411",0.211463841958441,0.260897112876064,617,0.789133085729044,488.339410307948,0.797313161264855
"tu","Basin_Rhine","Rhine (whole basin)","bonobo","EUS_412",0.18400021792666,0.26738703674575,617,0.769122345692175,475.982286670543,0.775174836468734
"tu","Basin_Rhine","Rhine (whole basin)","bonobo","EUS_413",0.211484817849004,0.261840591189514,617,0.790462429306989,489.161550799647,0.797937220350714
"tu","Basin_Rhine","Rhine (whole basin)","bonobo","EUS_414",0.192086009110702,0.267065730782564,617,0.781313566591257,483.502608557453,0.784674303447325
"tu","Basin_Rhine","Rhine (whole basin)","bonobo","EUS_415",0.208192883465349,0.261406309587396,617,0.779385247293201,482.326629854471,0.790565603273028
"tu","Basin_Rhine","Rhine (whole basin)","bonobo","EUS_416",0.169849418700978,0.272736621303016,617,0.735109900002975,454.899067935537,0.739764174883497
"tu","Basin_Rhine","Rhine (whole basin)","bonobo","EUS_417",0.212730281739285,0.260731370146577,617,0.792577651932393,490.377153351853,0.799531933672118
"tu","Basin_Rhine","Rhine (whole basin)","bonobo","EUS_418",0.168203654468301,0.281830184613007,617,0.764334051830983,473.038049296624,0.772256958424743
"tu","Basin_Rhine","Rhine (whole basin)","bonobo","EUS_419",0.211733872018215,0.260753114235958,617,0.79203406755496,490.130145921477,0.79873305725837
"tu","Basin_Rhine","Rhine (whole basin)","bonobo","EUS_420",0.205546232619831,0.264467922708069,617,0.788439373749608,487.899823533479,0.794126305752399
"tu","Basin_Rhine","Rhine (whole basin)","bonobo","EUS_421",0.201890586917768,0.270654534674386,617,0.790778162791299,489.355854887862,0.797010686851331
"tu","Basin_Tajo","Tajo (whole basin)","lioness","EUS_117",0.125077515737886,0.815937259067501,185,0.833548243009933,156.124193835012,0.845752071596424
"tu","Basin_Tajo","Tajo (whole basin)","lioness","EUS_118",0.151050742397516,0.708559832346719,185,0.88536822591059,165.697621046579,0.885267999255373
"tu","Basin_Tajo","Tajo (whole basin)","lioness","EUS_119",0.250066044937019,0.641311094789286,185,0.901289091786336,168.348099799696,0.910879826968529
"tu","Basin_Tajo","Tajo (whole basin)","lioness","EUS_120",0.340895468860775,0.478279986519023,185,0.92848730988427,173.672330587489,0.954633482169554
"tu","Basin_Tajo","Tajo (whole basin)","lioness","EUS_121",0.156040763208793,0.586313211249575,185,0.894912319513917,167.753366510747,0.900621541138986
"tu","Basin_Tajo","Tajo (whole basin)","lioness","EUS_122",0.107040345115444,0.838101490726086,185,0.799352868483807,164.709521099237,0.858006029320979
"tu","Basin_Tajo","Tajo (whole basin)","lioness","EUS_123",0.164288215743218,1.11463758956762,185,0.859853796084391,160.826030738393,0.912698169877646
"tu","Basin_Tajo","Tajo (whole basin)","lioness","EUS_124",0.00338030348298927,0.870058052865809,185,0.828036753720875,177.050253110211,0.865464802720457
"tu","Basin_Tajo","Tajo (whole basin)","lioness","EUS_125",0.0731503501912482,0.677494191626727,185,0.818110759139562,164.723649254866,0.825019048745791
"tu","Basin_Tajo","Tajo (whole basin)","lioness","EUS_126",-0.0235280165086712,0.958064566544027,185,0.471847361217151,198.429038737635,0.911291883241144
"tu","Basin_Tajo","Tajo (whole basin)","lioness","EUS_127",0.136440343582351,0.926704331743359,185,0.923866963267665,172.615365153491,0.947200750655885
"tu","Basin_Tajo","Tajo (whole basin)","lioness","EUS_128",0.251420936495268,0.689383342986101,185,0.927882064833008,173.447674914465,0.953659827087089
"tu","Basin_Tajo","Tajo (whole basin)","lioness","EUS_129",0.541507010846157,2.15038748952546,185,0.836675970807193,188.917600812215,0.981932589883492
"tu","Basin_Tajo","Tajo (whole basin)","lioness","EUS_130",0.267464264090904,0.724271428812377,185,0.915342515968334,171.129396588228,0.933487509348265
"tu","Basin_Tajo","Tajo (whole basin)","lioness","EUS_131",0.112259518981009,1.10749316360995,185,0.898959655464193,168.22530513905,0.907132472885082
"tu","Basin_Tajo","Tajo (whole basin)","lioness","EUS_132",0.210264858089172,0.573718206190712,185,0.905465437264563,169.437921137233,0.917598295781329
"tu","Basin_Tajo","Tajo (whole basin)","lioness","EUS_133",0.190269760235145,0.682958239603069,185,0.903018420750387,169.268636476303,0.913661790954177
"tu","Basin_Tajo","Tajo (whole basin)","lioness","EUS_134",0.383956678636707,0.758475420322903,185,0.92939331057088,173.504720460466,0.956090961534971
"tu","Basin_Tajo","Tajo (whole basin)","lioness","EUS_135",0.197800191232558,0.678500397094571,185,0.886024228207328,166.019066919595,0.886323307297951
"tu","Basin_Tajo","Tajo (whole basin)","lioness","EUS_136",0.276779354153601,0.525178637460688,185,0.919539738253934,172.308717778458,0.940239562590318
"tu","Basin_Tajo","Tajo (whole basin)","lioness","EUS_137",0.326658946346752,0.573535602423708,185,0.913089175047605,172.888238514661,0.929862569606224
"tu","Basin_Tajo","Tajo (whole basin)","lioness","EUS_138",0.205587399665988,0.923886776868364,185,0.900045150963372,169.953258031969,0.908878704775066
"tu","Basin_Tajo","Tajo (whole basin)","lioness","EUS_139",0.0595369942084257,0.815464582944582,185,0.832287951796749,169.782105022255,0.832012742386453
"tu","Basin_Tajo","Tajo (whole basin)","lioness","EUS_140",0.975950567476838,2.33679707402779,185,1.82824175219038,340.43320044572,1.18827949751226
"tu","Basin_Tajo","Tajo (whole basin)","lioness","EUS_141",0.828043953500228,2.32016156056157,185,1.87295904963908,348.713194946158,1.26075908327155
"tu","Basin_Tajo","Tajo (whole basin)","lioness","EUS_142",0.0697615611958984,0.786195399467279,185,0.672413082429156,180.392090368265,0.778713985832407
"tu","Basin_Tajo","Tajo (whole basin)","lioness","EUS_143",-0.0191810162412208,0.904277151891453,185,0.589470695130642,188.699976497715,0.826392375461411
"tu","Basin_Tajo","Tajo (whole basin)","bonobo","EUS_117",0.216938607087231,0.339954754443909,185,0.892503781365652,167.003402593623,0.90978522126012
"tu","Basin_Tajo","Tajo (whole basin)","bonobo","EUS_118",0.22001088394865,0.339965303160078,185,0.8995950376202,168.313732582215,0.9151933708708
"tu","Basin_Tajo","Tajo (whole basin)","bonobo","EUS_119",0.23432511486661,0.33684277725672,185,0.901829499536987,168.685573005686,0.918800309507581
"tu","Basin_Tajo","Tajo (whole basin)","bonobo","EUS_120",0.244101600810048,0.329652106049759,185,0.90509858116266,169.331323820529,0.924072403406064
"tu","Basin_Tajo","Tajo (whole basin)","bonobo","EUS_121",0.220449355287652,0.334765928670138,185,0.900872365320355,168.549534198379,0.917245026221036
"tu","Basin_Tajo","Tajo (whole basin)","bonobo","EUS_122",0.212036717507178,0.331859940035209,185,0.889463437145769,166.44040881068,0.912334606192678
"tu","Basin_Tajo","Tajo (whole basin)","bonobo","EUS_123",0.219698052345147,0.344742441769799,185,0.895768864137022,167.582052069873,0.918435102181441
"tu","Basin_Tajo","Tajo (whole basin)","bonobo","EUS_124",0.204783144061848,0.334850366754638,185,0.894377184536818,167.350799701331,0.915734793821507
"tu","Basin_Tajo","Tajo (whole basin)","bonobo","EUS_125",0.210077135468114,0.330887831608744,185,0.891484088425364,166.8135506939,0.908729337591398
"tu","Basin_Tajo","Tajo (whole basin)","bonobo","EUS_126",0.203091068037359,0.330213161142446,185,0.863320438976482,161.574434590383,0.919850770034224
"tu","Basin_Tajo","Tajo (whole basin)","bonobo","EUS_127",0.220367852473431,0.338164724704781,185,0.904504730496039,169.136032413129,0.923117504373074
"tu","Basin_Tajo","Tajo (whole basin)","bonobo","EUS_128",0.23418183597789,0.34643029197355,185,0.904978752175954,169.29666883922,0.923890958163171
"tu","Basin_Tajo","Tajo (whole basin)","bonobo","EUS_129",0.251045625504588,0.341269215596052,185,0.894531021880348,167.33656797887,0.924743104225113
"tu","Basin_Tajo","Tajo (whole basin)","bonobo","EUS_130",0.236799179802068,0.347325933752694,185,0.903581855722287,169.035911241275,0.921663390252172
"tu","Basin_Tajo","Tajo (whole basin)","bonobo","EUS_131",0.219601393810466,0.350209246834645,185,0.901440933346876,168.656685951076,0.918195911635525
"tu","Basin_Tajo","Tajo (whole basin)","bonobo","EUS_132",0.228789632923974,0.334575535051925,185,0.902326270758463,168.821806488476,0.919584461089529
"tu","Basin_Tajo","Tajo (whole basin)","bonobo","EUS_133",0.226512055193715,0.341250340264106,185,0.901195880632296,168.612183897113,0.917792143401191
"tu","Basin_Tajo","Tajo (whole basin)","bonobo","EUS_134",0.253260262732864,0.331305044147931,185,0.905169740561585,169.309444835094,0.924195741859604
"tu","Basin_Tajo","Tajo (whole basin)","bonobo","EUS_135",0.227640003617567,0.338334656438681,185,0.899937071347792,168.365200592349,0.915767419180999
"tu","Basin_Tajo","Tajo (whole basin)","bonobo","EUS_136",0.236144874501835,0.339435630721751,185,0.90403459542852,169.13769572395,0.922349548312624
"tu","Basin_Tajo","Tajo (whole basin)","bonobo","EUS_137",0.242099027714883,0.333340121999109,185,0.903216689950235,169.010731231151,0.921046073554561
"tu","Basin_Tajo","Tajo (whole basin)","bonobo","EUS_138",0.229944666142141,0.340514735443397,185,0.901830806322194,168.756395073969,0.918806078941287
"tu","Basin_Tajo","Tajo (whole basin)","bonobo","EUS_139",0.210736822022598,0.328156407509253,185,0.893943826811908,167.284899886727,0.908782666769482
"tu","Basin_Tajo","Tajo (whole basin)","bonobo","EUS_140",0.268368549205726,0.433420025897987,185,0.942416611303555,176.264886958117,0.939452586510711
"tu","Basin_Tajo","Tajo (whole basin)","bonobo","EUS_141",0.255963157652953,0.432280986987122,185,0.944438515831834,176.63924527532,0.942655286537346
"tu","Basin_Tajo","Tajo (whole basin)","bonobo","EUS_142",0.21184047236788,0.326952708142465,185,0.878925976707414,164.514726882959,0.904100948325296
"tu","Basin_Tajo","Tajo (whole basin)","bonobo","EUS_143",0.202743301630363,0.332430036951694,185,0.872344332375452,163.296900978746,0.909975188526781
"tu","Basin_Basque_Country_internal_basins","Basque Country internal basins (whole basin)","lioness","EUS_189",0.519340362900907,0.541876053867969,125,0.954684962578721,119.33562032234,0.968765556498999
"tu","Basin_Basque_Country_internal_basins","Basque Country internal basins (whole basin)","lioness","EUS_190",0.275429343533346,0.666124726435591,125,0.914513578170463,114.45440789131,0.925527781581287
"tu","Basin_Basque_Country_internal_basins","Basque Country internal basins (whole basin)","lioness","EUS_191",0.142580642265392,0.757296125171833,125,0.835354701702968,106.476967798171,0.823819901383075
"tu","Basin_Basque_Country_internal_basins","Basque Country internal basins (whole basin)","lioness","EUS_192",0.463338172206738,0.498884786269312,125,0.934650107232854,116.849134335512,0.943311213131255
"tu","Basin_Basque_Country_internal_basins","Basque Country internal basins (whole basin)","lioness","EUS_193",0.468448163571389,0.500343888627047,125,0.918574797516679,115.375503604729,0.924365253655427
"tu","Basin_Basque_Country_internal_basins","Basque Country internal basins (whole basin)","lioness","EUS_194",0.370300768396191,0.576042294577432,125,0.921591553606303,115.599243746015,0.931415432982457
"tu","Basin_Basque_Country_internal_basins","Basque Country internal basins (whole basin)","lioness","EUS_195",0.106990165715583,0.829800360929313,125,0.801293580833345,112.710382824618,0.870512177515538
"tu","Basin_Basque_Country_internal_basins","Basque Country internal basins (whole basin)","lioness","EUS_196",0.337600277408424,1.42971687357157,125,0.945321067325276,128.568434363232,1.02065737994832
"tu","Basin_Basque_Country_internal_basins","Basque Country internal basins (whole basin)","lioness","EUS_197",0.150040174815076,0.631184027915557,125,0.89043430540424,111.30428817553,0.89180643432562
"tu","Basin_Basque_Country_internal_basins","Basque Country internal basins (whole basin)","lioness","EUS_198",0.10238923927873,0.918292282018109,125,0.737029223309063,103.895882589162,0.72966280575935
"tu","Basin_Basque_Country_internal_basins","Basque Country internal basins (whole basin)","lioness","EUS_199",0.28409137597648,0.594987940010666,125,0.923449739706703,115.431217463338,0.936883951274668
"tu","Basin_Basque_Country_internal_basins","Basque Country internal basins (whole basin)","lioness","EUS_222",0.468831630417091,0.659397519398191,125,0.932235231404363,116.529403925545,0.944830158147453
"tu","Basin_Basque_Country_internal_basins","Basque Country internal basins (whole basin)","lioness","EUS_223",0.162037282597209,0.60170916717039,125,0.838844407456146,104.947012554172,0.828961685669326
"tu","Basin_Basque_Country_internal_basins","Basque Country internal basins (whole basin)","lioness","EUS_224",-0.0685137935866815,1.44370530342194,125,0.780640534559217,114.75900477563,0.910838256386462
"tu","Basin_Basque_Country_internal_basins","Basque Country internal basins (whole basin)","lioness","EUS_225",0.0966503276249314,0.888537265111859,125,0.795165408902587,106.522142387254,0.77776391551463
"tu","Basin_Basque_Country_internal_basins","Basque Country internal basins (whole basin)","lioness","EUS_226",0.374039073155811,0.653848576195137,125,0.857158240696222,108.963767443589,0.849169229798149
"tu","Basin_Basque_Country_internal_basins","Basque Country internal basins (whole basin)","lioness","EUS_227",0.189169952499379,0.739365817987645,125,0.843942113696461,106.358004604462,0.852843003838136
"tu","Basin_Basque_Country_internal_basins","Basque Country internal basins (whole basin)","lioness","EUS_228",0.140457473051205,0.617255447249283,125,0.826102070595594,107.166016277126,0.823592877820572
"tu","Basin_Basque_Country_internal_basins","Basque Country internal basins (whole basin)","lioness","EUS_229",2.01037467081734,2.95003120681472,125,1.49677983078184,187.09747884773,1.41886529205201
"tu","Basin_Basque_Country_internal_basins","Basque Country internal basins (whole basin)","lioness","EUS_230",0.134227407460299,2.06400530331313,125,1.17561825454147,158.28512354422,0.895770159116243
"tu","Basin_Basque_Country_internal_basins","Basque Country internal basins (whole basin)","bonobo","EUS_189",0.342975999725972,0.294380875337106,125,0.907721969963471,113.465246245434,0.914110702613458
"tu","Basin_Basque_Country_internal_basins","Basque Country internal basins (whole basin)","bonobo","EUS_190",0.315111650570423,0.299635166469104,125,0.903472081263446,112.934010157931,0.909700619846301
"tu","Basin_Basque_Country_internal_basins","Basque Country internal basins (whole basin)","bonobo","EUS_191",0.29773969078699,0.298916381713395,125,0.893756505078538,111.719563134817,0.897205302172664
"tu","Basin_Basque_Country_internal_basins","Basque Country internal basins (whole basin)","bonobo","EUS_192",0.336187049974614,0.288358100757625,125,0.905781832645089,113.222729080636,0.91167560569137
"tu","Basin_Basque_Country_internal_basins","Basque Country internal basins (whole basin)","bonobo","EUS_193",0.336489930366514,0.287826625258565,125,0.903619975694424,112.952496961803,0.909120245560292
"tu","Basin_Basque_Country_internal_basins","Basque Country internal basins (whole basin)","bonobo","EUS_194",0.325001807183883,0.291925929026973,125,0.903940644346128,112.992580543266,0.909917479973361
"tu","Basin_Basque_Country_internal_basins","Basque Country internal basins (whole basin)","bonobo","EUS_195",0.293323588115412,0.304780704672178,125,0.889876354165804,111.234544270725,0.901958690820815
"tu","Basin_Basque_Country_internal_basins","Basque Country internal basins (whole basin)","bonobo","EUS_196",0.312083772153172,0.323446195744251,125,0.902144273751194,112.768034218899,0.91746740464374
"tu","Basin_Basque_Country_internal_basins","Basque Country internal basins (whole basin)","bonobo","EUS_197",0.297942645275181,0.297853037821218,125,0.900266077449272,112.533259681159,0.905257033657193
"tu","Basin_Basque_Country_internal_basins","Basque Country internal basins (whole basin)","bonobo","EUS_198",0.294454374988486,0.301619311973304,125,0.882812437946506,110.351554743313,0.886946318461398
"tu","Basin_Basque_Country_internal_basins","Basque Country internal basins (whole basin)","bonobo","EUS_199",0.314622684482144,0.299042348078678,125,0.904562413612898,113.070301701612,0.911090635253205
"tu","Basin_Basque_Country_internal_basins","Basque Country internal basins (whole basin)","bonobo","EUS_222",0.337376503217983,0.29276768072703,125,0.904930785525356,113.11634819067,0.910891964788819
"tu","Basin_Basque_Country_internal_basins","Basque Country internal basins (whole basin)","bonobo","EUS_223",0.299711020708306,0.291984974268017,125,0.893421919175368,111.677739896921,0.896915054797224
"tu","Basin_Basque_Country_internal_basins","Basque Country internal basins (whole basin)","bonobo","EUS_224",0.282120894205925,0.310457071182906,125,0.887684610366745,110.960576295843,0.905938247847546
"tu","Basin_Basque_Country_internal_basins","Basque Country internal basins (whole basin)","bonobo","EUS_225",0.293923430117706,0.295052093165885,125,0.887567059630083,110.94588245376,0.890084244469296
"tu","Basin_Basque_Country_internal_basins","Basque Country internal basins (whole basin)","bonobo","EUS_226",0.32676584314036,0.28731555361605,125,0.89689569018027,112.111961272534,0.900888578333118
"tu","Basin_Basque_Country_internal_basins","Basque Country internal basins (whole basin)","bonobo","EUS_227",0.300429497431947,0.294767990065034,125,0.894197920497765,111.774740062221,0.90027582989251
"tu","Basin_Basque_Country_internal_basins","Basque Country internal basins (whole basin)","bonobo","EUS_228",0.296012915269535,0.291538589386494,125,0.89265789687903,111.582237109879,0.897407639013039
"tu","Basin_Basque_Country_internal_basins","Basque Country internal basins (whole basin)","bonobo","EUS_229",0.412184953840732,0.347571903580323,125,0.934540916404278,116.817614550535,0.936099777057395
"tu","Basin_Basque_Country_internal_basins","Basque Country internal basins (whole basin)","bonobo","EUS_230",0.300124397994428,0.334178315856378,125,0.914215709997608,114.276963749701,0.911781935840765
"tu","Sec_Elbe_Upper","Upper Elbe (section)","lioness","EUS_031",0.247757105755795,0.472239172358233,468,0.596701432237404,329.535328597956,0.599508507485884
"tu","Sec_Elbe_Upper","Upper Elbe (section)","lioness","EUS_032",0.969092812904047,2.44247064079761,468,1.55432378994973,779.546170669795,1.3893629658226
"tu","Sec_Elbe_Upper","Upper Elbe (section)","lioness","EUS_033",0.0662844589521284,0.741155806024688,468,0.611895312759888,362.743636112604,0.618511715993615
"tu","Sec_Elbe_Upper","Upper Elbe (section)","lioness","EUS_037",0.0714326611817073,0.671928775348252,468,0.57722146959212,328.727524586269,0.63543088110134
"tu","Sec_Elbe_Upper","Upper Elbe (section)","lioness","EUS_038",0.158457678521476,0.93446099990186,468,0.901886239403652,434.316350314923,0.900150833474052
"tu","Sec_Elbe_Upper","Upper Elbe (section)","lioness","EUS_039",0.0998315148268077,0.54091855395234,468,0.625542121461118,333.550403314426,0.66078253568483
"tu","Sec_Elbe_Upper","Upper Elbe (section)","lioness","EUS_040",0.589495265376218,0.437680450134009,468,0.958445067331232,464.464019901638,0.940672779482009
"tu","Sec_Elbe_Upper","Upper Elbe (section)","lioness","EUS_041",0.0696231758433164,0.702890004578818,468,0.625707058062228,348.969211704102,0.67315309431542
"tu","Sec_Elbe_Upper","Upper Elbe (section)","lioness","EUS_042",0.0813962054915825,0.927476960659399,468,0.687284550803849,427.440495671156,0.682236778616764
"tu","Sec_Elbe_Upper","Upper Elbe (section)","lioness","EUS_043",0.0678587215202175,0.765115611007472,468,0.702302727109586,379.76698294234,0.693103772073779
"tu","Sec_Elbe_Upper","Upper Elbe (section)","lioness","EUS_044",0.00430000778441839,0.924991895721955,468,0.457760397194282,348.247613302002,0.514895089642713
"tu","Sec_Elbe_Upper","Upper Elbe (section)","lioness","EUS_045",0.041455699075403,0.980706100868011,468,0.51699016135219,339.562689363797,0.545493668631761
"tu","Sec_Elbe_Upper","Upper Elbe (section)","lioness","EUS_046",0.0735229562738133,0.746625370083919,468,0.400824162212783,348.921706282745,0.36293433945292
"tu","Sec_Elbe_Upper","Upper Elbe (section)","lioness","EUS_049",0.126201965368589,0.850510572773042,468,0.6074723653251,362.737535474111,0.57096324471102
"tu","Sec_Elbe_Upper","Upper Elbe (section)","lioness","EUS_057",0.0112948434613829,1.68228041837876,468,0.513902347561591,365.074377336978,0.489581588348147
"tu","Sec_Elbe_Upper","Upper Elbe (section)","lioness","EUS_058",0.112318921277917,0.637864751311186,468,0.599450934719417,323.222400673007,0.619268654297226
"tu","Sec_Elbe_Upper","Upper Elbe (section)","lioness","EUS_059",0.0855344004167833,0.559481293503082,468,0.669938751035998,349.872079019017,0.698027913063093
"tu","Sec_Elbe_Upper","Upper Elbe (section)","lioness","EUS_060",0.0851596639159873,0.632533961159529,468,0.701312052080497,366.956156262638,0.738069519135608
"tu","Sec_Elbe_Upper","Upper Elbe (section)","lioness","EUS_061",0.0741867905889525,0.660997955947598,468,0.664489985122957,357.018618086923,0.666482119931127
"tu","Sec_Elbe_Upper","Upper Elbe (section)","lioness","EUS_062",0.301156533077125,0.505937307996555,468,0.69911614889535,382.111865391929,0.694578568377609
"tu","Sec_Elbe_Upper","Upper Elbe (section)","lioness","EUS_063",0.0926900633949804,0.679230755999031,468,0.756750798116264,381.066227569499,0.803072018383363
"tu","Sec_Elbe_Upper","Upper Elbe (section)","lioness","EUS_064",0.130242993322168,0.492206141468067,468,0.607496430318779,323.184637113049,0.637733568846659
"tu","Sec_Elbe_Upper","Upper Elbe (section)","lioness","EUS_065",0.0608023108075054,0.695061712815574,468,0.557049855795027,322.678483795925,0.593050497551648
"tu","Sec_Elbe_Upper","Upper Elbe (section)","lioness","EUS_066",0.0433465937935366,0.799477876856178,468,0.643891725366184,362.594413446026,0.711132946372479
"tu","Sec_Elbe_Upper","Upper Elbe (section)","lioness","EUS_067",0.0904572666434359,0.839019658787408,468,0.684282942919106,348.690684266457,0.759965022822896
"tu","Sec_Elbe_Upper","Upper Elbe (section)","lioness","EUS_068",0.0743690720659502,0.814890687222578,468,0.69299263225223,346.240623576009,0.780604995684859
"tu","Sec_Elbe_Upper","Upper Elbe (section)","lioness","EUS_069",0.237693228339711,1.08990169797913,468,0.675525686222077,352.942710545935,0.718784859180489
"tu","Sec_Elbe_Upper","Upper Elbe (section)","lioness","EUS_079",0.0520097836098237,1.15512426885746,468,0.501586279097086,392.022113108872,0.581781685489202
"tu","Sec_Elbe_Upper","Upper Elbe (section)","lioness","EUS_080",0.0767701218154639,0.713687180677201,468,0.532434248326808,332.558499448694,0.583833972255383
"tu","Sec_Elbe_Upper","Upper Elbe (section)","lioness","EUS_081",0.0427960762019824,0.875684849550688,468,0.546977114629687,351.143111466196,0.567932981105589
"tu","Sec_Elbe_Upper","Upper Elbe (section)","lioness","EUS_147",0.29637439353224,0.9862887916983,468,0.865390148583833,415.774737725432,0.864311496682544
"tu","Sec_Elbe_Upper","Upper Elbe (section)","lioness","EUS_148",0.0581683920050104,1.29529547843322,468,0.802433319194708,456.196233810134,0.741847120270992
"tu","Sec_Elbe_Upper","Upper Elbe (section)","lioness","EUS_149",0.0485092192124868,0.930851246406202,468,0.536083975551507,385.055643205306,0.585457612661487
"tu","Sec_Elbe_Upper","Upper Elbe (section)","lioness","EUS_150",1.04082737745467,2.75515721732159,468,1.52616376758366,827.814942976066,1.46727907086339
"tu","Sec_Elbe_Upper","Upper Elbe (section)","lioness","EUS_155",0.171788858673006,0.942416128476296,468,0.912372416377274,453.53523520688,0.894540662216958
"tu","Sec_Elbe_Upper","Upper Elbe (section)","lioness","EUS_235",0.435961041841704,0.761630075336384,468,0.958709015583246,452.121568357301,0.979451722280879
"tu","Sec_Elbe_Upper","Upper Elbe (section)","lioness","EUS_245",0.978153902151577,2.49514944596988,468,1.69816352644184,891.470601324195,1.56856262394988
"tu","Sec_Elbe_Upper","Upper Elbe (section)","lioness","EUS_250",0.169876922340913,0.508623143695425,468,0.545469041555782,304.246195748309,0.524432797460255
"tu","Sec_Elbe_Upper","Upper Elbe (section)","lioness","EUS_273",0.15153899837891,0.878586771694811,468,0.744696895826566,397.565713832852,0.786672192264795
"tu","Sec_Elbe_Upper","Upper Elbe (section)","lioness","EUS_274",0.122467116843365,0.843583420363895,468,0.764614834162393,392.652025157061,0.808211867618319
"tu","Sec_Elbe_Upper","Upper Elbe (section)","lioness","EUS_275",0.130484385477139,0.745998588426905,468,0.795830502306342,396.707528617423,0.821644802217223
"tu","Sec_Elbe_Upper","Upper Elbe (section)","lioness","EUS_276",0.111923845029845,0.707907614735498,468,0.776528336257917,379.526827871414,0.80252922629626
"tu","Sec_Elbe_Upper","Upper Elbe (section)","lioness","EUS_425",0.351223976146502,0.882749799607968,468,0.962957409656188,461.630231660212,0.961324795823125
"tu","Sec_Elbe_Upper","Upper Elbe (section)","lioness","EUS_426",0.092331618062457,0.737487887386878,468,0.563446043382628,341.029645970901,0.548380808183796
"tu","Sec_Elbe_Upper","Upper Elbe (section)","lioness","EUS_428",0.345547080072957,0.775933700332776,468,0.975818000151885,468.485713943546,0.97639004215454
"tu","Sec_Elbe_Upper","Upper Elbe (section)","lioness","EUS_429",0.0623656485945163,0.930937095008277,468,0.548477690583051,337.925414802658,0.525967928851485
"tu","Sec_Elbe_Upper","Upper Elbe (section)","lioness","EUS_430",0.4112344312375,0.611932239268806,468,0.989924211345084,464.659663876629,0.992824051037803
"tu","Sec_Elbe_Upper","Upper Elbe (section)","lioness","EUS_433",0.147114144470582,0.849464515901204,468,0.454670718356747,394.432718829687,0.483128566566498
"tu","Sec_Elbe_Upper","Upper Elbe (section)","lioness","EUS_444",0.173030819392915,0.964851863491058,468,0.7883027654191,415.067018343723,0.737020747180315
"tu","Sec_Elbe_Upper","Upper Elbe (section)","lioness","EUS_445",-0.0986681292513464,3.16750184123094,468,1.21207011801013,683.508693920818,1.56398042145951
"tu","Sec_Elbe_Upper","Upper Elbe (section)","bonobo","EUS_031",0.198144324718367,0.232215156459964,468,0.707677052720378,331.192860673137,0.717535112709597
"tu","Sec_Elbe_Upper","Upper Elbe (section)","bonobo","EUS_032",0.247743429107569,0.346818369722549,468,0.811662854555219,379.858215931842,0.805155859179356
"tu","Sec_Elbe_Upper","Upper Elbe (section)","bonobo","EUS_033",0.164540198395083,0.254185704355716,468,0.713143286563314,333.751058111631,0.724015221849067
"tu","Sec_Elbe_Upper","Upper Elbe (section)","bonobo","EUS_037",0.167363791394655,0.248449502718612,468,0.705633894749255,330.236662742651,0.724906319459989
"tu","Sec_Elbe_Upper","Upper Elbe (section)","bonobo","EUS_038",0.18918748247675,0.272107386332755,468,0.758836135270835,355.135311306751,0.766770304663205
"tu","Sec_Elbe_Upper","Upper Elbe (section)","bonobo","EUS_039",0.171117669643702,0.240590761514792,468,0.712631928003302,333.511742305545,0.727861843503818
"tu","Sec_Elbe_Upper","Upper Elbe (section)","bonobo","EUS_040",0.254973982501314,0.229322218059775,468,0.766443967304685,358.695776698593,0.772188024017696
"tu","Sec_Elbe_Upper","Upper Elbe (section)","bonobo","EUS_041",0.165662935714215,0.250425881330025,468,0.712678883748446,333.533717594273,0.730376533116847
"tu","Sec_Elbe_Upper","Upper Elbe (section)","bonobo","EUS_042",0.165645888549773,0.2647134113178,468,0.725696970553004,339.626182218806,0.735094451723151
"tu","Sec_Elbe_Upper","Upper Elbe (section)","bonobo","EUS_043",0.164180664278331,0.259336430664185,468,0.726015676794625,339.775336739885,0.732695809934709
"tu","Sec_Elbe_Upper","Upper Elbe (section)","bonobo","EUS_044",0.158173700580674,0.254373062117342,468,0.685904613904659,321.00335930738,0.703331928755334
"tu","Sec_Elbe_Upper","Upper Elbe (section)","bonobo","EUS_045",0.161449302198412,0.255528582906057,468,0.694510072526738,325.030713942513,0.708571595596673
"tu","Sec_Elbe_Upper","Upper Elbe (section)","bonobo","EUS_046",0.168670421957124,0.239486981750253,468,0.676574000588604,316.636632275467,0.679913788807946
"tu","Sec_Elbe_Upper","Upper Elbe (section)","bonobo","EUS_049",0.182939586905886,0.251611159124936,468,0.714425929439827,334.351334977839,0.718206706870166
"tu","Sec_Elbe_Upper","Upper Elbe (section)","bonobo","EUS_057",0.15645193505873,0.279933245609819,468,0.694204598022986,324.887751874757,0.702095501461167
"tu","Sec_Elbe_Upper","Upper Elbe (section)","bonobo","EUS_058",0.172049356057722,0.242751026169339,468,0.707417474709302,331.071378163953,0.72018404579649
"tu","Sec_Elbe_Upper","Upper Elbe (section)","bonobo","EUS_059",0.167374139075105,0.244147094563926,468,0.720630444712495,337.255048125448,0.735234001308404
"tu","Sec_Elbe_Upper","Upper Elbe (section)","bonobo","EUS_060",0.16704438813358,0.253674437224322,468,0.727014842565847,340.242946320816,0.743732627520063
"tu","Sec_Elbe_Upper","Upper Elbe (section)","bonobo","EUS_061",0.165764708100225,0.252428182779325,468,0.72007728455012,336.996169169456,0.730156948984633
"tu","Sec_Elbe_Upper","Upper Elbe (section)","bonobo","EUS_062",0.207749365294283,0.236108313361777,468,0.727247121291376,340.351652764364,0.73657223427027
"tu","Sec_Elbe_Upper","Upper Elbe (section)","bonobo","EUS_063",0.167547222590209,0.258043421443636,468,0.735155341516066,344.052699829519,0.752736606918535
"tu","Sec_Elbe_Upper","Upper Elbe (section)","bonobo","EUS_064",0.176763898549313,0.235091046236457,468,0.70917236395855,331.892666332602,0.724262241494592
"tu","Sec_Elbe_Upper","Upper Elbe (section)","bonobo","EUS_065",0.168172797928488,0.248771333244111,468,0.700954149069441,328.046541764499,0.715821647311338
"tu","Sec_Elbe_Upper","Upper Elbe (section)","bonobo","EUS_066",0.163459439428856,0.256200313185286,468,0.714401540600691,334.339921001124,0.73371587669412
"tu","Sec_Elbe_Upper","Upper Elbe (section)","bonobo","EUS_067",0.168797418954269,0.265493988451669,468,0.718770498744189,336.38459341228,0.737091445632372
"tu","Sec_Elbe_Upper","Upper Elbe (section)","bonobo","EUS_068",0.166835170922235,0.262501280788494,468,0.720261371648705,337.082321931594,0.740922151673954
"tu","Sec_Elbe_Upper","Upper Elbe (section)","bonobo","EUS_069",0.185947467291771,0.270632179785255,468,0.717162025089174,335.631827741734,0.730197001565789
"tu","Sec_Elbe_Upper","Upper Elbe (section)","bonobo","EUS_079",0.160415463835678,0.25935969702118,468,0.696410207671544,325.919977190283,0.719828274211793
"tu","Sec_Elbe_Upper","Upper Elbe (section)","bonobo","EUS_080",0.169454459244094,0.243486490471345,468,0.697141483466413,326.262214262281,0.715723021599933
"tu","Sec_Elbe_Upper","Upper Elbe (section)","bonobo","EUS_081",0.162286807761341,0.251274264557478,468,0.699981105254871,327.59115725928,0.7123333113698
"tu","Sec_Elbe_Upper","Upper Elbe (section)","bonobo","EUS_147",0.214885734584056,0.254730179314532,468,0.752556057417139,352.196234871221,0.760789918437382
"tu","Sec_Elbe_Upper","Upper Elbe (section)","bonobo","EUS_148",0.179481383139915,0.278411347325823,468,0.746200795820156,349.221972443833,0.748263134373875
"tu","Sec_Elbe_Upper","Upper Elbe (section)","bonobo","EUS_149",0.163391772389247,0.253741003632119,468,0.69965468992358,327.438394884235,0.717140066514921
"tu","Sec_Elbe_Upper","Upper Elbe (section)","bonobo","EUS_150",0.246242665321695,0.34605687812325,468,0.795358738306002,372.227889527209,0.795111198926027
"tu","Sec_Elbe_Upper","Upper Elbe (section)","bonobo","EUS_155",0.190609054381991,0.272222732660759,468,0.758651649316414,355.048971880082,0.764613619577811
"tu","Sec_Elbe_Upper","Upper Elbe (section)","bonobo","EUS_235",0.230119452195199,0.250411285591606,468,0.765408805367595,358.211320912034,0.77581825576291
"tu","Sec_Elbe_Upper","Upper Elbe (section)","bonobo","EUS_245",0.249193301589899,0.347713577340389,468,0.813920201706533,380.914654398658,0.809715175899352
"tu","Sec_Elbe_Upper","Upper Elbe (section)","bonobo","EUS_250",0.184336358331224,0.235245201075238,468,0.69857530400303,326.933242273418,0.704622872727001
"tu","Sec_Elbe_Upper","Upper Elbe (section)","bonobo","EUS_273",0.176544524080633,0.266030679186551,468,0.730357075531213,341.807111348608,0.744967923406759
"tu","Sec_Elbe_Upper","Upper Elbe (section)","bonobo","EUS_274",0.172277965972637,0.268734709775079,468,0.733177557470617,343.127096896249,0.748324031228117
"tu","Sec_Elbe_Upper","Upper Elbe (section)","bonobo","EUS_275",0.174127078596217,0.266051841952497,468,0.739335461538816,346.008996000166,0.752158346140971
"tu","Sec_Elbe_Upper","Upper Elbe (section)","bonobo","EUS_276",0.171440326159813,0.26264899456125,468,0.736623623388156,344.739855745657,0.749536269590471
"tu","Sec_Elbe_Upper","Upper Elbe (section)","bonobo","EUS_425",0.22202040940683,0.256449964046915,468,0.76657096949208,358.755213722293,0.774663150645209
"tu","Sec_Elbe_Upper","Upper Elbe (section)","bonobo","EUS_426",0.1715126869848,0.256448987929829,468,0.702368052866743,328.708248741636,0.70844657146662
"tu","Sec_Elbe_Upper","Upper Elbe (section)","bonobo","EUS_428",0.218754459117418,0.260604043951216,468,0.768941993008193,359.864852727835,0.777666617885388
"tu","Sec_Elbe_Upper","Upper Elbe (section)","bonobo","EUS_429",0.170821865478453,0.256990976535063,468,0.700347790767875,327.762766079366,0.705942236652717
"tu","Sec_Elbe_Upper","Upper Elbe (section)","bonobo","EUS_430",0.226868005867722,0.256094371819946,468,0.771465747566874,361.045969861297,0.78045716939412
"tu","Sec_Elbe_Upper","Upper Elbe (section)","bonobo","EUS_433",0.186169057692682,0.248622829593439,468,0.687718179836119,321.852108163304,0.703246145942119
"tu","Sec_Elbe_Upper","Upper Elbe (section)","bonobo","EUS_444",0.190111654416966,0.277588577042798,468,0.743049510331309,347.747170835053,0.744610747802702
"tu","Sec_Elbe_Upper","Upper Elbe (section)","bonobo","EUS_445",0.152623041967272,0.315409624493067,468,0.710481765043294,332.505466040262,0.725126635005109
"tu","Sec_Elbe_Middle","Middle Elbe (section)","lioness","EUS_018",0.0559333721631204,1.32284793147448,585,0.744496497460155,707.075599801381,0.752697218458457
"tu","Sec_Elbe_Middle","Middle Elbe (section)","lioness","EUS_019",0.038317217129983,1.01186694056201,585,0.494869715941789,416.468124147223,0.52116439517107
"tu","Sec_Elbe_Middle","Middle Elbe (section)","lioness","EUS_020",0.220332378443672,0.486861004803042,585,0.639326335502839,393.452044979114,0.616697955973568
"tu","Sec_Elbe_Middle","Middle Elbe (section)","lioness","EUS_021",0.502966089947043,0.375672784322191,585,0.895920639319983,524.11357400219,0.907191121191653
"tu","Sec_Elbe_Middle","Middle Elbe (section)","lioness","EUS_022",0.127174917819208,0.651530664563779,585,0.625678327512894,431.001994159037,0.60341371087873
"tu","Sec_Elbe_Middle","Middle Elbe (section)","lioness","EUS_023",0.142429995628564,1.42512410900981,585,1.07351370501087,750.755028225953,0.966075080494041
"tu","Sec_Elbe_Middle","Middle Elbe (section)","lioness","EUS_025",0.299516376566981,0.485135261079342,585,0.681478544537669,458.901690573017,0.669534928616491
"tu","Sec_Elbe_Middle","Middle Elbe (section)","lioness","EUS_034",0.404873096822863,0.399355778476283,585,0.840330798262389,508.745211039167,0.844810895306612
"tu","Sec_Elbe_Middle","Middle Elbe (section)","lioness","EUS_047",0.29798781863528,0.674074959846415,585,0.847015351954255,515.775610816874,0.86935910108492
"tu","Sec_Elbe_Middle","Middle Elbe (section)","lioness","EUS_048",0.272035386003524,0.707184310368407,585,0.860903516568497,510.172798159019,0.868079000076781
"tu","Sec_Elbe_Middle","Middle Elbe (section)","lioness","EUS_050",0.129229712219254,0.70963979779407,585,0.691000174615722,430.872474265821,0.687639740561333
"tu","Sec_Elbe_Middle","Middle Elbe (section)","lioness","EUS_054",-0.0250522648480538,1.52674191984592,585,0.58981426142568,495.03095348487,0.539294466393768
"tu","Sec_Elbe_Middle","Middle Elbe (section)","lioness","EUS_055",0.186643387255521,0.757737281225419,585,0.826769701918582,495.350477449052,0.817944021948492
"tu","Sec_Elbe_Middle","Middle Elbe (section)","lioness","EUS_056",0.352666919737278,1.36759336226772,585,0.882971146138681,642.431317448761,0.886227826866245
"tu","Sec_Elbe_Middle","Middle Elbe (section)","lioness","EUS_151",0.1612199891768,1.45570094693255,585,0.39887630774095,525.302880760077,0.386130204240315
"tu","Sec_Elbe_Middle","Middle Elbe (section)","lioness","EUS_152",0.0940313110162437,1.35447133106764,585,0.826603895099549,533.487415604633,0.833972397738723
"tu","Sec_Elbe_Middle","Middle Elbe (section)","lioness","EUS_153",-0.00121301961113068,1.66977676925806,585,0.787565646687279,507.116121840638,0.787388240953368
"tu","Sec_Elbe_Middle","Middle Elbe (section)","lioness","EUS_154",0.245130020961626,0.779510138281552,585,0.86505727471772,511.180543265748,0.878290702765824
"tu","Sec_Elbe_Middle","Middle Elbe (section)","lioness","EUS_202",0.836756577402501,2.11798749488278,585,1.25588592666375,804.209908215458,1.16846282188138
"tu","Sec_Elbe_Middle","Middle Elbe (section)","lioness","EUS_203",0.13011453477888,0.728296964550098,585,0.605158454825192,451.018926890422,0.594954306898769
"tu","Sec_Elbe_Middle","Middle Elbe (section)","lioness","EUS_204",0.108784770104682,0.559586535884077,585,0.533119389913205,387.46902730951,0.533374132328323
"tu","Sec_Elbe_Middle","Middle Elbe (section)","lioness","EUS_205",0.399353406571363,0.439687667505058,585,0.865044120564485,510.414160332749,0.883013729519343
"tu","Sec_Elbe_Middle","Middle Elbe (section)","lioness","EUS_206",0.0838509145006566,1.07061626273209,585,0.776768628842494,657.976881365263,0.719761509476301
"tu","Sec_Elbe_Middle","Middle Elbe (section)","lioness","EUS_207",0.298732363504668,1.44464372002519,585,1.13791868207177,799.017151121597,1.01763834987908
"tu","Sec_Elbe_Middle","Middle Elbe (section)","lioness","EUS_208",0.480975033182209,0.423110872043425,585,0.881653574498829,519.443732477011,0.898739230252395
"tu","Sec_Elbe_Middle","Middle Elbe (section)","lioness","EUS_210",0.106466034170721,0.939204867586373,585,0.796794398394642,477.022550390498,0.792642069874497
"tu","Sec_Elbe_Middle","Middle Elbe (section)","lioness","EUS_211",0.172475137514034,0.492632558470013,585,0.565927521538121,379.65333915814,0.554254841075502
"tu","Sec_Elbe_Middle","Middle Elbe (section)","lioness","EUS_212",0.143869414799266,0.723409395755802,585,0.560515779975899,408.873867026595,0.570050701508451
"tu","Sec_Elbe_Middle","Middle Elbe (section)","lioness","EUS_213",0.269592714300454,0.608950505075362,585,0.721044475771636,444.639043135352,0.702736483713005
"tu","Sec_Elbe_Middle","Middle Elbe (section)","lioness","EUS_241",0.11855041061669,0.839380231767847,585,0.772650022357926,508.475549206521,0.778662804033467
"tu","Sec_Elbe_Middle","Middle Elbe (section)","lioness","EUS_243",0.759649897489581,1.90426871790927,585,1.01875313393007,655.467235118879,1.06580748550329
"tu","Sec_Elbe_Middle","Middle Elbe (section)","lioness","EUS_244",1.1646402015877,2.57610317485018,585,1.8844681760742,1110.37203645838,1.8025380852996
"tu","Sec_Elbe_Middle","Middle Elbe (section)","lioness","EUS_249",0.197831016654283,1.11449518012389,585,0.818995059822403,616.168459047834,0.896815696867206
"tu","Sec_Elbe_Middle","Middle Elbe (section)","lioness","EUS_255",0.0854555659791331,0.80762475460552,585,0.789371519857482,495.807896681893,0.791604319667531
"tu","Sec_Elbe_Middle","Middle Elbe (section)","lioness","EUS_256",0.141017701459423,0.676502454781794,585,0.714925464526597,457.721875086403,0.709335087151039
"tu","Sec_Elbe_Middle","Middle Elbe (section)","lioness","EUS_257",0.199455925439933,0.795190235968407,585,0.791574454500595,511.779047236423,0.799375378459376
"tu","Sec_Elbe_Middle","Middle Elbe (section)","lioness","EUS_267",0.0822538284353637,0.661616151026221,585,0.58857836624772,427.769706071626,0.862795278417877
"tu","Sec_Elbe_Middle","Middle Elbe (section)","lioness","EUS_268",0.0649946456385094,0.697214093594529,585,0.564550705097128,455.446940896163,0.854898462613557
"tu","Sec_Elbe_Middle","Middle Elbe (section)","lioness","EUS_269",0.0635643538947548,0.917344925285064,585,0.563960114150595,437.675441700735,0.787080068579567
"tu","Sec_Elbe_Middle","Middle Elbe (section)","lioness","EUS_270",0.148214701211252,0.934201021982814,585,0.865525109053459,516.036812347097,0.87873073948169
"tu","Sec_Elbe_Middle","Middle Elbe (section)","lioness","EUS_271",0.450544128795859,0.462754491491793,585,0.878980200254177,521.119330086764,0.886195966280735
"tu","Sec_Elbe_Middle","Middle Elbe (section)","lioness","EUS_272",0.148338383507235,0.861569541837984,585,0.854717767069091,504.633535040127,0.860592880707008
"tu","Sec_Elbe_Middle","Middle Elbe (section)","lioness","EUS_277",0.140296686350153,0.840283994781425,585,0.73707870341466,477.402558183473,0.763353234696833
"tu","Sec_Elbe_Middle","Middle Elbe (section)","lioness","EUS_278",0.156529547652406,0.915438318135949,585,0.741875004131802,486.556872171628,0.765581506433049
"tu","Sec_Elbe_Middle","Middle Elbe (section)","lioness","EUS_279",0.133622377308664,0.794808562871911,585,0.721733267187308,468.238981628216,0.750791591423102
"tu","Sec_Elbe_Middle","Middle Elbe (section)","lioness","EUS_427",0.0513827833547108,1.08334007620941,585,0.552076910550971,451.393061130978,0.491940559149799
"tu","Sec_Elbe_Middle","Middle Elbe (section)","lioness","EUS_431",0.166493737157715,0.965515501969812,585,0.653561320980938,471.046254104657,0.61311818379506
"tu","Sec_Elbe_Middle","Middle Elbe (section)","lioness","EUS_432",0.400480201005961,0.470780587586395,585,0.894522346133344,523.295572488006,0.904925189019398
"tu","Sec_Elbe_Middle","Middle Elbe (section)","lioness","EUS_435",0.195902636343379,0.764949286561556,585,0.695386098163185,445.229327155868,0.64054054173492
"tu","Sec_Elbe_Middle","Middle Elbe (section)","lioness","EUS_436",0.108153358937018,1.08536971016535,585,0.845928998282379,500.338186533923,0.83967161794589
"tu","Sec_Elbe_Middle","Middle Elbe (section)","bonobo","EUS_018",0.19883395443713,0.29368528684275,585,0.77134490745724,451.236770862486,0.780630799104194
"tu","Sec_Elbe_Middle","Middle Elbe (section)","bonobo","EUS_019",0.204355302170042,0.264488635386962,585,0.733594914783801,429.153025148524,0.745748772616686
"tu","Sec_Elbe_Middle","Middle Elbe (section)","bonobo","EUS_020",0.22936618975614,0.253336561190371,585,0.755846122943238,442.169981921794,0.758978393713215
"tu","Sec_Elbe_Middle","Middle Elbe (section)","bonobo","EUS_021",0.276765204286261,0.248062959045127,585,0.800775343196202,468.453575769778,0.809729274604615
"tu","Sec_Elbe_Middle","Middle Elbe (section)","bonobo","EUS_022",0.214929513406253,0.261162313799159,585,0.754687856399345,441.492395993617,0.758073290905252
"tu","Sec_Elbe_Middle","Middle Elbe (section)","bonobo","EUS_023",0.209524878208467,0.308894715093944,585,0.817131164557723,478.021731266268,0.815282981654231
"tu","Sec_Elbe_Middle","Middle Elbe (section)","bonobo","EUS_025",0.243024316558524,0.251577337622691,585,0.765198855803352,447.641330644961,0.76999567700583
"tu","Sec_Elbe_Middle","Middle Elbe (section)","bonobo","EUS_034",0.260851811762191,0.252157452226719,585,0.791715402224598,463.15351030139,0.799509457567748
"tu","Sec_Elbe_Middle","Middle Elbe (section)","bonobo","EUS_047",0.244603689087349,0.269206860192157,585,0.793044646805527,463.931118381233,0.803743083490554
"tu","Sec_Elbe_Middle","Middle Elbe (section)","bonobo","EUS_048",0.24106593200769,0.271202152610947,585,0.795184982042515,465.183214494871,0.803434834650471
"tu","Sec_Elbe_Middle","Middle Elbe (section)","bonobo","EUS_050",0.215848805220133,0.266911291198804,585,0.765551501692221,447.847628489949,0.772042935930116
"tu","Sec_Elbe_Middle","Middle Elbe (section)","bonobo","EUS_054",0.200560782571144,0.283135414314667,585,0.753544069994542,440.823280946807,0.753262720827552
"tu","Sec_Elbe_Middle","Middle Elbe (section)","bonobo","EUS_055",0.22752243424142,0.27149371672294,585,0.789145236578686,461.649963398531,0.794661673923708
"tu","Sec_Elbe_Middle","Middle Elbe (section)","bonobo","EUS_056",0.236260476366799,0.298121241940742,585,0.793624426248966,464.270289355645,0.802582084520513
"tu","Sec_Elbe_Middle","Middle Elbe (section)","bonobo","EUS_151",0.209416784732199,0.282229955637555,585,0.720826473953138,421.683487262586,0.727017164179474
"tu","Sec_Elbe_Middle","Middle Elbe (section)","bonobo","EUS_152",0.216814780587564,0.291704760713248,585,0.788588825784101,461.324463083699,0.795523447796238
"tu","Sec_Elbe_Middle","Middle Elbe (section)","bonobo","EUS_153",0.195634695601114,0.307932975110122,585,0.779963904061786,456.278883876145,0.785199356638944
"tu","Sec_Elbe_Middle","Middle Elbe (section)","bonobo","EUS_154",0.240047130377742,0.271626324593693,585,0.794655913897979,464.873709630318,0.803346758505972
"tu","Sec_Elbe_Middle","Middle Elbe (section)","bonobo","EUS_202",0.279010938109899,0.339789515527852,585,0.835606519990504,488.829814194445,0.83538684859526
"tu","Sec_Elbe_Middle","Middle Elbe (section)","bonobo","EUS_203",0.216196893798785,0.265696661408148,585,0.752408835056958,440.159168508321,0.75882459468561
"tu","Sec_Elbe_Middle","Middle Elbe (section)","bonobo","EUS_204",0.208969988923985,0.255834888938091,585,0.738765698464536,432.177933601753,0.746470810204508
"tu","Sec_Elbe_Middle","Middle Elbe (section)","bonobo","EUS_205",0.25925583199628,0.255643305973627,585,0.795600297492441,465.426174033078,0.805768175350499
"tu","Sec_Elbe_Middle","Middle Elbe (section)","bonobo","EUS_206",0.204865807437319,0.291863918534108,585,0.778791836974969,455.593224630357,0.78052762796213
"tu","Sec_Elbe_Middle","Middle Elbe (section)","bonobo","EUS_207",0.229460991677433,0.316488728046998,585,0.819317093872933,479.300499915666,0.814006523050859
"tu","Sec_Elbe_Middle","Middle Elbe (section)","bonobo","EUS_208",0.272007193179212,0.252303676327219,585,0.7983544832521,467.037372702478,0.8083653612189
"tu","Sec_Elbe_Middle","Middle Elbe (section)","bonobo","EUS_210",0.216507475436302,0.275277613940573,585,0.784017254494146,458.650093879075,0.790389512657467
"tu","Sec_Elbe_Middle","Middle Elbe (section)","bonobo","EUS_211",0.219917911009862,0.254184897467601,585,0.743264994103398,434.810021550488,0.74832519871738
"tu","Sec_Elbe_Middle","Middle Elbe (section)","bonobo","EUS_212",0.219054209531234,0.258155701696164,585,0.744134432534866,435.318643032896,0.752743945162262
"tu","Sec_Elbe_Middle","Middle Elbe (section)","bonobo","EUS_213",0.23830560416119,0.260685406402402,585,0.770347574545363,450.653331109037,0.774306837331986
"tu","Sec_Elbe_Middle","Middle Elbe (section)","bonobo","EUS_241",0.209558697600284,0.282176709337527,585,0.77910831776086,455.778365890103,0.788338755006131
"tu","Sec_Elbe_Middle","Middle Elbe (section)","bonobo","EUS_243",0.275887599933758,0.327533243661674,585,0.812099802872543,475.078384680438,0.826352052589
"tu","Sec_Elbe_Middle","Middle Elbe (section)","bonobo","EUS_244",0.303518964627552,0.373437517301957,585,0.876728756776137,512.88632271404,0.877788578573113
"tu","Sec_Elbe_Middle","Middle Elbe (section)","bonobo","EUS_249",0.218345559303184,0.294526849210644,585,0.785830407823706,459.710788576868,0.806380493775929
"tu","Sec_Elbe_Middle","Middle Elbe (section)","bonobo","EUS_255",0.211811145866294,0.269164073430528,585,0.783051826725333,458.08531863432,0.79018112262824
"tu","Sec_Elbe_Middle","Middle Elbe (section)","bonobo","EUS_256",0.218663225020993,0.262369515933867,585,0.769453493058004,450.130293438932,0.774944312390938
"tu","Sec_Elbe_Middle","Middle Elbe (section)","bonobo","EUS_257",0.22094524937409,0.280837060806988,585,0.782425170877013,457.718724963053,0.791474298856787
"tu","Sec_Elbe_Middle","Middle Elbe (section)","bonobo","EUS_267",0.206494892632731,0.262418153976689,585,0.748012831608336,437.587506490877,0.802306309278425
"tu","Sec_Elbe_Middle","Middle Elbe (section)","bonobo","EUS_268",0.203234407964466,0.262907876913528,585,0.744223510361853,435.370753561684,0.800364157404115
"tu","Sec_Elbe_Middle","Middle Elbe (section)","bonobo","EUS_269",0.203715807232777,0.266364716375824,585,0.744609837460782,435.596754914557,0.790459433261627
"tu","Sec_Elbe_Middle","Middle Elbe (section)","bonobo","EUS_270",0.224229161115492,0.280101784601996,585,0.795661672779595,465.462078576063,0.804781026580907
"tu","Sec_Elbe_Middle","Middle Elbe (section)","bonobo","EUS_271",0.268755207067826,0.253124108705871,585,0.79814555149748,466.915147626026,0.806600189904283
"tu","Sec_Elbe_Middle","Middle Elbe (section)","bonobo","EUS_272",0.222996782901542,0.281627753119277,585,0.793818214996011,464.383655772666,0.801707381902045
"tu","Sec_Elbe_Middle","Middle Elbe (section)","bonobo","EUS_277",0.212465674957521,0.278461873105367,585,0.772925400868898,452.161359508305,0.78447780338189
"tu","Sec_Elbe_Middle","Middle Elbe (section)","bonobo","EUS_278",0.214238931663908,0.281474914560384,585,0.773542301888686,452.522246604882,0.78461531458552
"tu","Sec_Elbe_Middle","Middle Elbe (section)","bonobo","EUS_279",0.211831702554702,0.27688822768622,585,0.770366441789653,450.664368446947,0.782300651214373
"tu","Sec_Elbe_Middle","Middle Elbe (section)","bonobo","EUS_427",0.206884437221081,0.27283783325948,585,0.745215866615234,435.951281969912,0.743482000601538
"tu","Sec_Elbe_Middle","Middle Elbe (section)","bonobo","EUS_431",0.226944838869678,0.274381551778015,585,0.762500025535304,446.062514938153,0.763839079975245
"tu","Sec_Elbe_Middle","Middle Elbe (section)","bonobo","EUS_432",0.259956231884253,0.257915332941224,585,0.800579920805537,468.339253671239,0.809399408234002
"tu","Sec_Elbe_Middle","Middle Elbe (section)","bonobo","EUS_435",0.229287911205145,0.265721653321722,585,0.766633805005646,448.480775928303,0.764337724339491
"tu","Sec_Elbe_Middle","Middle Elbe (section)","bonobo","EUS_436",0.219423551704587,0.286195865212997,585,0.792480803488421,463.601270040726,0.798529110074707
"tu","Sec_Elbe_Lower","Lower Elbe (section)","lioness","EUS_024",0.324690162964735,0.545174007956872,491,0.784885829866489,401.195199663705,0.746252504929014
"tu","Sec_Elbe_Lower","Lower Elbe (section)","lioness","EUS_026",0.556743231137968,0.582032860099061,491,1.01217547128466,496.978156400766,0.989726701614144
"tu","Sec_Elbe_Lower","Lower Elbe (section)","lioness","EUS_027",0.0238238487561904,0.889109544544434,491,0.467177723199813,401.559314115163,0.615424785054374
"tu","Sec_Elbe_Lower","Lower Elbe (section)","lioness","EUS_028",0.303450007081677,0.715059121899403,491,0.654473302733063,365.360949574763,0.630822619929315
"tu","Sec_Elbe_Lower","Lower Elbe (section)","lioness","EUS_029",1.48405036146702,3.81170365838533,491,1.86595638886273,1034.47119620816,2.08646367890546
"tu","Sec_Elbe_Lower","Lower Elbe (section)","lioness","EUS_030",-0.0252961456795196,1.04197821471581,491,0.565266891184807,455.376705027333,0.593302209602809
"tu","Sec_Elbe_Lower","Lower Elbe (section)","lioness","EUS_035",0.313644535209435,0.568691918219141,491,0.717127442843244,399.711454832214,0.667443923637444
"tu","Sec_Elbe_Lower","Lower Elbe (section)","lioness","EUS_036",0.404749564956113,0.466485223608811,491,0.717611999519912,370.289943313178,0.681473387372493
"tu","Sec_Elbe_Lower","Lower Elbe (section)","lioness","EUS_052",0.552505968487132,0.390754568815756,491,1.00419615632849,494.523042879784,0.977047595971815
"tu","Sec_Elbe_Lower","Lower Elbe (section)","lioness","EUS_053",0.0182539452757677,1.20246961879405,491,0.540255332682754,448.192341477844,0.517996717882354
"tu","Sec_Elbe_Lower","Lower Elbe (section)","lioness","EUS_101",0.37949441436335,1.9829353333417,491,0.879553793356132,642.212468703983,0.984493718090399
"tu","Sec_Elbe_Lower","Lower Elbe (section)","lioness","EUS_156",0.0468776241491895,1.21906220179424,491,0.602483329336056,372.414667772171,0.6199888496701
"tu","Sec_Elbe_Lower","Lower Elbe (section)","lioness","EUS_157",0.205785597262427,1.18030436857329,491,0.924570250280686,475.5699536591,0.905622441026623
"tu","Sec_Elbe_Lower","Lower Elbe (section)","lioness","EUS_200",0.155090804405465,2.02904841926232,491,0.369917344186801,447.320610139789,0.409000661305574
"tu","Sec_Elbe_Lower","Lower Elbe (section)","lioness","EUS_201",0.381715977778564,0.786569456075466,491,0.952587398510571,490.364133719973,0.923892035237637
"tu","Sec_Elbe_Lower","Lower Elbe (section)","lioness","EUS_209",0.182605925385759,0.642074626634729,491,0.603771441924153,356.085448997329,0.554331481324204
"tu","Sec_Elbe_Lower","Lower Elbe (section)","lioness","EUS_214",0.507859345665176,0.612635188948131,491,0.98534591610349,492.345276008635,0.957381225795595
"tu","Sec_Elbe_Lower","Lower Elbe (section)","lioness","EUS_215",1.57473887421365,3.14325619509932,491,1.49293759754351,770.442032855739,1.69571561320167
"tu","Sec_Elbe_Lower","Lower Elbe (section)","lioness","EUS_240",-0.0438136989512035,1.35370145937643,491,0.530242945192994,409.762849788748,0.522935840186256
"tu","Sec_Elbe_Lower","Lower Elbe (section)","lioness","EUS_280",0.14918185279814,0.560122503216702,491,0.712939511945507,382.679112290376,0.675948777928574
"tu","Sec_Elbe_Lower","Lower Elbe (section)","lioness","EUS_281",0.13010877914299,0.505653491009603,491,0.694208097672455,376.375532164166,0.733550258393361
"tu","Sec_Elbe_Lower","Lower Elbe (section)","lioness","EUS_282",0.164186983512459,0.54497322990738,491,0.844814950311657,417.067638333122,0.848095101801469
"tu","Sec_Elbe_Lower","Lower Elbe (section)","lioness","EUS_283",0.158682685063935,0.545280730287262,491,0.811051005647962,403.839222316524,0.834716177935001
"tu","Sec_Elbe_Lower","Lower Elbe (section)","lioness","EUS_284",0.19249995278397,0.578036562907599,491,0.841018161772865,418.833343474245,0.842341179432747
"tu","Sec_Elbe_Lower","Lower Elbe (section)","lioness","EUS_285",0.166699065186392,0.659077335766283,491,0.76845059131541,436.667078333763,0.733677879133113
"tu","Sec_Elbe_Lower","Lower Elbe (section)","lioness","EUS_286",0.119188231968654,0.563763430905317,491,0.686418875901021,371.584884536453,0.719049280181319
"tu","Sec_Elbe_Lower","Lower Elbe (section)","lioness","EUS_287",0.158524376662945,0.453207093433072,491,0.783526039399104,388.734795618544,0.801847964865703
"tu","Sec_Elbe_Lower","Lower Elbe (section)","lioness","EUS_288",0.146203119694829,0.476366970019853,491,0.739772271818063,382.783263322915,0.75859239326269
"tu","Sec_Elbe_Lower","Lower Elbe (section)","lioness","EUS_289",0.214807189298733,0.528851245968965,491,0.809680511200739,403.623677124243,0.796670488648144
"tu","Sec_Elbe_Lower","Lower Elbe (section)","lioness","EUS_290",0.139832957412395,0.485499262866407,491,0.765377573247736,388.67755393447,0.780451267503205
"tu","Sec_Elbe_Lower","Lower Elbe (section)","lioness","EUS_291",0.154507636046207,0.575567484545841,491,0.852388666641651,421.988509966717,0.850077988912805
"tu","Sec_Elbe_Lower","Lower Elbe (section)","lioness","EUS_292",0.194415860222578,0.651821704665682,491,0.846911231621656,422.394965800565,0.831297910174451
"tu","Sec_Elbe_Lower","Lower Elbe (section)","lioness","EUS_293",0.162559642554053,0.697194830578543,491,0.854022029601224,424.355730434989,0.845433834053423
"tu","Sec_Elbe_Lower","Lower Elbe (section)","lioness","EUS_294",0.145178097338016,0.616799872715765,491,0.840710954516597,418.550503678956,0.833064968392601
"tu","Sec_Elbe_Lower","Lower Elbe (section)","lioness","EUS_295",0.131074858023425,0.61743755818783,491,0.836491667011525,420.378236866122,0.834270850589943
"tu","Sec_Elbe_Lower","Lower Elbe (section)","lioness","EUS_296",0.132528150365143,0.621175410985793,491,0.82644534520043,410.830134181522,0.831006975142448
"tu","Sec_Elbe_Lower","Lower Elbe (section)","lioness","EUS_297",0.120499967797047,0.681448763694213,491,0.659454307963782,368.40066254038,0.728728515720454
"tu","Sec_Elbe_Lower","Lower Elbe (section)","lioness","EUS_298",0.229572721510443,1.2597222387875,491,0.737698823086904,437.848219558894,0.687691434828425
"tu","Sec_Elbe_Lower","Lower Elbe (section)","lioness","EUS_299",0.122059235091186,1.0622833522679,491,0.864995064663331,459.389388709009,0.849794338032391
"tu","Sec_Elbe_Lower","Lower Elbe (section)","lioness","EUS_300",0.132911273915501,0.499696802409002,491,0.73958708436224,382.746680706584,0.748718681560496
"tu","Sec_Elbe_Lower","Lower Elbe (section)","lioness","EUS_372",0.546369437578922,0.407007487496014,491,1.01167719760529,496.733504024198,0.988934946350169
"tu","Sec_Elbe_Lower","Lower Elbe (section)","lioness","EUS_373",0.369971300350195,0.675420458678335,491,1.00834349862455,495.096657824655,0.986349850267685
"tu","Sec_Elbe_Lower","Lower Elbe (section)","lioness","EUS_374",0.220035647186498,0.802921014539778,491,0.752707856349966,432.372250636501,0.720384801955606
"tu","Sec_Elbe_Lower","Lower Elbe (section)","lioness","EUS_424",0.286367038673398,0.821993859321984,491,0.948954090698157,481.909754578212,0.899478003813707
"tu","Sec_Elbe_Lower","Lower Elbe (section)","lioness","EUS_434",-0.0580069811735245,1.40935098700979,491,0.307386985045905,525.965424750398,0.511463722772968
"tu","Sec_Elbe_Lower","Lower Elbe (section)","lioness","EUS_437",0.399145867225395,1.00717736722684,491,0.994917224250152,502.110821422275,0.962303402928248
"tu","Sec_Elbe_Lower","Lower Elbe (section)","lioness","EUS_438",0.274752760329736,0.789683787916626,491,0.994108812357397,497.666738074814,0.967061722904394
"tu","Sec_Elbe_Lower","Lower Elbe (section)","lioness","EUS_439",0.19995519740709,1.0806407315907,491,0.898291719580668,497.637351354508,0.852496855944854
"tu","Sec_Elbe_Lower","Lower Elbe (section)","lioness","EUS_440",-0.151045981309243,2.85650833982154,491,0.548487679471087,470.272009694711,0.58419522939412
"tu","Sec_Elbe_Lower","Lower Elbe (section)","lioness","EUS_441",0.219912706215083,1.30768389370094,491,0.970859503096387,486.173149659572,0.957187279059957
"tu","Sec_Elbe_Lower","Lower Elbe (section)","bonobo","EUS_024",0.268308363389964,0.260408556598478,491,0.801935851113775,393.750502896863,0.800804976199802
"tu","Sec_Elbe_Lower","Lower Elbe (section)","bonobo","EUS_026",0.305509073813119,0.259424968223174,491,0.836573333828444,410.757506909766,0.837924031943309
"tu","Sec_Elbe_Lower","Lower Elbe (section)","bonobo","EUS_027",0.221920207937413,0.266936570714337,491,0.749671730351574,368.088819602623,0.780501868070034
"tu","Sec_Elbe_Lower","Lower Elbe (section)","bonobo","EUS_028",0.267894984431486,0.259376981792644,491,0.780656683445327,383.302431571656,0.782565796374515
"tu","Sec_Elbe_Lower","Lower Elbe (section)","bonobo","EUS_029",0.316293074632332,0.404128444121167,491,0.869700971091395,427.023176805875,0.880429780463847
"tu","Sec_Elbe_Lower","Lower Elbe (section)","bonobo","EUS_030",0.211848005144153,0.280797421171972,491,0.770732651452045,378.429731862954,0.782721558942514
"tu","Sec_Elbe_Lower","Lower Elbe (section)","bonobo","EUS_035",0.266723142107838,0.259618690346046,491,0.791066830957386,388.413814000077,0.787983688404151
"tu","Sec_Elbe_Lower","Lower Elbe (section)","bonobo","EUS_036",0.279883834526728,0.254384457311266,491,0.790118931653945,387.948395442087,0.789322676853909
"tu","Sec_Elbe_Lower","Lower Elbe (section)","bonobo","EUS_052",0.304487354257174,0.256040462919713,491,0.835440888330116,410.201476170087,0.836045089077395
"tu","Sec_Elbe_Lower","Lower Elbe (section)","bonobo","EUS_053",0.218126367816082,0.286034549070533,491,0.767894565526636,377.036231673578,0.772039217813019
"tu","Sec_Elbe_Lower","Lower Elbe (section)","bonobo","EUS_101",0.253006112008157,0.318571175185527,491,0.800335448809771,392.964705365598,0.808478860202016
"tu","Sec_Elbe_Lower","Lower Elbe (section)","bonobo","EUS_156",0.229912372598003,0.264559549246438,491,0.772768908104355,379.429533879238,0.782849598303378
"tu","Sec_Elbe_Lower","Lower Elbe (section)","bonobo","EUS_157",0.260892073313384,0.282413989748645,491,0.822741766050904,403.966207130994,0.824385535445265
"tu","Sec_Elbe_Lower","Lower Elbe (section)","bonobo","EUS_200",0.233487086138877,0.300259395436286,491,0.741451871458473,364.052868886111,0.755231509305106
"tu","Sec_Elbe_Lower","Lower Elbe (section)","bonobo","EUS_201",0.281839927474626,0.271307661201845,491,0.828411464277071,406.750028960042,0.829485854615143
"tu","Sec_Elbe_Lower","Lower Elbe (section)","bonobo","EUS_209",0.244856419728517,0.26253313368051,491,0.771993602935239,379.048859041202,0.76917798933593
"tu","Sec_Elbe_Lower","Lower Elbe (section)","bonobo","EUS_214",0.297263174160873,0.264468765868829,491,0.832535006688907,408.774688284253,0.833028756452595
"tu","Sec_Elbe_Lower","Lower Elbe (section)","bonobo","EUS_215",0.355160790428581,0.341732635750395,491,0.856313972596344,420.450160544805,0.866640154979078
"tu","Sec_Elbe_Lower","Lower Elbe (section)","bonobo","EUS_240",0.2145269957389,0.285408416766486,491,0.765061847685085,375.645367213377,0.772678947216068
"tu","Sec_Elbe_Lower","Lower Elbe (section)","bonobo","EUS_280",0.234632175665846,0.268373884470755,491,0.789430044922324,387.610152056861,0.788171818268086
"tu","Sec_Elbe_Lower","Lower Elbe (section)","bonobo","EUS_281",0.23162278189886,0.262541116598007,491,0.785407425536079,385.635045938215,0.797204654486793
"tu","Sec_Elbe_Lower","Lower Elbe (section)","bonobo","EUS_282",0.236491649084728,0.27722095480944,491,0.81234338254402,398.860600829114,0.817826197814116
"tu","Sec_Elbe_Lower","Lower Elbe (section)","bonobo","EUS_283",0.236137701877926,0.275890817085861,491,0.808830621624145,397.135835217455,0.816416941304275
"tu","Sec_Elbe_Lower","Lower Elbe (section)","bonobo","EUS_284",0.240907031235329,0.278606852040574,491,0.81178915673306,398.588475955932,0.816908462201546
"tu","Sec_Elbe_Lower","Lower Elbe (section)","bonobo","EUS_285",0.237649863951918,0.277439059634016,491,0.803980346732183,394.754350245502,0.805820586267443
"tu","Sec_Elbe_Lower","Lower Elbe (section)","bonobo","EUS_286",0.232250503603001,0.265961219788862,491,0.785869269977544,385.861811558974,0.796256017881832
"tu","Sec_Elbe_Lower","Lower Elbe (section)","bonobo","EUS_287",0.236113291943224,0.26756429544203,491,0.801229787849317,393.403825834015,0.809335260539691
"tu","Sec_Elbe_Lower","Lower Elbe (section)","bonobo","EUS_288",0.233973998525769,0.267364108459114,491,0.793548170046201,389.632151492685,0.801664906275886
"tu","Sec_Elbe_Lower","Lower Elbe (section)","bonobo","EUS_289",0.245098179743497,0.275547215823018,491,0.805984833201002,395.738553101692,0.808390351277544
"tu","Sec_Elbe_Lower","Lower Elbe (section)","bonobo","EUS_290",0.232974681980844,0.272415552049973,491,0.797867212478539,391.752801326962,0.805273297775987
"tu","Sec_Elbe_Lower","Lower Elbe (section)","bonobo","EUS_291",0.235088653854229,0.283441300222212,491,0.812922074702489,399.144738678922,0.816962635913113
"tu","Sec_Elbe_Lower","Lower Elbe (section)","bonobo","EUS_292",0.241109784873119,0.286540078101218,491,0.811698628948778,398.54402681385,0.813330167375472
"tu","Sec_Elbe_Lower","Lower Elbe (section)","bonobo","EUS_293",0.235228575533366,0.285852117393287,491,0.81315747742806,399.260321417177,0.816170827409018
"tu","Sec_Elbe_Lower","Lower Elbe (section)","bonobo","EUS_294",0.233648822758783,0.283267867893935,491,0.810973656084874,398.188065137673,0.81413966606065
"tu","Sec_Elbe_Lower","Lower Elbe (section)","bonobo","EUS_295",0.231601998807449,0.284178817129789,491,0.810185257257649,397.800961313506,0.814196184252973
"tu","Sec_Elbe_Lower","Lower Elbe (section)","bonobo","EUS_296",0.231671823436256,0.283103289003503,491,0.808651453239303,397.047863540498,0.813350804915125
"tu","Sec_Elbe_Lower","Lower Elbe (section)","bonobo","EUS_297",0.230809977172918,0.259256652828978,491,0.779960827809234,382.960766454334,0.797015481368353
"tu","Sec_Elbe_Lower","Lower Elbe (section)","bonobo","EUS_298",0.241791044778783,0.29186722479527,491,0.79595567849707,390.814238142062,0.792414837174522
"tu","Sec_Elbe_Lower","Lower Elbe (section)","bonobo","EUS_299",0.229602629009981,0.290247587439552,491,0.815284609937088,400.30474347911,0.817684847363944
"tu","Sec_Elbe_Lower","Lower Elbe (section)","bonobo","EUS_300",0.232356929474162,0.263764707347394,491,0.793990619738235,389.849394291474,0.800579634986014
"tu","Sec_Elbe_Lower","Lower Elbe (section)","bonobo","EUS_372",0.303116637105727,0.258807556341037,491,0.836647860142143,410.794099329792,0.837942412547937
"tu","Sec_Elbe_Lower","Lower Elbe (section)","bonobo","EUS_373",0.277258567105951,0.280851341930028,491,0.83612096097604,410.535391839236,0.83753500814986
"tu","Sec_Elbe_Lower","Lower Elbe (section)","bonobo","EUS_374",0.254351815121506,0.280988697399242,491,0.796087273961774,390.878851515231,0.79607517560069
"tu","Sec_Elbe_Lower","Lower Elbe (section)","bonobo","EUS_424",0.265476000662738,0.279287271823712,491,0.827448185239373,406.277058952532,0.824962042113095
"tu","Sec_Elbe_Lower","Lower Elbe (section)","bonobo","EUS_434",0.211441708653723,0.277871855413533,491,0.733464301787487,360.130972177656,0.773907226028081
"tu","Sec_Elbe_Lower","Lower Elbe (section)","bonobo","EUS_437",0.286659702435464,0.282421107962165,491,0.834856463435576,409.914523546868,0.835106996938834
"tu","Sec_Elbe_Lower","Lower Elbe (section)","bonobo","EUS_438",0.262516108337207,0.288437742389496,491,0.833928296812287,409.458793734833,0.834626931508973
"tu","Sec_Elbe_Lower","Lower Elbe (section)","bonobo","EUS_439",0.256476485798293,0.287921472262273,491,0.82301022771451,404.098021807824,0.822462154372456
"tu","Sec_Elbe_Lower","Lower Elbe (section)","bonobo","EUS_440",0.206975502768532,0.317706065051461,491,0.754672811187794,370.544350293207,0.760481337107359
"tu","Sec_Elbe_Lower","Lower Elbe (section)","bonobo","EUS_441",0.264379226820721,0.287808319435972,491,0.830056626401085,407.557803562933,0.832804768195058
"tu","Sec_Rhine_Upper","Upper Rhine (section)","lioness","EUS_017",0.210746810945609,0.9995643667039,177,0.91768084072217,162.429508807824,0.917137816739358
"tu","Sec_Rhine_Upper","Upper Rhine (section)","lioness","EUS_070",0.0552801413668218,1.04555457207342,177,0.924318430468327,181.231765439195,0.857626814981858
"tu","Sec_Rhine_Upper","Upper Rhine (section)","lioness","EUS_071",0.260065379191715,0.439371152780781,177,0.797910232351436,158.526499818772,0.773166696372834
"tu","Sec_Rhine_Upper","Upper Rhine (section)","lioness","EUS_072",0.0814282518430808,0.524002170122882,177,0.764295465685965,159.762364884699,0.786786802082225
"tu","Sec_Rhine_Upper","Upper Rhine (section)","lioness","EUS_073",0.109249314739081,0.564327401545052,177,0.60542699064474,145.955474377287,0.596621643811646
"tu","Sec_Rhine_Upper","Upper Rhine (section)","lioness","EUS_074",0.0436615457783276,0.95898151470719,177,1.03177109725583,200.474474915286,1.03019874179003
"tu","Sec_Rhine_Upper","Upper Rhine (section)","lioness","EUS_075",0.249424283778611,1.63724802058933,177,1.24657483396267,221.509013875027,1.19980374341733
"tu","Sec_Rhine_Upper","Upper Rhine (section)","lioness","EUS_076",0.442497617285486,1.6127024228352,177,1.1297263426873,206.1617563026,1.07468301724151
"tu","Sec_Rhine_Upper","Upper Rhine (section)","lioness","EUS_077",0.945440712010093,3.26135976180746,177,1.3746362666233,243.776464675709,1.33090190113445
"tu","Sec_Rhine_Upper","Upper Rhine (section)","lioness","EUS_078",0.154580339488711,0.44404166999594,177,0.571365400428304,145.091802833923,0.654780661221704
"tu","Sec_Rhine_Upper","Upper Rhine (section)","lioness","EUS_375",0.071804939920442,1.09381976420229,177,0.879223923246062,157.184679660414,0.862682821593189
"tu","Sec_Rhine_Upper","Upper Rhine (section)","lioness","EUS_403",-0.0111750008099143,1.50393959810577,177,0.921573974953945,167.953764269318,0.922650494811551
"tu","Sec_Rhine_Upper","Upper Rhine (section)","lioness","EUS_404",0.320410465831207,0.359089717693334,177,0.927152663741016,164.10602148216,0.930549918134043
"tu","Sec_Rhine_Upper","Upper Rhine (section)","lioness","EUS_405",0.312071413960369,0.523119402549915,177,0.934108559003646,165.337214943645,0.940399465825927
"tu","Sec_Rhine_Upper","Upper Rhine (section)","lioness","EUS_406",0.0331610531570409,2.17299529472462,177,0.709239199362408,152.637720952879,0.807833282433189
"tu","Sec_Rhine_Upper","Upper Rhine (section)","lioness","EUS_407",0.360583450350286,0.36863600779085,177,0.919935333766913,162.828554076744,0.920330178890714
"tu","Sec_Rhine_Upper","Upper Rhine (section)","lioness","EUS_408",0.206101868193037,1.75516232367111,177,0.897035971790025,163.175385519468,0.919991065451341
"tu","Sec_Rhine_Upper","Upper Rhine (section)","lioness","EUS_409",0.286100698482949,0.520663885477447,177,0.879141720614111,155.608084548698,0.862566422666347
"tu","Sec_Rhine_Upper","Upper Rhine (section)","lioness","EUS_410",0.0251204213564463,1.53393610994487,177,0.910291764294542,167.38252538981,0.906674884517836
"tu","Sec_Rhine_Upper","Upper Rhine (section)","lioness","EUS_411",0.365537249601299,0.387915692919644,177,0.934108559003646,165.337214943645,0.940399465825927
"tu","Sec_Rhine_Upper","Upper Rhine (section)","lioness","EUS_412",0.141958039797705,0.655493719902153,177,0.882414691126331,163.552034411387,0.867200948911649
"tu","Sec_Rhine_Upper","Upper Rhine (section)","lioness","EUS_413",0.370069164786587,0.40196562112141,177,0.934108559003646,165.337214943645,0.940399465825927
"tu","Sec_Rhine_Upper","Upper Rhine (section)","lioness","EUS_414",0.223481636547062,0.585806600298815,177,0.924760491947908,163.68260707478,0.927162602875003
"tu","Sec_Rhine_Upper","Upper Rhine (section)","lioness","EUS_415",0.339683777191377,0.428574861486202,177,0.904667454119939,166.897152157869,0.898710861310598
"tu","Sec_Rhine_Upper","Upper Rhine (section)","lioness","EUS_416",0.152718979226066,1.73269016945455,177,0.695038934380641,187.416103537305,0.939579183544306
"tu","Sec_Rhine_Upper","Upper Rhine (section)","lioness","EUS_417",0.382778487004664,0.366018762609417,177,0.934108559003646,165.337214943645,0.940399465825927
"tu","Sec_Rhine_Upper","Upper Rhine (section)","lioness","EUS_418",-0.00624389330615251,1.68678338328162,177,0.847864373466647,153.423411033587,0.843330644628794
"tu","Sec_Rhine_Upper","Upper Rhine (section)","lioness","EUS_419",0.368889322589237,0.425591917682506,177,0.933450293591557,165.220701965706,0.93946736200241
"tu","Sec_Rhine_Upper","Upper Rhine (section)","lioness","EUS_420",0.308989769209351,0.521593275469349,177,0.934108559003646,165.337214943645,0.940399465825927
"tu","Sec_Rhine_Upper","Upper Rhine (section)","lioness","EUS_421",0.269520089027091,0.63603578542316,177,0.934108559003646,165.337214943645,0.940399465825927
"tu","Sec_Rhine_Upper","Upper Rhine (section)","bonobo","EUS_017",0.239894819247255,0.3213002185704,177,0.906361280818543,160.425946704882,0.912765678397601
"tu","Sec_Rhine_Upper","Upper Rhine (section)","bonobo","EUS_070",0.210428167802012,0.338810529040912,177,0.908107786114747,160.73507814231,0.908778503443964
"tu","Sec_Rhine_Upper","Upper Rhine (section)","bonobo","EUS_071",0.236025472314673,0.313192827378665,177,0.891741464548178,157.838239225027,0.895209845329642
"tu","Sec_Rhine_Upper","Upper Rhine (section)","bonobo","EUS_072",0.212902541043466,0.317203250021132,177,0.88870882177009,157.301461453306,0.897800029290033
"tu","Sec_Rhine_Upper","Upper Rhine (section)","bonobo","EUS_073",0.217960039734529,0.313724214953924,177,0.869577476382204,153.91521331965,0.875572019526197
"tu","Sec_Rhine_Upper","Upper Rhine (section)","bonobo","EUS_074",0.209260706135919,0.346599936728412,177,0.916822318578757,162.27755038844,0.923227884436531
"tu","Sec_Rhine_Upper","Upper Rhine (section)","bonobo","EUS_075",0.223760094100851,0.370694628280009,177,0.931997680846183,164.963589509774,0.935329571246705
"tu","Sec_Rhine_Upper","Upper Rhine (section)","bonobo","EUS_076",0.241461298551294,0.362128383536634,177,0.924401590835704,163.61908157792,0.926705191915663
"tu","Sec_Rhine_Upper","Upper Rhine (section)","bonobo","EUS_077",0.264311832059496,0.403203823963499,177,0.938106546823655,166.044858787787,0.941429584047656
"tu","Sec_Rhine_Upper","Upper Rhine (section)","bonobo","EUS_078",0.222088331274125,0.313744825421241,177,0.864425047164753,153.003233348161,0.880622169670246
"tu","Sec_Rhine_Upper","Upper Rhine (section)","bonobo","EUS_375",0.211537250763998,0.334230931792294,177,0.902181130483748,159.686060095623,0.906861357700892
"tu","Sec_Rhine_Upper","Upper Rhine (section)","bonobo","EUS_403",0.208096183364255,0.341313397575669,177,0.905899342944171,160.344183701118,0.91213375417715
"tu","Sec_Rhine_Upper","Upper Rhine (section)","bonobo","EUS_404",0.243246680772077,0.320062641751447,177,0.90767340036912,160.658191865334,0.914664930351926
"tu","Sec_Rhine_Upper","Upper Rhine (section)","bonobo","EUS_405",0.244122558776439,0.324907151026798,177,0.908564052950005,160.815837372151,0.915926485684697
"tu","Sec_Rhine_Upper","Upper Rhine (section)","bonobo","EUS_406",0.20685582817815,0.338152596791695,177,0.882140788170458,156.138919506171,0.89976466708539
"tu","Sec_Rhine_Upper","Upper Rhine (section)","bonobo","EUS_407",0.248593526254604,0.321078224555655,177,0.906665451356074,160.479784890025,0.913245908552274
"tu","Sec_Rhine_Upper","Upper Rhine (section)","bonobo","EUS_408",0.215580269955631,0.346671036044442,177,0.904539285303448,160.10345349871,0.914335902026005
"tu","Sec_Rhine_Upper","Upper Rhine (section)","bonobo","EUS_409",0.24049791788526,0.3212225921079,177,0.901133735368395,159.500671160206,0.905409520910888
"tu","Sec_Rhine_Upper","Upper Rhine (section)","bonobo","EUS_410",0.20700492996278,0.343813205756275,177,0.904758111301862,160.14218570043,0.910539893611159
"tu","Sec_Rhine_Upper","Upper Rhine (section)","bonobo","EUS_411",0.249499957041302,0.321148102703639,177,0.908545167328891,160.812494617214,0.915908547067525
"tu","Sec_Rhine_Upper","Upper Rhine (section)","bonobo","EUS_412",0.221646600824148,0.326989600689321,177,0.902544635882593,159.750400551219,0.907373464574943
"tu","Sec_Rhine_Upper","Upper Rhine (section)","bonobo","EUS_413",0.250300547953847,0.322036247175398,177,0.908555792709438,160.814375309571,0.91591863971429
"tu","Sec_Rhine_Upper","Upper Rhine (section)","bonobo","EUS_414",0.232881851681716,0.325009177554478,177,0.907322821588754,160.59613942121,0.914158703929336
"tu","Sec_Rhine_Upper","Upper Rhine (section)","bonobo","EUS_415",0.246342750191971,0.322209428511843,177,0.905485400490334,160.270915886789,0.911573687792653
"tu","Sec_Rhine_Upper","Upper Rhine (section)","bonobo","EUS_416",0.216884407093558,0.331548852977874,177,0.884616050827884,156.577040996535,0.918109337299182
"tu","Sec_Rhine_Upper","Upper Rhine (section)","bonobo","EUS_417",0.2517187939317,0.320270863724666,177,0.908555547556125,160.814331917434,0.915918406854386
"tu","Sec_Rhine_Upper","Upper Rhine (section)","bonobo","EUS_418",0.205529282579457,0.341643695901861,177,0.899348036838031,159.184602520332,0.906219179710115
"tu","Sec_Rhine_Upper","Upper Rhine (section)","bonobo","EUS_419",0.250625726533084,0.321255473109748,177,0.908491330473189,160.802965493754,0.915826218916582
"tu","Sec_Rhine_Upper","Upper Rhine (section)","bonobo","EUS_420",0.243713848029847,0.324847076556385,177,0.908583228230778,160.819231396848,0.915944698878248
"tu","Sec_Rhine_Upper","Upper Rhine (section)","bonobo","EUS_421",0.239677862607813,0.330043894363754,177,0.908551281673647,160.813576856236,0.915914354873272
"tu","Sec_Rhine_Lower","Lower Rhine (section)","lioness","EUS_084",0.0602993201629861,1.09760570148999,339,0.469574720625694,291.223334095969,0.441894358233132
"tu","Sec_Rhine_Lower","Lower Rhine (section)","lioness","EUS_111",0.0502328918078747,0.798932562305863,339,0.868812938036265,313.924386644648,0.864953256827918
"tu","Sec_Rhine_Lower","Lower Rhine (section)","lioness","EUS_112",0.244552586153524,1.49419185280183,339,1.08895512663522,371.063813492125,1.07294842121251
"tu","Sec_Rhine_Lower","Lower Rhine (section)","lioness","EUS_113",0.0424355565303021,0.663079000441577,339,0.907251425671738,323.291123765695,0.898575660386986
"tu","Sec_Rhine_Lower","Lower Rhine (section)","lioness","EUS_114",0.148711717701443,1.40308388357046,339,1.08895689637158,371.064413432753,1.0778872755113
"tu","Sec_Rhine_Lower","Lower Rhine (section)","lioness","EUS_115",0.133952654125182,1.50460033108959,339,1.028800339257,350.67134057091,1.01663933752205
"tu","Sec_Rhine_Lower","Lower Rhine (section)","lioness","EUS_116",-0.0116607195641793,0.814097191851315,339,0.908032000856281,317.631261672485,0.896944177139859
"tu","Sec_Rhine_Lower","Lower Rhine (section)","lioness","EUS_218",0.161577401714491,0.798311339966622,339,0.810174862486452,294.107238242799,0.801912656311343
"tu","Sec_Rhine_Lower","Lower Rhine (section)","lioness","EUS_221",0.517921800076878,2.46313809782499,339,1.04501958530242,371.883634189618,1.03964891019145
"tu","Sec_Rhine_Lower","Lower Rhine (section)","lioness","EUS_238",0.320715393504544,1.36068613074412,339,0.960992923182533,341.267319434435,0.978997411473733
"tu","Sec_Rhine_Lower","Lower Rhine (section)","lioness","EUS_239",0.526232518259622,1.68609115928289,339,1.0590510950077,360.322006222437,1.07814841121104
"tu","Sec_Rhine_Lower","Lower Rhine (section)","lioness","EUS_258",0.427218098737274,0.306312302370963,339,0.942400391130246,322.825929694655,0.942289577073246
"tu","Sec_Rhine_Lower","Lower Rhine (section)","lioness","EUS_259",0.418080626345741,0.305345044184785,339,0.950458807119838,324.113561176411,0.951217037924461
"tu","Sec_Rhine_Lower","Lower Rhine (section)","lioness","EUS_260",0.35338004515651,0.409538842783381,339,0.917621817603289,313.782610236851,0.91483880444044
"tu","Sec_Rhine_Lower","Lower Rhine (section)","lioness","EUS_261",0.0920367054168444,0.606441867174364,339,0.862252507834274,295.209286702901,0.928344037101895
"tu","Sec_Rhine_Lower","Lower Rhine (section)","lioness","EUS_262",0.0803470987614077,1.31864348338799,339,0.872348195740156,332.074647764403,0.86571745904734
"tu","Sec_Rhine_Lower","Lower Rhine (section)","lioness","EUS_263",0.0961623450668607,0.634554256306973,339,0.855307584902558,295.308672499045,0.916794574294342
"tu","Sec_Rhine_Lower","Lower Rhine (section)","lioness","EUS_264",0.0905710625700626,0.593596710792924,339,0.845638786387279,296.06851416234,0.878838566035973
"tu","Sec_Rhine_Lower","Lower Rhine (section)","lioness","EUS_265",0.313959049568125,0.502769364284689,339,0.950458807119838,324.113561176411,0.951217037924461
"tu","Sec_Rhine_Lower","Lower Rhine (section)","lioness","EUS_266",0.307125782417119,0.515350474643396,339,0.950458807119838,324.113561176411,0.951217037924461
"tu","Sec_Rhine_Lower","Lower Rhine (section)","lioness","EUS_381",0.322270678475088,0.455961902892971,339,0.932833636814794,318.138628443001,0.933552740388794
"tu","Sec_Rhine_Lower","Lower Rhine (section)","lioness","EUS_382",0.134844933140419,0.925889507534458,339,0.924642078711342,317.841654368701,0.923434956092055
"tu","Sec_Rhine_Lower","Lower Rhine (section)","lioness","EUS_383",-0.00417629258471577,1.68056394113883,339,0.871693959553749,302.651196625044,0.867669639132001
"tu","Sec_Rhine_Lower","Lower Rhine (section)","lioness","EUS_387",0.38596473791974,0.443903499478332,339,0.950458807119838,324.113561176411,0.951217037924461
"tu","Sec_Rhine_Lower","Lower Rhine (section)","lioness","EUS_388",0.38375740893814,0.45306032338654,339,0.945474897001672,324.028515805161,0.945695647303355
"tu","Sec_Rhine_Lower","Lower Rhine (section)","lioness","EUS_392",0.0827531102936729,1.1966883372742,339,0.910197592061307,313.445900542532,0.908352150478198
"tu","Sec_Rhine_Lower","Lower Rhine (section)","lioness","EUS_393",0.275561761874349,0.61000449691181,339,0.943662337388674,321.809557937546,0.943687615575229
"tu","Sec_Rhine_Lower","Lower Rhine (section)","lioness","EUS_400",0.0802530323043178,1.23002415365724,339,0.601307336038419,284.235177752513,0.589625324970446
"tu","Sec_Rhine_Lower","Lower Rhine (section)","lioness","EUS_401",0.137265937917112,0.840233327542077,339,0.936905368125122,321.480955774347,0.936201953547962
"tu","Sec_Rhine_Lower","Lower Rhine (section)","lioness","EUS_402",0.0672754080609496,1.38744933327679,339,0.850118959616502,306.610911499173,0.845174247243582
"tu","Sec_Rhine_Lower","Lower Rhine (section)","bonobo","EUS_084",0.188445536494113,0.327713266700984,339,0.851995668554238,290.728951815283,0.850762666550965
"tu","Sec_Rhine_Lower","Lower Rhine (section)","bonobo","EUS_111",0.187879294036468,0.340856611223195,339,0.901214003022043,307.413947982641,0.902449574318187
"tu","Sec_Rhine_Lower","Lower Rhine (section)","bonobo","EUS_112",0.202825157999519,0.36865749959276,339,0.924838393829955,315.422609721063,0.925323059549156
"tu","Sec_Rhine_Lower","Lower Rhine (section)","bonobo","EUS_113",0.186438679835202,0.338094080973669,339,0.906309681572824,309.141391677398,0.907167464475795
"tu","Sec_Rhine_Lower","Lower Rhine (section)","bonobo","EUS_114",0.194382356425313,0.373330048381131,339,0.924882730877169,315.437638508696,0.925799635218817
"tu","Sec_Rhine_Lower","Lower Rhine (section)","bonobo","EUS_115",0.192098353941049,0.360553575532759,339,0.919935775586492,313.760632930102,0.920611515415717
"tu","Sec_Rhine_Lower","Lower Rhine (section)","bonobo","EUS_116",0.181825705005396,0.33813530711349,339,0.90735679648498,309.4963524305,0.907766973533118
"tu","Sec_Rhine_Lower","Lower Rhine (section)","bonobo","EUS_218",0.209878772757784,0.326355216525553,339,0.89152828281774,304.130516253841,0.892112470409239
"tu","Sec_Rhine_Lower","Lower Rhine (section)","bonobo","EUS_221",0.217732781439467,0.386295197464141,339,0.915903523679464,312.393719577418,0.916552300249742
"tu","Sec_Rhine_Lower","Lower Rhine (section)","bonobo","EUS_238",0.214654764073161,0.361017010530655,339,0.908887512400881,310.030525049771,0.912430375267092
"tu","Sec_Rhine_Lower","Lower Rhine (section)","bonobo","EUS_239",0.230484205261548,0.373675717084741,339,0.917994533133811,313.160616168267,0.921326708841311
"tu","Sec_Rhine_Lower","Lower Rhine (section)","bonobo","EUS_258",0.240668399919886,0.320627946158688,339,0.910922471566353,310.705144721496,0.912697410096644
"tu","Sec_Rhine_Lower","Lower Rhine (section)","bonobo","EUS_259",0.239387204054315,0.323594808297341,339,0.912030762959011,311.080850377441,0.913929309551566
"tu","Sec_Rhine_Lower","Lower Rhine (section)","bonobo","EUS_260",0.23081820400903,0.326429450344407,339,0.907277709225909,309.469572257909,0.908658015553479
"tu","Sec_Rhine_Lower","Lower Rhine (section)","bonobo","EUS_261",0.192941391313491,0.3307744166629,339,0.89930260193068,306.7659972623,0.910938256414705
"tu","Sec_Rhine_Lower","Lower Rhine (section)","bonobo","EUS_262",0.206504310729689,0.337641733461142,339,0.900746833761977,307.255603102994,0.901580881787197
"tu","Sec_Rhine_Lower","Lower Rhine (section)","bonobo","EUS_263",0.193487486888634,0.331462192334428,339,0.898566854054699,306.516578640501,0.909548415480859
"tu","Sec_Rhine_Lower","Lower Rhine (section)","bonobo","EUS_264",0.192851845953734,0.329404785848896,339,0.897074944930137,306.010822515676,0.903875969496857
"tu","Sec_Rhine_Lower","Lower Rhine (section)","bonobo","EUS_265",0.226008905855998,0.330079541219183,339,0.912020291194736,311.077298593606,0.913919188471583
"tu","Sec_Rhine_Lower","Lower Rhine (section)","bonobo","EUS_266",0.22536698905069,0.330439565966506,339,0.912018938467989,311.076839779552,0.913917881042039
"tu","Sec_Rhine_Lower","Lower Rhine (section)","bonobo","EUS_381",0.226234053915606,0.330877589431891,339,0.909414731270298,310.194013500009,0.911298875994799
"tu","Sec_Rhine_Lower","Lower Rhine (section)","bonobo","EUS_382",0.202893992209086,0.353703148162821,339,0.907663081043423,309.600209354202,0.909202756960204
"tu","Sec_Rhine_Lower","Lower Rhine (section)","bonobo","EUS_383",0.194819673373407,0.354563023115905,339,0.900577101365213,307.198073593677,0.901773420149937
"tu","Sec_Rhine_Lower","Lower Rhine (section)","bonobo","EUS_387",0.235585521197514,0.328714654982408,339,0.911998955178835,311.07006190469,0.913898566812528
"tu","Sec_Rhine_Lower","Lower Rhine (section)","bonobo","EUS_388",0.235236009557999,0.328447709376816,339,0.911378449306955,310.859710562875,0.913211024940121
"tu","Sec_Rhine_Lower","Lower Rhine (section)","bonobo","EUS_392",0.201149348465625,0.351781741434617,339,0.90521572021705,308.770553057794,0.90662566239362
"tu","Sec_Rhine_Lower","Lower Rhine (section)","bonobo","EUS_393",0.221391060608677,0.342208425165944,339,0.911071240031021,310.755571223064,0.912867011861192
"tu","Sec_Rhine_Lower","Lower Rhine (section)","bonobo","EUS_400",0.188603591951452,0.335254866140164,339,0.864692688517708,295.033237562648,0.865088311224946
"tu","Sec_Rhine_Lower","Lower Rhine (section)","bonobo","EUS_401",0.203851216514679,0.347801413649006,339,0.910105912308423,310.428327709006,0.911795519799765
"tu","Sec_Rhine_Lower","Lower Rhine (section)","bonobo","EUS_402",0.192212452609701,0.34969755134954,339,0.89846617693759,306.482457789548,0.899638716601629
"tu","Sec_Danube_Upper","Upper Danube (section)","lioness","EUS_001",-0.113873207840263,1.4903684660685,272,0.635322078998936,274.275229104469,0.702582056491789
"tu","Sec_Danube_Upper","Upper Danube (section)","lioness","EUS_002",0.0998279756461077,0.771737276249638,272,0.647940965644188,220.999240420026,0.643043948790543
"tu","Sec_Danube_Upper","Upper Danube (section)","lioness","EUS_003",0.9077212595056,2.88695133319925,272,1.76255958919693,608.896199216342,1.47242090542021
"tu","Sec_Danube_Upper","Upper Danube (section)","lioness","EUS_004",0.0335635003726077,0.96512929532949,272,0.664056549203837,217.499549883521,0.667420003175133
"tu","Sec_Danube_Upper","Upper Danube (section)","lioness","EUS_005",0.0358008608584058,0.822799976404794,272,0.583030784897851,211.39951424634,0.617564729584577
"tu","Sec_Danube_Upper","Upper Danube (section)","lioness","EUS_006",0.199627527043302,0.54542237747524,272,0.586037548343776,225.984535266222,0.675809208416943
"tu","Sec_Danube_Upper","Upper Danube (section)","lioness","EUS_007",0.335725535433376,0.396021867795688,272,0.798759200440344,223.953965920677,0.810609461749936
"tu","Sec_Danube_Upper","Upper Danube (section)","lioness","EUS_008",0.353074945077811,0.351801911031389,272,0.779656013754651,212.477794321917,0.792284063247963
"tu","Sec_Danube_Upper","Upper Danube (section)","lioness","EUS_009",0.215655726027089,0.66519169445741,272,0.727603410063604,230.282225848366,0.784835454646972
"tu","Sec_Danube_Upper","Upper Danube (section)","lioness","EUS_010",0.441027836127539,0.395089914912354,272,0.854164690797252,235.364771223874,0.88072840373442
"tu","Sec_Danube_Upper","Upper Danube (section)","lioness","EUS_011",0.406371312574766,0.374086152978867,272,0.861077414574701,234.213056764319,0.884718451209151
"tu","Sec_Danube_Upper","Upper Danube (section)","lioness","EUS_012",0.311843233283103,0.615727341202125,272,0.766060753519409,220.685161721128,0.773897577383624
"tu","Sec_Danube_Upper","Upper Danube (section)","lioness","EUS_013",0.41248536750342,0.409261229828687,272,0.851983319586831,232.465655277853,0.867934773145005
"tu","Sec_Danube_Upper","Upper Danube (section)","lioness","EUS_051",0.196849996856492,0.89397787754734,272,0.759595246871893,244.268537463723,0.787645632157681
"tu","Sec_Danube_Upper","Upper Danube (section)","lioness","EUS_096",0.0849833086096727,0.861559762239218,272,0.52333150416722,238.981315464317,0.514652616116396
"tu","Sec_Danube_Upper","Upper Danube (section)","lioness","EUS_097",0.0975106514730689,0.847007705801061,272,0.666478651916803,213.553144492829,0.672323200314389
"tu","Sec_Danube_Upper","Upper Danube (section)","lioness","EUS_105",-0.0315504822715217,1.45580098224731,272,0.436695394712184,291.088280040153,0.452466642683759
"tu","Sec_Danube_Upper","Upper Danube (section)","lioness","EUS_164",0.102244697713453,1.27633602586879,272,0.596627753522548,256.07335500972,0.642865029188401
"tu","Sec_Danube_Upper","Upper Danube (section)","lioness","EUS_165",0.253388214394655,0.599461471501548,272,0.667606189433092,226.610838142394,0.663985322153064
"tu","Sec_Danube_Upper","Upper Danube (section)","lioness","EUS_166",0.271968201130427,0.425237424239728,272,0.741211752492437,212.827202224445,0.734871122862193
"tu","Sec_Danube_Upper","Upper Danube (section)","lioness","EUS_168",0.160765868547529,0.459454741759767,272,0.7141317585742,203.429004356998,0.713817616435307
"tu","Sec_Danube_Upper","Upper Danube (section)","lioness","EUS_171",0.300358110608775,0.451441256439436,272,0.753724831906895,219.083314682533,0.741744966252988
"tu","Sec_Danube_Upper","Upper Danube (section)","lioness","EUS_172",0.24914283419915,0.412120304232611,272,0.713360622372942,207.600300110099,0.718127133089933
"tu","Sec_Danube_Upper","Upper Danube (section)","lioness","EUS_176",-0.128753655783531,1.82662222948652,272,0.525756355631671,304.102075611161,0.932569060399482
"tu","Sec_Danube_Upper","Upper Danube (section)","lioness","EUS_177",0.367526100301032,1.8411889846539,272,1.26076158320194,465.626392115374,1.24058834038014
"tu","Sec_Danube_Upper","Upper Danube (section)","lioness","EUS_179",0.0588836908108166,0.740212486245431,272,0.611732315915365,208.321840365403,0.595294956946911
"tu","Sec_Danube_Upper","Upper Danube (section)","lioness","EUS_182",0.0201221188644852,0.893168103174297,272,0.548001076120987,222.265256471797,0.510926735610676
"tu","Sec_Danube_Upper","Upper Danube (section)","lioness","EUS_183",3.9985699521079,4.57931324174886,272,3.49992012765247,962.720198868917,3.01997917863066
"tu","Sec_Danube_Upper","Upper Danube (section)","lioness","EUS_301",0.098047133874138,0.785332691517397,272,0.618669568667251,252.82975978848,0.566571273632334
"tu","Sec_Danube_Upper","Upper Danube (section)","lioness","EUS_302",0.154226544497443,0.507862151689793,272,0.79401839839517,217.713867170997,0.807180136159167
"tu","Sec_Danube_Upper","Upper Danube (section)","lioness","EUS_303",0.136625749907365,0.537200705062713,272,0.803782544092877,221.916782162834,0.81146552770395
"tu","Sec_Danube_Upper","Upper Danube (section)","lioness","EUS_304",0.115395753221458,0.897527651766503,272,0.714679406241526,225.069547391984,0.720288551652222
"tu","Sec_Danube_Upper","Upper Danube (section)","lioness","EUS_305",0.164958722390525,0.901398086648177,272,0.75243850264106,223.350344928231,0.747672650899822
"tu","Sec_Danube_Upper","Upper Danube (section)","lioness","EUS_306",0.166954369710317,0.654860920819396,272,0.765762495351585,214.491554088381,0.772201593952045
"tu","Sec_Danube_Upper","Upper Danube (section)","lioness","EUS_307",0.161004638095068,0.567048362005061,272,0.788444861774802,222.113191276252,0.820223240302284
"tu","Sec_Danube_Upper","Upper Danube (section)","lioness","EUS_308",0.176672563622646,0.520765592965513,272,0.793087363662761,221.791606776774,0.802022166691142
"tu","Sec_Danube_Upper","Upper Danube (section)","lioness","EUS_309",0.148380555801263,0.591743753468504,272,0.743969464490296,222.214146094392,0.752132011772626
"tu","Sec_Danube_Upper","Upper Danube (section)","lioness","EUS_334",0.0355446156606705,0.966555726729313,272,0.697526610618188,209.226604600369,0.728984270480416
"tu","Sec_Danube_Upper","Upper Danube (section)","lioness","EUS_376",0.0826379232087026,1.07541135514352,272,0.854010413043086,238.453715609614,0.870590595093759
"tu","Sec_Danube_Upper","Upper Danube (section)","lioness","EUS_377",0.0520212047153164,1.17635479829811,272,0.886481223774275,242.218940517493,0.918783367116734
"tu","Sec_Danube_Upper","Upper Danube (section)","lioness","EUS_378",0.277053162297761,0.648348403563906,272,0.833554071997384,234.05078251886,0.846440727502089
"tu","Sec_Danube_Upper","Upper Danube (section)","lioness","EUS_379",-0.0152239274754647,1.42995940461848,272,0.68825121663588,225.910230124043,0.658324408368454
"tu","Sec_Danube_Upper","Upper Danube (section)","lioness","EUS_380",0.0690291159203228,1.25603629326491,272,0.821486500072187,233.608724598204,0.834105390435881
"tu","Sec_Danube_Upper","Upper Danube (section)","bonobo","EUS_001",0.216378841236347,0.28183203015201,272,0.781366909411924,212.531799360043,0.792801326974208
"tu","Sec_Danube_Upper","Upper Danube (section)","bonobo","EUS_002",0.235778349015661,0.262933788604276,272,0.776452286218307,211.19502185138,0.782426294136786
"tu","Sec_Danube_Upper","Upper Danube (section)","bonobo","EUS_003",0.284382599380954,0.365598593721482,272,0.85370029106115,232.206479168633,0.846680475874433
"tu","Sec_Danube_Upper","Upper Danube (section)","bonobo","EUS_004",0.223458392381556,0.277792977278926,272,0.776989220350981,211.341067935467,0.785614534393614
"tu","Sec_Danube_Upper","Upper Danube (section)","bonobo","EUS_005",0.223923303319755,0.273209935602419,272,0.76803173626557,208.904632264235,0.780028488830713
"tu","Sec_Danube_Upper","Upper Danube (section)","bonobo","EUS_006",0.246945123226464,0.256431947088462,272,0.769952093303888,209.426969378658,0.786772536873457
"tu","Sec_Danube_Upper","Upper Danube (section)","bonobo","EUS_007",0.266087851009192,0.257290552479618,272,0.796824446286817,216.736249390014,0.805603665021393
"tu","Sec_Danube_Upper","Upper Danube (section)","bonobo","EUS_008",0.26832929411502,0.256056746296371,272,0.793462642726747,215.821838821675,0.802634831964013
"tu","Sec_Danube_Upper","Upper Danube (section)","bonobo","EUS_009",0.251685333378772,0.263686816075148,272,0.789421605933495,214.722676813911,0.802071875868767
"tu","Sec_Danube_Upper","Upper Danube (section)","bonobo","EUS_010",0.281425839653236,0.253470449367669,272,0.804559351159852,218.84014351548,0.815258316332258
"tu","Sec_Danube_Upper","Upper Danube (section)","bonobo","EUS_011",0.276730280226466,0.256868047135063,272,0.805588087727936,219.119959861999,0.815814639006233
"tu","Sec_Danube_Upper","Upper Danube (section)","bonobo","EUS_012",0.266122101587993,0.259172356059115,272,0.791175200288281,215.199654478412,0.799363622990978
"tu","Sec_Danube_Upper","Upper Danube (section)","bonobo","EUS_013",0.277594188902327,0.254659489493126,272,0.804423486251111,218.803188260302,0.813760108146127
"tu","Sec_Danube_Upper","Upper Danube (section)","bonobo","EUS_051",0.252987638721271,0.272371828060584,272,0.793554939742929,215.846943610077,0.804267894713415
"tu","Sec_Danube_Upper","Upper Danube (section)","bonobo","EUS_096",0.229034877301294,0.265907269684102,272,0.762827774215514,207.48915458662,0.769679687696269
"tu","Sec_Danube_Upper","Upper Danube (section)","bonobo","EUS_097",0.230154765478644,0.269911592548317,272,0.778321550542026,211.703461747431,0.786413670769466
"tu","Sec_Danube_Upper","Upper Danube (section)","bonobo","EUS_105",0.219378759519062,0.274041832743903,272,0.757768047563853,206.112908937368,0.764981549448287
"tu","Sec_Danube_Upper","Upper Danube (section)","bonobo","EUS_164",0.233315752296163,0.279349018145113,272,0.768645194292343,209.071492847517,0.779609094058616
"tu","Sec_Danube_Upper","Upper Danube (section)","bonobo","EUS_165",0.256847537953171,0.259621660974216,272,0.782355947674089,212.800817767352,0.790589241401543
"tu","Sec_Danube_Upper","Upper Danube (section)","bonobo","EUS_166",0.25663941818693,0.2563485734444,272,0.788085562712255,214.359273057733,0.794194960464286
"tu","Sec_Danube_Upper","Upper Danube (section)","bonobo","EUS_168",0.238994996741142,0.257034498593208,272,0.783295874447628,213.056477849755,0.790360307077026
"tu","Sec_Danube_Upper","Upper Danube (section)","bonobo","EUS_171",0.261538492049141,0.253674931563471,272,0.790650010890759,215.056802962287,0.796005119239497
"tu","Sec_Danube_Upper","Upper Danube (section)","bonobo","EUS_172",0.252427870647898,0.257651771781123,272,0.783716138919766,213.170789786176,0.79111990303603
"tu","Sec_Danube_Upper","Upper Danube (section)","bonobo","EUS_176",0.21561958448027,0.283801306201374,272,0.762054151403135,207.278729181653,0.809875144004966
"tu","Sec_Danube_Upper","Upper Danube (section)","bonobo","EUS_177",0.256772958762782,0.324731129871703,272,0.829623211310798,225.657513476537,0.83779175866282
"tu","Sec_Danube_Upper","Upper Danube (section)","bonobo","EUS_179",0.228903707550492,0.2625059792346,272,0.771649599950451,209.888691186523,0.777899317594732
"tu","Sec_Danube_Upper","Upper Danube (section)","bonobo","EUS_182",0.223216281717773,0.269669566257762,272,0.765269946996131,208.153425582948,0.768782705935385
"tu","Sec_Danube_Upper","Upper Danube (section)","bonobo","EUS_183",0.458987523141632,0.364716693555538,272,0.908314515380005,247.061548183361,0.905101902259962
"tu","Sec_Danube_Upper","Upper Danube (section)","bonobo","EUS_301",0.235775090552079,0.261735218003536,272,0.783916757887102,213.225358145292,0.788606460931641
"tu","Sec_Danube_Upper","Upper Danube (section)","bonobo","EUS_302",0.237903645592969,0.266786380636337,272,0.79553909195645,216.386633012154,0.804551855126697
"tu","Sec_Danube_Upper","Upper Danube (section)","bonobo","EUS_303",0.234677076284462,0.269395053236557,272,0.797002470146289,216.784671879791,0.805228097650593
"tu","Sec_Danube_Upper","Upper Danube (section)","bonobo","EUS_304",0.231369377146439,0.27796914021832,272,0.784986235831045,213.516256146044,0.792457847700012
"tu","Sec_Danube_Upper","Upper Danube (section)","bonobo","EUS_305",0.249201889698939,0.267391627460045,272,0.789069397364537,214.626876083154,0.794893289925989
"tu","Sec_Danube_Upper","Upper Danube (section)","bonobo","EUS_306",0.240860518518918,0.270077544478818,272,0.791250826567236,215.220224826288,0.799414832232335
"tu","Sec_Danube_Upper","Upper Danube (section)","bonobo","EUS_307",0.239766722482901,0.272246522941838,272,0.794778778581961,216.179827774293,0.806513520531362
"tu","Sec_Danube_Upper","Upper Danube (section)","bonobo","EUS_308",0.241558849844854,0.269490726598126,272,0.795480503409185,216.370696927298,0.80392400622792
"tu","Sec_Danube_Upper","Upper Danube (section)","bonobo","EUS_309",0.237356697237558,0.272287717928125,272,0.788132727317923,214.372101830475,0.796554721624796
"tu","Sec_Danube_Upper","Upper Danube (section)","bonobo","EUS_334",0.22867590248011,0.266852392074654,272,0.782705567686014,212.895914410596,0.793567798867108
"tu","Sec_Danube_Upper","Upper Danube (section)","bonobo","EUS_376",0.235351253052782,0.301404881350993,272,0.804590027674814,218.84848752755,0.813933565950646
"tu","Sec_Danube_Upper","Upper Danube (section)","bonobo","EUS_377",0.232874371675914,0.299621212164959,272,0.806468474127123,219.359424962577,0.816867739238488
"tu","Sec_Danube_Upper","Upper Danube (section)","bonobo","EUS_378",0.260026908678485,0.269350034757482,272,0.801982790729648,218.139319078464,0.810748552795139
"tu","Sec_Danube_Upper","Upper Danube (section)","bonobo","EUS_379",0.225486934294907,0.277661731699389,272,0.782808679550081,212.923960837622,0.786371427842833
"tu","Sec_Danube_Upper","Upper Danube (section)","bonobo","EUS_380",0.231383467207065,0.301526576214872,272,0.79939354878317,217.435045269022,0.808173016248865
"tu","Sec_Danube_Middle","Middle Danube (section)","lioness","EUS_082",0.0629064375581215,1.50063579812703,221,0.595349562456661,225.286937012502,0.561506505774816
"tu","Sec_Danube_Middle","Middle Danube (section)","lioness","EUS_103",0.286282414870878,1.03255869796411,221,0.912282470569193,217.630401660734,0.939922106434759
"tu","Sec_Danube_Middle","Middle Danube (section)","lioness","EUS_104",0.182927499057685,0.910702391553867,221,0.621499033597448,183.799932281883,0.628985367254966
"tu","Sec_Danube_Middle","Middle Danube (section)","lioness","EUS_106",-0.00716990088621054,0.88960487159756,221,0.72446891045187,203.742116510361,0.734963368271635
"tu","Sec_Danube_Middle","Middle Danube (section)","lioness","EUS_107",0.215819327454356,1.0247310863317,221,0.822183376887672,212.922292819283,0.824502380219988
"tu","Sec_Danube_Middle","Middle Danube (section)","lioness","EUS_108",0.0128548713959625,1.94612129653005,221,0.763385250465565,335.201391776553,0.901316971058784
"tu","Sec_Danube_Middle","Middle Danube (section)","lioness","EUS_109",0.0710103730100715,1.02676502023155,221,0.735928894002864,231.594902696347,0.718326806887008
"tu","Sec_Danube_Middle","Middle Danube (section)","lioness","EUS_110",0.35017210815601,1.77185739369653,221,1.17974871869248,343.645659589501,1.22304359113854
"tu","Sec_Danube_Middle","Middle Danube (section)","lioness","EUS_167",0.215913025271133,0.572374010727056,221,0.757899659573824,174.295740639737,0.758415697122007
"tu","Sec_Danube_Middle","Middle Danube (section)","lioness","EUS_169",0.265800390152661,0.832755030722765,221,0.801508889183426,184.604211722138,0.803574256656335
"tu","Sec_Danube_Middle","Middle Danube (section)","lioness","EUS_170",0.0738497023206687,1.00979428573771,221,0.539919168284372,175.064126417287,0.557753751412741
"tu","Sec_Danube_Middle","Middle Danube (section)","lioness","EUS_178",0.0662625427214659,0.761280634633114,221,0.69158581920635,176.201224375217,0.696055269206326
"tu","Sec_Danube_Middle","Middle Danube (section)","lioness","EUS_180",0.112884594417579,1.07232115892207,221,0.702791340315027,179.730244725592,0.701700658003101
"tu","Sec_Danube_Middle","Middle Danube (section)","lioness","EUS_181",2.10081705049215,3.52410171988552,221,1.90041993456522,488.27588096905,1.84755819636819
"tu","Sec_Danube_Middle","Middle Danube (section)","lioness","EUS_310",0.184868906286188,0.524436511587802,221,0.768807208552645,177.685863057909,0.769795641874527
"tu","Sec_Danube_Middle","Middle Danube (section)","lioness","EUS_311",0.0818351870928817,0.960632161180705,221,0.827147483279048,191.404100972412,0.853811493846444
"tu","Sec_Danube_Middle","Middle Danube (section)","lioness","EUS_312",0.170860534030765,1.11420529413853,221,0.804914285553583,190.737381025377,0.82227488883276
"tu","Sec_Danube_Middle","Middle Danube (section)","lioness","EUS_313",0.201346402345762,1.20660645946812,221,0.849118612931134,197.980547241342,0.877608459613105
"tu","Sec_Danube_Middle","Middle Danube (section)","lioness","EUS_314",0.119755594983958,0.649965672759792,221,0.76459279151892,181.369228053037,0.766145957658493
"tu","Sec_Danube_Middle","Middle Danube (section)","lioness","EUS_315",0.162915321028811,0.645693463713565,221,0.773922594635737,178.255241686032,0.776513203319244
"tu","Sec_Danube_Middle","Middle Danube (section)","lioness","EUS_316",0.135609713764846,0.61919802369039,221,0.751317961216201,173.791540969822,0.751091605823918
"tu","Sec_Danube_Middle","Middle Danube (section)","lioness","EUS_317",0.1070899552837,0.65227881301663,221,0.758531987970051,179.847486996433,0.75820951450739
"tu","Sec_Danube_Middle","Middle Danube (section)","lioness","EUS_318",0.118419754316964,0.57915464870546,221,0.743954700657715,175.944959646162,0.741971174524264
"tu","Sec_Danube_Middle","Middle Danube (section)","lioness","EUS_319",0.130143739108675,0.423984006267949,221,0.779716034904697,174.043343031343,0.786345242890797
"tu","Sec_Danube_Middle","Middle Danube (section)","lioness","EUS_320",0.121416093092265,0.514476221104285,221,0.731812700733138,172.936947366925,0.733255543380273
"tu","Sec_Danube_Middle","Middle Danube (section)","lioness","EUS_321",0.108446508919719,0.816815620385216,221,0.716330796860406,173.734211483176,0.723078503613611
"tu","Sec_Danube_Middle","Middle Danube (section)","lioness","EUS_322",0.117969425373871,0.493309686771265,221,0.784210760625775,177.511764581566,0.788374523532232
"tu","Sec_Danube_Middle","Middle Danube (section)","lioness","EUS_323",0.1531775502406,0.490314374526204,221,0.768975853699249,179.941132719294,0.76901269266392
"tu","Sec_Danube_Middle","Middle Danube (section)","lioness","EUS_324",0.137248939285249,0.440575972766174,221,0.768888720804593,177.198693593039,0.766648816382971
"tu","Sec_Danube_Middle","Middle Danube (section)","lioness","EUS_325",0.137683861707075,0.411675869568369,221,0.780108932078048,173.943999439179,0.785595123313379
"tu","Sec_Danube_Middle","Middle Danube (section)","lioness","EUS_326",0.146090448482964,0.458410298353503,221,0.786228172156938,176.317122786911,0.790107287330497
"tu","Sec_Danube_Middle","Middle Danube (section)","lioness","EUS_327",0.166087943463243,0.398415447816196,221,0.792391040625024,176.941384125791,0.793844091867642
"tu","Sec_Danube_Middle","Middle Danube (section)","lioness","EUS_328",0.145240287421966,0.436432196375504,221,0.78014985676903,174.920788909352,0.784180563858016
"tu","Sec_Danube_Middle","Middle Danube (section)","lioness","EUS_329",0.155628828233966,0.418195687728416,221,0.7783117344657,175.199198731418,0.777393534587223
"tu","Sec_Danube_Middle","Middle Danube (section)","lioness","EUS_330",0.219758412356998,0.427191827286432,221,0.790986789545356,177.501489460273,0.79020165483366
"tu","Sec_Danube_Middle","Middle Danube (section)","lioness","EUS_331",0.202112756607605,0.402972655713642,221,0.7627305083074,175.692147312736,0.75832990853201
"tu","Sec_Danube_Middle","Middle Danube (section)","lioness","EUS_335",0.0608426499605646,0.922225782479718,221,0.57294448693262,193.540699693167,0.552000625568989
"tu","Sec_Danube_Middle","Middle Danube (section)","lioness","EUS_352",-0.0933364314527717,1.55195494006816,221,0.758373691534734,222.352087725492,0.755966249486496
"tu","Sec_Danube_Middle","Middle Danube (section)","lioness","EUS_353",0.0176361716480725,1.26361841799253,221,0.817091362616907,225.092239891964,0.815946425685432
"tu","Sec_Danube_Middle","Middle Danube (section)","lioness","EUS_354",0.164921576640499,0.983248108375337,221,0.83296172287141,202.308087084266,0.840631332107708
"tu","Sec_Danube_Middle","Middle Danube (section)","lioness","EUS_355",0.352820734236046,3.89671461167296,221,1.75131328304321,500.718340414479,1.66706212259505
"tu","Sec_Danube_Middle","Middle Danube (section)","lioness","EUS_371",0.10288260650771,0.776133388910302,221,0.617684982533264,179.972897926259,0.600060829922466
"tu","Sec_Danube_Middle","Middle Danube (section)","bonobo","EUS_082",0.164075668862293,0.286858837895917,221,0.7718439722876,172.290412085156,0.770620363982843
"tu","Sec_Danube_Middle","Middle Danube (section)","bonobo","EUS_103",0.199044705815542,0.274563030160664,221,0.808614313859163,180.53906109603,0.814595769132777
"tu","Sec_Danube_Middle","Middle Danube (section)","bonobo","EUS_104",0.185838397800054,0.270882107689392,221,0.773452527805723,172.774229978096,0.777036726393737
"tu","Sec_Danube_Middle","Middle Danube (section)","bonobo","EUS_106",0.159276898635154,0.28004310858468,221,0.787703236962335,175.923403974981,0.79161596657827
"tu","Sec_Danube_Middle","Middle Danube (section)","bonobo","EUS_107",0.190984808884775,0.273714550800715,221,0.79830114433213,178.262001334633,0.800908048467432
"tu","Sec_Danube_Middle","Middle Danube (section)","bonobo","EUS_108",0.160926997064696,0.31181295837787,221,0.789542089147678,176.328374838732,0.800543027516375
"tu","Sec_Danube_Middle","Middle Danube (section)","bonobo","EUS_109",0.165772429648859,0.291446838033588,221,0.790493524926129,176.538911078862,0.791629148944722
"tu","Sec_Danube_Middle","Middle Danube (section)","bonobo","EUS_110",0.189954275254764,0.324206871797901,221,0.81804464256782,182.628626483596,0.824461793550984
"tu","Sec_Danube_Middle","Middle Danube (section)","bonobo","EUS_167",0.188224863224797,0.264521741273932,221,0.790785764179373,176.374357378646,0.793339650078716
"tu","Sec_Danube_Middle","Middle Danube (section)","bonobo","EUS_169",0.194657967833324,0.268379671324143,221,0.797096418882796,177.902030663973,0.799867695273993
"tu","Sec_Danube_Middle","Middle Danube (section)","bonobo","EUS_170",0.167009592334277,0.276745637496264,221,0.76427854728575,170.522942019549,0.769090598327079
"tu","Sec_Danube_Middle","Middle Danube (section)","bonobo","EUS_178",0.170970280884306,0.267809356127613,221,0.781188238747795,174.376537720959,0.784277066702725
"tu","Sec_Danube_Middle","Middle Danube (section)","bonobo","EUS_180",0.178501146640358,0.279897975149755,221,0.786666031871525,175.601164186184,0.789403626071283
"tu","Sec_Danube_Middle","Middle Danube (section)","bonobo","EUS_181",0.301111473552667,0.347331790835301,221,0.848466592810503,189.244859427344,0.850376353235439
"tu","Sec_Danube_Middle","Middle Danube (section)","bonobo","EUS_310",0.18224194230977,0.271871524463866,221,0.792163496392166,176.7806987648,0.794730602180293
"tu","Sec_Danube_Middle","Middle Danube (section)","bonobo","EUS_311",0.167613571561242,0.284117193418925,221,0.798106308852665,178.128765598998,0.804040437623654
"tu","Sec_Danube_Middle","Middle Danube (section)","bonobo","EUS_312",0.176757403330431,0.286787750602206,221,0.796526046379023,177.780562713641,0.801468985966258
"tu","Sec_Danube_Middle","Middle Danube (section)","bonobo","EUS_313",0.178421275655669,0.29249387662387,221,0.799973875321919,178.542508932581,0.806195487081639
"tu","Sec_Danube_Middle","Middle Danube (section)","bonobo","EUS_314",0.175475750188062,0.273912371229677,221,0.791999036656337,176.755849968929,0.79473028680733
"tu","Sec_Danube_Middle","Middle Danube (section)","bonobo","EUS_315",0.180960379973587,0.27638658180265,221,0.792645643673699,176.891665565425,0.795437884711526
"tu","Sec_Danube_Middle","Middle Danube (section)","bonobo","EUS_316",0.176103969405327,0.276176553140378,221,0.789386412455385,176.200884497981,0.791797869446229
"tu","Sec_Danube_Middle","Middle Danube (section)","bonobo","EUS_317",0.169820636829167,0.278381963003855,221,0.790532184295554,176.451785108468,0.792943248226186
"tu","Sec_Danube_Middle","Middle Danube (section)","bonobo","EUS_318",0.173030170376049,0.276356098483084,221,0.788926777599833,176.092256819679,0.791124904965533
"tu","Sec_Danube_Middle","Middle Danube (section)","bonobo","EUS_319",0.173295283999064,0.269722963300918,221,0.793297481224339,177.035675221626,0.796737414655481
"tu","Sec_Danube_Middle","Middle Danube (section)","bonobo","EUS_320",0.172907411386448,0.269199541070152,221,0.789106927443476,176.130541527499,0.792041908142322
"tu","Sec_Danube_Middle","Middle Danube (section)","bonobo","EUS_321",0.169384352793034,0.277980448648956,221,0.785673732636335,175.37007498201,0.789181121454146
"tu","Sec_Danube_Middle","Middle Danube (section)","bonobo","EUS_322",0.172347054374851,0.273613448095924,221,0.794381867332265,177.264767651378,0.797468853924215
"tu","Sec_Danube_Middle","Middle Danube (section)","bonobo","EUS_323",0.177528070436266,0.271676166083973,221,0.792677335686451,176.832829593715,0.795181043917548
"tu","Sec_Danube_Middle","Middle Danube (section)","bonobo","EUS_324",0.174745754893643,0.273002087967982,221,0.792446779855203,176.864582014995,0.794592498947028
"tu","Sec_Danube_Middle","Middle Danube (section)","bonobo","EUS_325",0.174551254965207,0.271224251705743,221,0.793337548632657,177.03528649893,0.796606617221859
"tu","Sec_Danube_Middle","Middle Danube (section)","bonobo","EUS_326",0.176458748856994,0.273679664123474,221,0.794360161782512,177.301267041193,0.797337304027177
"tu","Sec_Danube_Middle","Middle Danube (section)","bonobo","EUS_327",0.178632673504872,0.272722154770235,221,0.795146814178963,177.475492337128,0.797770902183036
"tu","Sec_Danube_Middle","Middle Danube (section)","bonobo","EUS_328",0.176126139503533,0.27140811930097,221,0.793488693141512,177.103563800283,0.796487508432826
"tu","Sec_Danube_Middle","Middle Danube (section)","bonobo","EUS_329",0.17749823209091,0.270606190692759,221,0.793090746532248,177.016840441728,0.795364028547711
"tu","Sec_Danube_Middle","Middle Danube (section)","bonobo","EUS_330",0.186661113571591,0.268613361315278,221,0.795171790276924,177.476774654028,0.797466980945327
"tu","Sec_Danube_Middle","Middle Danube (section)","bonobo","EUS_331",0.184094401174496,0.268392585869825,221,0.791450393221272,176.484211959233,0.793275573451495
"tu","Sec_Danube_Middle","Middle Danube (section)","bonobo","EUS_335",0.169791423029427,0.272393161608845,221,0.774158087414036,172.832697892696,0.774514779598254
"tu","Sec_Danube_Middle","Middle Danube (section)","bonobo","EUS_352",0.157385258329454,0.31174364268824,221,0.79391373441794,177.202142742223,0.795292582889779
"tu","Sec_Danube_Middle","Middle Danube (section)","bonobo","EUS_353",0.169094959872837,0.304389508309034,221,0.792991500083165,176.986750670213,0.794881270096597
"tu","Sec_Danube_Middle","Middle Danube (section)","bonobo","EUS_354",0.185087420847305,0.290455796463428,221,0.800803525728628,178.704432949644,0.80348780904698
"tu","Sec_Danube_Middle","Middle Danube (section)","bonobo","EUS_355",0.175381011548897,0.356552406534864,221,0.813270089516875,181.221244381176,0.809983867770494
"tu","Sec_Danube_Middle","Middle Danube (section)","bonobo","EUS_371",0.172972217709083,0.270345144910462,221,0.777433637671399,173.543570807328,0.777498359312108
"tu","Sec_Danube_Lower","Lower Danube (section)","lioness","EUS_158",0.0378826475587248,1.11353451659715,254,0.653225557688294,206.336410895404,0.681298070375223
"tu","Sec_Danube_Lower","Lower Danube (section)","lioness","EUS_159",0.0630642063273455,0.930631904661892,254,0.679109232928763,202.209896861042,0.78317343446675
"tu","Sec_Danube_Lower","Lower Danube (section)","lioness","EUS_160",0.0809430722858672,1.14556104975796,254,0.677571390354126,220.845076827149,0.690479324100334
"tu","Sec_Danube_Lower","Lower Danube (section)","lioness","EUS_161",0.0341619765749127,1.355976452463,254,0.671932854352588,225.39121022633,0.709033285934799
"tu","Sec_Danube_Lower","Lower Danube (section)","lioness","EUS_162",0.276916687483341,0.78190526992858,254,0.668542774224287,200.127876739148,0.65666410504026
"tu","Sec_Danube_Lower","Lower Danube (section)","lioness","EUS_163",0.225626757113506,0.613268369823153,254,0.754034309054362,209.589619323863,0.755349753153446
"tu","Sec_Danube_Lower","Lower Danube (section)","lioness","EUS_173",2.10678286550717,3.55976731672944,254,1.36809203050791,388.105829764461,1.41356466029496
"tu","Sec_Danube_Lower","Lower Danube (section)","lioness","EUS_174",0.0407201643804103,1.68488401111164,254,0.500820751981271,261.242960203424,0.476895046237849
"tu","Sec_Danube_Lower","Lower Danube (section)","lioness","EUS_175",0.11783282900159,0.660889368044029,254,0.653373944068193,190.371542825433,0.668985590984058
"tu","Sec_Danube_Lower","Lower Danube (section)","lioness","EUS_332",0.150936841733912,0.560640746755769,254,0.790602359169849,212.977175681188,0.798259945509175
"tu","Sec_Danube_Lower","Lower Danube (section)","lioness","EUS_333",0.0788147738191469,0.835895954596435,254,0.758280654805754,205.134843901255,0.769582914094693
"tu","Sec_Danube_Lower","Lower Danube (section)","lioness","EUS_336",0.185453753831921,0.575867482308964,254,0.806927683573156,217.198838041687,0.797413715816473
"tu","Sec_Danube_Lower","Lower Danube (section)","lioness","EUS_337",0.143958561021374,0.588639110599961,254,0.827166891939163,220.597291326962,0.82611657886664
"tu","Sec_Danube_Lower","Lower Danube (section)","lioness","EUS_338",0.172173726879618,0.499820954851875,254,0.706050879192261,201.818354837724,0.765532405188871
"tu","Sec_Danube_Lower","Lower Danube (section)","lioness","EUS_339",0.138683381420144,0.597138456906983,254,0.703576191740802,200.473556309682,0.757775775982912
"tu","Sec_Danube_Lower","Lower Danube (section)","lioness","EUS_340",0.192332607946021,0.469231806115249,254,0.807618174457368,217.499209742524,0.797247570074962
"tu","Sec_Danube_Lower","Lower Danube (section)","lioness","EUS_341",0.20505494991793,0.530830461156196,254,0.810556029865686,220.510506889972,0.809940693305782
"tu","Sec_Danube_Lower","Lower Danube (section)","lioness","EUS_342",0.236071628824064,0.525683137582797,254,0.694933328242559,191.407389132825,0.728781134115561
"tu","Sec_Danube_Lower","Lower Danube (section)","lioness","EUS_343",0.199480788283703,0.48941260767167,254,0.826644456097141,225.93107745251,0.815096814260852
"tu","Sec_Danube_Lower","Lower Danube (section)","lioness","EUS_344",0.0928765688135365,0.625494064997734,254,0.614963819643634,188.593699324646,0.622679695387165
"tu","Sec_Danube_Lower","Lower Danube (section)","lioness","EUS_345",0.199315371742157,0.523492809249331,254,0.754246291436033,212.375878013571,0.738021917338423
"tu","Sec_Danube_Lower","Lower Danube (section)","lioness","EUS_346",0.131519285762879,1.16469025075597,254,0.66626080803046,195.712201599368,0.663457797444013
"tu","Sec_Danube_Lower","Lower Danube (section)","lioness","EUS_347",0.138678787132356,0.669825974301509,254,0.852040751747248,227.177401105464,0.840544692773378
"tu","Sec_Danube_Lower","Lower Danube (section)","lioness","EUS_348",0.154263322123743,0.595376863259798,254,0.858615368389615,228.775774066612,0.845487672140046
"tu","Sec_Danube_Lower","Lower Danube (section)","lioness","EUS_349",-0.00736017595943916,1.26746310155073,254,0.816105543155163,238.986464383768,0.781162874983477
"tu","Sec_Danube_Lower","Lower Danube (section)","lioness","EUS_350",0.122102018814863,0.764061725670093,254,0.854510963629822,227.347760432008,0.850479171466754
"tu","Sec_Danube_Lower","Lower Danube (section)","lioness","EUS_351",0.166126171628716,0.587604561359479,254,0.857996817645791,228.371279494511,0.841659755147466
"tu","Sec_Danube_Lower","Lower Danube (section)","lioness","EUS_356",0.0972009972041837,0.646223494854769,254,0.617660601567332,200.629694362186,0.676247949664506
"tu","Sec_Danube_Lower","Lower Danube (section)","lioness","EUS_357",0.257651980974422,0.462022738626132,254,0.734103917352448,202.858656520826,0.744478857959561
"tu","Sec_Danube_Lower","Lower Danube (section)","lioness","EUS_358",0.366387266822344,0.45884949141538,254,0.770301348175943,212.423425539887,0.743648256674211
"tu","Sec_Danube_Lower","Lower Danube (section)","lioness","EUS_359",0.134425027050308,0.662636245645812,254,0.713800469851635,197.554374967004,0.753268855159269
"tu","Sec_Danube_Lower","Lower Danube (section)","lioness","EUS_360",0.234492035951163,1.40716396790388,254,1.13181797576001,306.042481607384,1.07352661967272
"tu","Sec_Danube_Lower","Lower Danube (section)","lioness","EUS_361",0.061658791700847,0.747138624855916,254,0.906178870812913,254.542287853245,0.833631326423446
"tu","Sec_Danube_Lower","Lower Danube (section)","lioness","EUS_362",0.0703784090291521,0.776877044003583,254,0.93027901523786,260.436448913191,0.855147281079588
"tu","Sec_Danube_Lower","Lower Danube (section)","lioness","EUS_363",0.385324850085524,0.86188369902421,254,0.791339466381085,235.39313298743,0.872501053658859
"tu","Sec_Danube_Lower","Lower Danube (section)","lioness","EUS_364",0.419176365072973,2.02264579039415,254,1.42855668574127,380.493869054985,1.30724455833339
"tu","Sec_Danube_Lower","Lower Danube (section)","lioness","EUS_365",0.0964733534475903,0.889110056742096,254,0.998532038013902,273.400122974665,0.949353484659549
"tu","Sec_Danube_Lower","Lower Danube (section)","lioness","EUS_366",0.116977152088436,1.00949967756029,254,0.981782002828184,274.815234158926,0.915548311239469
"tu","Sec_Danube_Lower","Lower Danube (section)","lioness","EUS_367",0.304251257781782,2.62962306778941,254,1.17696061923085,340.763751481667,1.19113815352889
"tu","Sec_Danube_Lower","Lower Danube (section)","lioness","EUS_368",-0.0039717307862342,0.993875657309994,254,0.660668093326903,196.15491988858,0.664708463639729
"tu","Sec_Danube_Lower","Lower Danube (section)","lioness","EUS_369",0.262734133300514,0.87146869904985,254,0.703990928908777,225.523829195355,0.721994286595135
"tu","Sec_Danube_Lower","Lower Danube (section)","lioness","EUS_370",0.160281921573056,0.507756118425055,254,0.705543008547886,193.021542943433,0.733492017311748
"tu","Sec_Danube_Lower","Lower Danube (section)","bonobo","EUS_158",0.182060350107498,0.327150020497416,254,0.775846907887831,206.696221370639,0.777417572346597
"tu","Sec_Danube_Lower","Lower Danube (section)","bonobo","EUS_159",0.18524323533893,0.32277566317166,254,0.778674352676418,207.559984135411,0.789244372874133
"tu","Sec_Danube_Lower","Lower Danube (section)","bonobo","EUS_160",0.181895154870988,0.321847746950406,254,0.783353567734129,209.10079480365,0.784254568360658
"tu","Sec_Danube_Lower","Lower Danube (section)","bonobo","EUS_161",0.179959575951588,0.326953167467915,254,0.777312789022688,207.480946004683,0.779292337181972
"tu","Sec_Danube_Lower","Lower Danube (section)","bonobo","EUS_162",0.208321226428238,0.308771182806091,254,0.784352661688579,209.18119967585,0.783765300945878
"tu","Sec_Danube_Lower","Lower Danube (section)","bonobo","EUS_163",0.204522967571077,0.31519046622365,254,0.794069281476543,211.630943665853,0.794652153254311
"tu","Sec_Danube_Lower","Lower Danube (section)","bonobo","EUS_173",0.312971774011055,0.363877407153119,254,0.827003846739205,218.767032193776,0.823332920685969
"tu","Sec_Danube_Lower","Lower Danube (section)","bonobo","EUS_174",0.180446589181612,0.347649448629735,254,0.766779763780183,204.790848167334,0.77241281986412
"tu","Sec_Danube_Lower","Lower Danube (section)","bonobo","EUS_175",0.189160853729954,0.314161757070643,254,0.779885661604149,208.078475045408,0.782777709600781
"tu","Sec_Danube_Lower","Lower Danube (section)","bonobo","EUS_332",0.19232245690579,0.323631365676309,254,0.798808301901274,213.014580408976,0.800122490441618
"tu","Sec_Danube_Lower","Lower Danube (section)","bonobo","EUS_333",0.184477292571355,0.326793352292103,254,0.793829157991424,211.68578198127,0.795681910021051
"tu","Sec_Danube_Lower","Lower Danube (section)","bonobo","EUS_336",0.1975119996584,0.325584771591328,254,0.802077133896091,213.788642124515,0.801285837253432
"tu","Sec_Danube_Lower","Lower Danube (section)","bonobo","EUS_337",0.191460131336589,0.3325631318838,254,0.80405791066609,214.307629434955,0.803987942265033
"tu","Sec_Danube_Lower","Lower Danube (section)","bonobo","EUS_338",0.195244765668571,0.312680103574985,254,0.787623510894104,210.158015049724,0.796831142463679
"tu","Sec_Danube_Lower","Lower Danube (section)","bonobo","EUS_339",0.191657489758606,0.316692926918045,254,0.786765787081995,209.97082199378,0.795267943666866
"tu","Sec_Danube_Lower","Lower Danube (section)","bonobo","EUS_340",0.197570487272516,0.3281456282595,254,0.801357087229366,213.677314310011,0.800001449883844
"tu","Sec_Danube_Lower","Lower Danube (section)","bonobo","EUS_341",0.200122942418263,0.32780618868864,254,0.801955500617391,213.785521321477,0.80198519282322
"tu","Sec_Danube_Lower","Lower Danube (section)","bonobo","EUS_342",0.204291773697825,0.310858437909282,254,0.784839378894343,209.425317336441,0.790053961967445
"tu","Sec_Danube_Lower","Lower Danube (section)","bonobo","EUS_343",0.198777453414594,0.328437159426711,254,0.80446434318967,214.469668619118,0.802824711322221
"tu","Sec_Danube_Lower","Lower Danube (section)","bonobo","EUS_344",0.18489906720649,0.311848856661158,254,0.774794072338826,206.718933036169,0.776674010109746
"tu","Sec_Danube_Lower","Lower Danube (section)","bonobo","EUS_345",0.199147191832503,0.324361250281592,254,0.79454290977312,211.9376078449,0.792839345684304
"tu","Sec_Danube_Lower","Lower Danube (section)","bonobo","EUS_346",0.18606240553946,0.327218910500082,254,0.780686311734572,208.442475891497,0.780689359222188
"tu","Sec_Danube_Lower","Lower Danube (section)","bonobo","EUS_347",0.192301015052494,0.333448836000987,254,0.807572550544347,215.238079760112,0.806017275398058
"tu","Sec_Danube_Lower","Lower Danube (section)","bonobo","EUS_348",0.193657452229063,0.330813472845082,254,0.808526506889691,215.470203226724,0.806793169223114
"tu","Sec_Danube_Lower","Lower Danube (section)","bonobo","EUS_349",0.181102725548847,0.351230046835108,254,0.807144403581278,214.844666198214,0.804542310895316
"tu","Sec_Danube_Lower","Lower Danube (section)","bonobo","EUS_350",0.190677473982572,0.341219303672948,254,0.807511319533458,215.155932286376,0.806873997495977
"tu","Sec_Danube_Lower","Lower Danube (section)","bonobo","EUS_351",0.194814544533678,0.334296108488127,254,0.808100579639719,215.317134362125,0.805789940383792
"tu","Sec_Danube_Lower","Lower Danube (section)","bonobo","EUS_356",0.186038099362258,0.31272097357114,254,0.777602681128359,206.610156458666,0.785910724347241
"tu","Sec_Danube_Lower","Lower Danube (section)","bonobo","EUS_357",0.206878178117562,0.309578089989261,254,0.791098941630155,210.868252805136,0.792867875597648
"tu","Sec_Danube_Lower","Lower Danube (section)","bonobo","EUS_358",0.22186483873922,0.305455943869362,254,0.796372947358006,212.213082042422,0.792952592729235
"tu","Sec_Danube_Lower","Lower Danube (section)","bonobo","EUS_359",0.188019935962373,0.317511195507072,254,0.787677218721989,210.193426713523,0.793553075147521
"tu","Sec_Danube_Lower","Lower Danube (section)","bonobo","EUS_360",0.196023275971981,0.367535145053575,254,0.833571441260467,222.14336899798,0.828257321259816
"tu","Sec_Danube_Lower","Lower Danube (section)","bonobo","EUS_361",0.179564332994957,0.34052721528792,254,0.813014732656849,216.882422482761,0.804463410394752
"tu","Sec_Danube_Lower","Lower Danube (section)","bonobo","EUS_362",0.180371014671836,0.342925657450819,254,0.814769050515258,217.356261799852,0.806158076992719
"tu","Sec_Danube_Lower","Lower Danube (section)","bonobo","EUS_363",0.226131923260024,0.308092963845774,254,0.803791193530492,212.865824793419,0.807216942859761
"tu","Sec_Danube_Lower","Lower Danube (section)","bonobo","EUS_364",0.205941793553963,0.396684830224715,254,0.847797473239877,225.685717761402,0.840097508306035
"tu","Sec_Danube_Lower","Lower Danube (section)","bonobo","EUS_365",0.183723358045622,0.348491327814501,254,0.823292256387385,219.532447103682,0.818048991889711
"tu","Sec_Danube_Lower","Lower Danube (section)","bonobo","EUS_366",0.186132134272412,0.361743080721613,254,0.820202668116576,218.710787454185,0.813897804196424
"tu","Sec_Danube_Lower","Lower Danube (section)","bonobo","EUS_367",0.198976670503172,0.391618899046946,254,0.832582380221972,221.712064324984,0.831994692468944
"tu","Sec_Danube_Lower","Lower Danube (section)","bonobo","EUS_368",0.176729516110341,0.320159712270553,254,0.780108042496202,208.546012405783,0.780986579953119
"tu","Sec_Danube_Lower","Lower Danube (section)","bonobo","EUS_369",0.210472832718195,0.311226142818635,254,0.792290652738291,211.511512035801,0.794991539872979
"tu","Sec_Danube_Lower","Lower Danube (section)","bonobo","EUS_370",0.192737288710357,0.313682210140813,254,0.786119666517049,209.86420215555,0.790424226767903
