"kind","unit","label","method","site","mean_weight","sd_weight","n_edges_on_skeleton","mean_weight_on_skeleton","strength_skeleton","within_module_mean"
"conc","Danube_Upper","Upper Danube","lioness","EUS_051",0.319431134918244,0.728366091642558,278,0.928627721506,264.383317397233,0.922370642688866
"conc","Danube_Upper","Upper Danube","lioness","EUS_082",0.13118854747437,1.2741998461119,278,0.734940047064617,253.052943412041,0.735819044585385
"conc","Danube_Upper","Upper Danube","lioness","EUS_096",0.138294926746336,0.648947598622687,278,0.743693848359962,236.311358473766,0.752748180755745
"conc","Danube_Upper","Upper Danube","lioness","EUS_097",0.145272584981794,0.626881070987801,278,0.793994941457451,228.393631419072,0.810007788883424
"conc","Danube_Upper","Upper Danube","lioness","EUS_103",0.301801282151139,0.764280469448934,278,0.841193032700114,243.446461090098,0.853793154018712
"conc","Danube_Upper","Upper Danube","lioness","EUS_104",0.221837881585792,0.742721688113845,278,0.796988533683073,233.727748655451,0.83218845263951
"conc","Danube_Upper","Upper Danube","lioness","EUS_105",0.107428751410049,0.632064957594843,278,0.874163807915617,246.091896198992,0.892678952302364
"conc","Danube_Upper","Upper Danube","lioness","EUS_106",0.0820822897098399,0.670860202116987,278,0.862654458475684,251.115854562775,0.871563406543186
"conc","Danube_Upper","Upper Danube","lioness","EUS_107",0.236334307217556,0.801126488191526,278,0.800084490808252,250.568751271307,0.784091543828316
"conc","Danube_Upper","Upper Danube","lioness","EUS_108",-0.00758500639719853,1.66773843573483,278,0.654122906294404,291.317490771308,0.7776745481527
"conc","Danube_Upper","Upper Danube","lioness","EUS_109",0.126737561489288,0.824397735009552,278,0.786754543750607,259.466409867285,0.845270204560294
"conc","Danube_Upper","Upper Danube","lioness","EUS_110",0.287933621153721,1.45113016256624,278,0.723996130477054,321.524271168874,0.845037463386992
"conc","Danube_Upper","Upper Danube","lioness","EUS_170",0.108283587706014,0.767953214937216,278,0.583548846990742,252.20243524141,0.554994471573755
"conc","Danube_Upper","Upper Danube","lioness","EUS_171",0.382463171115114,0.60647785536242,278,0.806192790020904,246.541014176938,0.792321065164274
"conc","Danube_Upper","Upper Danube","lioness","EUS_172",0.307040169115026,0.548982832937796,278,0.761679806111664,233.421126275757,0.748983080969521
"conc","Danube_Upper","Upper Danube","lioness","EUS_181",1.57695432089248,2.43151472062595,278,1.71814969990142,507.782382401214,1.63445405558747
"conc","Danube_Upper","Upper Danube","lioness","EUS_182",-0.00163308370049477,0.942090449270087,278,0.465349869055088,269.517757329476,0.40649562047312
"conc","Danube_Upper","Upper Danube","lioness","EUS_183",2.27000064890501,3.91945415558793,278,2.63098655147741,744.13750520353,2.44506014936787
"conc","Danube_Upper","Upper Danube","lioness","EUS_301",0.202715049264783,0.755720941249543,278,0.839666413080967,235.61872325414,0.84691365588863
"conc","Danube_Upper","Upper Danube","lioness","EUS_302",0.246781140508748,0.416989545309114,278,0.844125411567294,234.666864415708,0.851544088005182
"conc","Danube_Upper","Upper Danube","lioness","EUS_303",0.217831174443562,0.428112396024153,278,0.851657663736218,237.587610755754,0.85758331373209
"conc","Danube_Upper","Upper Danube","lioness","EUS_304",0.151106982670147,0.6023101632847,278,0.854168927394334,237.458961815625,0.857949009494271
"conc","Danube_Upper","Upper Danube","lioness","EUS_305",0.325679524642966,0.598365510172299,278,0.839602294164408,239.337953756218,0.854985154855726
"conc","Danube_Upper","Upper Danube","lioness","EUS_306",0.250638697594099,0.521319126243703,278,0.838337452050248,234.721467605243,0.843977282786246
"conc","Danube_Upper","Upper Danube","lioness","EUS_307",0.253931165292775,0.471513435723428,278,0.848953324816498,236.009024298986,0.863166500546274
"conc","Danube_Upper","Upper Danube","lioness","EUS_308",0.265916259354147,0.457681187225287,278,0.864370832898146,240.295091545685,0.87051657065579
"conc","Danube_Upper","Upper Danube","lioness","EUS_309",0.215560046155511,0.576066596415941,278,0.830081439972972,233.998618394839,0.828375040954415
"conc","Danube_Upper","Upper Danube","lioness","EUS_310",0.243791259221265,0.458820535214485,278,0.852649948295203,237.036685626066,0.855357840000059
"conc","Danube_Upper","Upper Danube","lioness","EUS_311",0.0992939127801896,1.03637025911685,278,0.84782548565038,244.543123813567,0.850689355886001
"conc","Danube_Upper","Upper Danube","lioness","EUS_312",0.1336692048939,1.26081754533255,278,0.834735826000479,244.455535503974,0.843709463270347
"conc","Danube_Upper","Upper Danube","lioness","EUS_376",0.139282874798216,0.953878975606537,278,0.929600088936336,258.428824724302,0.926400254888913
"conc","Danube_Upper","Upper Danube","lioness","EUS_377",0.075111833472319,1.11724732109413,278,0.930316412595736,258.777459200076,0.924475827096698
"conc","Danube_Upper","Upper Danube","lioness","EUS_378",0.3527068799342,0.711876136978983,278,0.909415800489253,259.765121306332,0.898420355502068
"conc","Danube_Upper","Upper Danube","lioness","EUS_379",0.0239688232284029,1.36761152602192,278,0.671349782645134,246.339538819562,0.706150902436167
"conc","Danube_Upper","Upper Danube","lioness","EUS_380",0.070102435619775,1.13327564023765,278,0.845785892648285,242.014178613147,0.845758715263693
"conc","Danube_Upper","Upper Danube","bonobo","EUS_051",0.281923647748674,0.283146725016873,278,0.87038182736956,241.966148008738,0.874859643614957
"conc","Danube_Upper","Upper Danube","bonobo","EUS_082",0.251281108117345,0.287837427597274,278,0.848487851194441,235.879622632055,0.854345167356186
"conc","Danube_Upper","Upper Danube","bonobo","EUS_096",0.256361948556981,0.275295213811461,278,0.848779108378749,235.960592129292,0.85562093858652
"conc","Danube_Upper","Upper Danube","bonobo","EUS_097",0.256526080750247,0.2771883404474,278,0.8533777875041,237.23902492614,0.860623455340684
"conc","Danube_Upper","Upper Danube","bonobo","EUS_103",0.280403770681197,0.277752817961884,278,0.85945026889677,238.927174753302,0.865935867365947
"conc","Danube_Upper","Upper Danube","bonobo","EUS_104",0.269812972021059,0.278038135665543,278,0.854079850586281,237.434198462986,0.863415579558819
"conc","Danube_Upper","Upper Danube","bonobo","EUS_105",0.25127496533002,0.283250201743447,278,0.864255643260283,240.263068826359,0.871610080386223
"conc","Danube_Upper","Upper Danube","bonobo","EUS_106",0.248426673881465,0.286441913515048,278,0.862807041988955,239.860357672929,0.868927055991299
"conc","Danube_Upper","Upper Danube","bonobo","EUS_107",0.271975435799369,0.27809716542582,278,0.855671683570367,237.876728032562,0.858824052320008
"conc","Danube_Upper","Upper Danube","bonobo","EUS_108",0.240546577656457,0.317966926438165,278,0.844076570372925,234.653286563673,0.863891100213972
"conc","Danube_Upper","Upper Danube","bonobo","EUS_109",0.252288693077385,0.290975315115882,278,0.854570749928575,237.570668480144,0.866091362897587
"conc","Danube_Upper","Upper Danube","bonobo","EUS_110",0.266601733383893,0.313491201696896,278,0.849991476186117,236.297630379741,0.865854803563471
"conc","Danube_Upper","Upper Danube","bonobo","EUS_170",0.25287459698449,0.274894484700452,278,0.834963665956643,232.119899135947,0.837909453525061
"conc","Danube_Upper","Upper Danube","bonobo","EUS_171",0.289001708764439,0.267433147063727,278,0.856598510842431,238.134386014196,0.860240954101686
"conc","Danube_Upper","Upper Danube","bonobo","EUS_172",0.278891787846591,0.271809517382542,278,0.852065635905771,236.874246781804,0.85575753808813
"conc","Danube_Upper","Upper Danube","bonobo","EUS_181",0.366665586022779,0.336621301230006,278,0.913228478538387,253.877517033672,0.914713885064062
"conc","Danube_Upper","Upper Danube","bonobo","EUS_182",0.244352787799606,0.279394095475599,278,0.824189470676447,229.124672848052,0.824351587938109
"conc","Danube_Upper","Upper Danube","bonobo","EUS_183",0.381862530460293,0.371472362674837,278,0.925084328526288,257.173443330308,0.926057792832191
"conc","Danube_Upper","Upper Danube","bonobo","EUS_301",0.268613747436268,0.272701575190625,278,0.85955027444238,238.954976294982,0.865631455786707
"conc","Danube_Upper","Upper Danube","bonobo","EUS_302",0.269037166338368,0.277140303267806,278,0.860028946115878,239.088047020214,0.866103101912204
"conc","Danube_Upper","Upper Danube","bonobo","EUS_303",0.264684865644005,0.279662472512446,278,0.861230841179841,239.422173847996,0.867095493353793
"conc","Danube_Upper","Upper Danube","bonobo","EUS_304",0.256927073958783,0.282734730929144,278,0.861545313555358,239.509597168389,0.867048406887592
"conc","Danube_Upper","Upper Danube","bonobo","EUS_305",0.2815086534923,0.27824204888425,278,0.859909520246378,239.054846628493,0.867100183404963
"conc","Danube_Upper","Upper Danube","bonobo","EUS_306",0.270806932459115,0.28137201240517,278,0.859679260646548,238.99083445974,0.86544770007831
"conc","Danube_Upper","Upper Danube","bonobo","EUS_307",0.270229059618575,0.282598483168178,278,0.860745252350071,239.28718015332,0.867722930356932
"conc","Danube_Upper","Upper Danube","bonobo","EUS_308",0.272218170642483,0.280936520974033,278,0.862965729604632,239.904472830088,0.868832918362877
"conc","Danube_Upper","Upper Danube","bonobo","EUS_309",0.266560158012604,0.283073348780183,278,0.858326819936161,238.614855942253,0.863109198835348
"conc","Danube_Upper","Upper Danube","bonobo","EUS_310",0.268525628653671,0.282335511448026,278,0.861312056986111,239.444751842139,0.866678625773442
"conc","Danube_Upper","Upper Danube","bonobo","EUS_311",0.251774400427232,0.285884707425691,278,0.860898299703567,239.329727317592,0.866310160544583
"conc","Danube_Upper","Upper Danube","bonobo","EUS_312",0.256195080596695,0.288877128268429,278,0.858123263077983,238.558267135679,0.863932656433545
"conc","Danube_Upper","Upper Danube","bonobo","EUS_376",0.260309338347528,0.312249397276108,278,0.871106675474047,242.167655781785,0.875989920164371
"conc","Danube_Upper","Upper Danube","bonobo","EUS_377",0.255284749739686,0.315114348022742,278,0.871072973782438,242.158286711518,0.875727782957086
"conc","Danube_Upper","Upper Danube","bonobo","EUS_378",0.285858147703862,0.281386036717517,278,0.868654102659595,241.485840539367,0.872715848566579
"conc","Danube_Upper","Upper Danube","bonobo","EUS_379",0.250228559818221,0.287729753257803,278,0.842247229099508,234.144729689663,0.85298912885619
"conc","Danube_Upper","Upper Danube","bonobo","EUS_380",0.252377853961985,0.315101014862849,278,0.860653188057706,239.261586280042,0.866128411449711
"conc","Danube_Middle","Middle Danube","lioness","EUS_001",-0.184000175350416,1.91733565309864,235,0.713952943953303,264.341047094911,0.717706055464377
"conc","Danube_Middle","Middle Danube","lioness","EUS_002",0.0796999144516554,0.855451987179733,235,0.648011706186134,199.544575913647,0.617913800324152
"conc","Danube_Middle","Middle Danube","lioness","EUS_003",1.67380901373935,4.32463778338001,235,2.15181993189187,580.230135513853,1.86625716708701
"conc","Danube_Middle","Middle Danube","lioness","EUS_004",-0.00863131370633608,1.09347846245166,235,0.616704787638002,214.767176927847,0.614420556969214
"conc","Danube_Middle","Middle Danube","lioness","EUS_005",-0.0311440367827537,1.09076903481524,235,0.634532289428665,207.433569145807,0.669291172239536
"conc","Danube_Middle","Middle Danube","lioness","EUS_006",0.170997763453997,0.661581638948855,235,0.654789635084591,211.909744165852,0.649097556608126
"conc","Danube_Middle","Middle Danube","lioness","EUS_007",0.33126173055781,0.499285859259398,235,0.821496830410124,218.960282826969,0.795935731950136
"conc","Danube_Middle","Middle Danube","lioness","EUS_008",0.355716454035261,0.439183772548644,235,0.777601113365673,203.067170443495,0.765967911237777
"conc","Danube_Middle","Middle Danube","lioness","EUS_009",0.204130220711599,0.775654322228946,235,0.754176368086214,222.155461898055,0.719895841167285
"conc","Danube_Middle","Middle Danube","lioness","EUS_010",0.459174549630206,0.534480293870722,235,0.920187080829777,226.124140554441,0.927041466015316
"conc","Danube_Middle","Middle Danube","lioness","EUS_011",0.415775597216062,0.522878093333938,235,0.862041899520259,221.540571215177,0.855860078097644
"conc","Danube_Middle","Middle Danube","lioness","EUS_012",0.294583996926227,0.818792098218284,235,0.759436640292969,206.330138112936,0.746771549201364
"conc","Danube_Middle","Middle Danube","lioness","EUS_013",0.430307608343131,0.53508176454379,235,0.879530599747813,226.319776651106,0.87587852252815
"conc","Danube_Middle","Middle Danube","lioness","EUS_164",0.0578168234223527,2.18555853945224,235,0.527399703334606,239.170107219177,0.549572203304973
"conc","Danube_Middle","Middle Danube","lioness","EUS_165",0.221764609304475,0.775666449691755,235,0.750085448477688,214.925724496174,0.722309618643976
"conc","Danube_Middle","Middle Danube","lioness","EUS_166",0.244637222893589,0.554744028119892,235,0.715268800628573,195.37447634178,0.69419818260088
"conc","Danube_Middle","Middle Danube","lioness","EUS_167",0.136839207708983,0.544500729383005,235,0.571211506478224,176.21706099659,0.565068858721428
"conc","Danube_Middle","Middle Danube","lioness","EUS_168",0.112383417811953,0.539653695490138,235,0.594620277790844,179.286434351234,0.595623887094149
"conc","Danube_Middle","Middle Danube","lioness","EUS_169",0.177524304290399,0.663957193514389,235,0.587464972471813,199.445264770804,0.553874627697899
"conc","Danube_Middle","Middle Danube","lioness","EUS_176",-0.0453920089224376,1.95981007046373,235,0.420369712409779,286.975000675142,0.704832128295212
"conc","Danube_Middle","Middle Danube","lioness","EUS_177",0.701726287553096,2.68765742183139,235,1.40261014482713,415.110352720965,1.25646223067312
"conc","Danube_Middle","Middle Danube","lioness","EUS_178",0.0902225173626438,0.727834693629828,235,0.624950007624603,184.573197356552,0.606594231150859
"conc","Danube_Middle","Middle Danube","lioness","EUS_179",0.0344455775854274,0.841398078634486,235,0.60604027842495,183.256721922357,0.613296421934678
"conc","Danube_Middle","Middle Danube","lioness","EUS_180",0.0574509942520325,1.02812729014737,235,0.673442204475587,196.84361093602,0.657264750198406
"conc","Danube_Middle","Middle Danube","lioness","EUS_313",0.450268130536605,2.2807670847993,235,0.823954108739286,286.516474584148,0.895086823724409
"conc","Danube_Middle","Middle Danube","lioness","EUS_314",0.0520925968622676,0.768286039000863,235,0.672962720934217,193.45348502563,0.664908030210377
"conc","Danube_Middle","Middle Danube","lioness","EUS_315",0.100294208137877,0.658805916244104,235,0.574760098690169,184.511488158941,0.58365724436272
"conc","Danube_Middle","Middle Danube","lioness","EUS_316",0.0776812255992379,0.771283443678738,235,0.675872981395825,188.763804828892,0.684590195175578
"conc","Danube_Middle","Middle Danube","lioness","EUS_317",0.118441242202975,0.948490405218928,235,0.792815647112438,222.60235991259,0.803933493876561
"conc","Danube_Middle","Middle Danube","lioness","EUS_318",0.0824973516193737,0.693876733104975,235,0.716498895448822,208.05153257287,0.720245685926121
"conc","Danube_Middle","Middle Danube","lioness","EUS_319",0.078166116468325,0.563831644482242,235,0.745111069422617,200.175259649758,0.734076834267347
"conc","Danube_Middle","Middle Danube","lioness","EUS_320",0.0611309945286009,0.684548312053296,235,0.684107014446586,200.236241717667,0.656330041531796
"conc","Danube_Middle","Middle Danube","lioness","EUS_321",0.155102369294436,1.35967136522449,235,0.714044027232035,239.35434302572,0.777428776184399
"conc","Danube_Middle","Middle Danube","lioness","EUS_322",0.0805903842597627,0.651664772348887,235,0.780505677554791,212.033262888318,0.766722847411187
"conc","Danube_Middle","Middle Danube","lioness","EUS_323",0.0846824517587503,0.630623586759476,235,0.736182317514439,199.410554753653,0.713466043961096
"conc","Danube_Middle","Middle Danube","lioness","EUS_324",0.103359922661965,0.547985400266176,235,0.755473995965982,202.214849277946,0.740674967926917
"conc","Danube_Middle","Middle Danube","lioness","EUS_325",0.100072966965788,0.503543687069496,235,0.751466076612884,196.191027219354,0.752367138851964
"conc","Danube_Middle","Middle Danube","lioness","EUS_326",0.108323195336659,0.535278840664208,235,0.753323580409279,196.763769781932,0.749645173205093
"conc","Danube_Middle","Middle Danube","lioness","EUS_327",0.110964594079712,0.470762281638567,235,0.760425562655156,199.124148478301,0.749943625047329
"conc","Danube_Middle","Middle Danube","lioness","EUS_328",0.100552003881881,0.522531911836449,235,0.730931510036095,195.343021939972,0.725295956974174
"conc","Danube_Middle","Middle Danube","lioness","EUS_329",0.106561691910163,0.546906354817896,235,0.711033749917724,194.823866624818,0.704882786636448
"conc","Danube_Middle","Middle Danube","lioness","EUS_330",0.133772307735258,0.490782426938418,235,0.61276396101453,180.579120509686,0.602426953342974
"conc","Danube_Middle","Middle Danube","lioness","EUS_332",0.0151052094126229,0.957220362470518,235,0.609619636456545,218.957356929396,0.576118145153616
"conc","Danube_Middle","Middle Danube","lioness","EUS_334",0.0377771645017502,0.826193493158546,235,0.526572078489716,176.53346341992,0.515849216272271
"conc","Danube_Middle","Middle Danube","bonobo","EUS_001",0.146054689651381,0.322805408877332,235,0.732443045290642,187.257552179202,0.726401849978228
"conc","Danube_Middle","Middle Danube","bonobo","EUS_002",0.169618684420154,0.28753778580918,235,0.722127778858477,183.775252826459,0.713141233139071
"conc","Danube_Middle","Middle Danube","bonobo","EUS_003",0.244492587877658,0.402455283179514,235,0.783512547990526,198.482066647252,0.770829705084157
"conc","Danube_Middle","Middle Danube","bonobo","EUS_004",0.153035638796818,0.302332943649841,235,0.71470364681991,183.199067763205,0.711303952010207
"conc","Danube_Middle","Middle Danube","bonobo","EUS_005",0.152894909470903,0.302474936784532,235,0.716887829097259,183.642339969771,0.717269255162576
"conc","Danube_Middle","Middle Danube","bonobo","EUS_006",0.18215757419564,0.281500838151755,235,0.725075876229223,185.677394266315,0.718438746434878
"conc","Danube_Middle","Middle Danube","bonobo","EUS_007",0.20486458275913,0.282268775906894,235,0.746729393338952,190.716196109147,0.738085257695517
"conc","Danube_Middle","Middle Danube","bonobo","EUS_008",0.207915794096084,0.279027477724862,235,0.740436602720313,189.230183738989,0.733915503522939
"conc","Danube_Middle","Middle Danube","bonobo","EUS_009",0.188289812507342,0.287088560693438,235,0.739799724939741,189.074449158413,0.730413684281824
"conc","Danube_Middle","Middle Danube","bonobo","EUS_010",0.223714686575745,0.278960650576127,235,0.760058771870137,190.054119570903,0.755874135280036
"conc","Danube_Middle","Middle Danube","bonobo","EUS_011",0.217966168441348,0.278910794083693,235,0.754929977727129,191.340774757995,0.749589471191189
"conc","Danube_Middle","Middle Danube","bonobo","EUS_012",0.204995710075493,0.282280186569269,235,0.737925358352066,188.390007739401,0.731218407572207
"conc","Danube_Middle","Middle Danube","bonobo","EUS_013",0.219812442178117,0.27895147360776,235,0.754633352110378,191.544355583663,0.749082712560496
"conc","Danube_Middle","Middle Danube","bonobo","EUS_164",0.16724082981878,0.299894049624343,235,0.708876299577059,180.880507327808,0.706735264907364
"conc","Danube_Middle","Middle Danube","bonobo","EUS_165",0.192621948489163,0.286150989505075,235,0.739774541909101,188.358753048194,0.73166997564359
"conc","Danube_Middle","Middle Danube","bonobo","EUS_166",0.192724481115439,0.277749331566055,235,0.732362579920333,187.19209465474,0.724656710226342
"conc","Danube_Middle","Middle Danube","bonobo","EUS_167",0.174065874227926,0.272974766899853,235,0.707791701807973,180.974830690486,0.701760053319888
"conc","Danube_Middle","Middle Danube","bonobo","EUS_168",0.169894614088712,0.277548048581711,235,0.711962397698433,182.407661836611,0.707301477071036
"conc","Danube_Middle","Middle Danube","bonobo","EUS_169",0.182486576124408,0.280983424891597,235,0.716388165867336,183.425563884585,0.707446967623142
"conc","Danube_Middle","Middle Danube","bonobo","EUS_176",0.148801527100991,0.312444585389225,235,0.693321952633121,177.89259609364,0.711612301470017
"conc","Danube_Middle","Middle Danube","bonobo","EUS_177",0.208639025528045,0.351824286491402,235,0.764565281945734,192.195443372066,0.749426346752645
"conc","Danube_Middle","Middle Danube","bonobo","EUS_178",0.165088763715669,0.279066361271112,235,0.716125908215226,182.679315519006,0.708299849954843
"conc","Danube_Middle","Middle Danube","bonobo","EUS_179",0.161203333538065,0.285949993942859,235,0.714950504917762,183.088403957543,0.711788240729696
"conc","Danube_Middle","Middle Danube","bonobo","EUS_180",0.167518565930585,0.293166986069366,235,0.718902095621949,184.043713730176,0.710504925724362
"conc","Danube_Middle","Middle Danube","bonobo","EUS_313",0.187086322248884,0.337265627102544,235,0.747396016639549,189.757072960722,0.74638650312997
"conc","Danube_Middle","Middle Danube","bonobo","EUS_314",0.162331451833372,0.287988106697475,235,0.723712941484065,184.19686804016,0.717154035572726
"conc","Danube_Middle","Middle Danube","bonobo","EUS_315",0.168557274071972,0.286071427931544,235,0.708036406133112,181.621737171894,0.704478976231357
"conc","Danube_Middle","Middle Danube","bonobo","EUS_316",0.163686558336165,0.291861695095592,235,0.724450053905929,185.436582420046,0.72114544752718
"conc","Danube_Middle","Middle Danube","bonobo","EUS_317",0.166177006776687,0.309186422104289,235,0.742976502339821,189.816452585016,0.738984463154193
"conc","Danube_Middle","Middle Danube","bonobo","EUS_318",0.16342770652998,0.295283077018505,235,0.73289346409816,187.493649060656,0.728077433702346
"conc","Danube_Middle","Middle Danube","bonobo","EUS_319",0.162127414393893,0.290368000666812,235,0.735395874103617,188.072153024609,0.728743087455449
"conc","Danube_Middle","Middle Danube","bonobo","EUS_320",0.160753619539849,0.293535456429523,235,0.733158954170304,187.346123193107,0.725012231875255
"conc","Danube_Middle","Middle Danube","bonobo","EUS_321",0.168248601324861,0.320688400685441,235,0.734502473764458,187.895394108394,0.734969030047724
"conc","Danube_Middle","Middle Danube","bonobo","EUS_322",0.162503696785105,0.299606454170223,235,0.742476883853173,189.746831761944,0.735319120138129
"conc","Danube_Middle","Middle Danube","bonobo","EUS_323",0.164755465434382,0.2867239425722,235,0.734553610692226,187.856667171088,0.726231898029819
"conc","Danube_Middle","Middle Danube","bonobo","EUS_324",0.165483982347389,0.293482739861936,235,0.737734515481056,188.620846517285,0.730498815660123
"conc","Danube_Middle","Middle Danube","bonobo","EUS_325",0.165026705046724,0.29027836673105,235,0.736391399393458,188.330734100681,0.731610957611846
"conc","Danube_Middle","Middle Danube","bonobo","EUS_326",0.166588065419067,0.292374521535599,235,0.736735954056633,188.357523148778,0.731219226475851
"conc","Danube_Middle","Middle Danube","bonobo","EUS_327",0.166903705330905,0.290389363204552,235,0.737957591417944,188.670679357742,0.731317192616553
"conc","Danube_Middle","Middle Danube","bonobo","EUS_328",0.165646091974464,0.288047662705744,235,0.733351939995288,187.573467397549,0.727619483763864
"conc","Danube_Middle","Middle Danube","bonobo","EUS_329",0.16661568580869,0.291419478955113,235,0.730126379320853,186.812311124778,0.724276259989334
"conc","Danube_Middle","Middle Danube","bonobo","EUS_330",0.172249527572052,0.278446646421433,235,0.713756610625281,182.319112073333,0.707227223111866
"conc","Danube_Middle","Middle Danube","bonobo","EUS_332",0.158708005832505,0.293826135559065,235,0.72071121599344,183.956225680873,0.711857416603611
"conc","Danube_Middle","Middle Danube","bonobo","EUS_334",0.161647530565446,0.280073999033744,235,0.701772611051458,178.825405499268,0.695437378266984
"conc","Danube_Lower","Lower Danube","lioness","EUS_158",0.02592368284893,1.17264593108576,440,0.62760661574506,360.829138133956,0.676825502348174
"conc","Danube_Lower","Lower Danube","lioness","EUS_159",0.0502349599883927,0.959455000686864,440,0.647048293121457,345.416534009064,0.710396156676506
"conc","Danube_Lower","Lower Danube","lioness","EUS_160",0.081936487389114,1.21429228305846,440,0.615314500548106,408.666905658451,0.63177644870034
"conc","Danube_Lower","Lower Danube","lioness","EUS_161",0.0435941802494955,1.4170273076715,440,0.482905528301123,422.818411396105,0.653104640198363
"conc","Danube_Lower","Lower Danube","lioness","EUS_162",0.253506924525088,0.806293366854621,440,0.641644701702661,330.675060726721,0.647796080722107
"conc","Danube_Lower","Lower Danube","lioness","EUS_163",0.205531038708068,0.620567890992843,440,0.685616621039607,346.285838099205,0.683217429693791
"conc","Danube_Lower","Lower Danube","lioness","EUS_173",2.20017312227821,3.70793230126504,440,1.47937358678573,775.279902634105,1.46973081825037
"conc","Danube_Lower","Lower Danube","lioness","EUS_174",0.05203840747364,1.80717429954098,440,0.580677363669853,429.10851318023,0.68637735673073
"conc","Danube_Lower","Lower Danube","lioness","EUS_175",0.100974894083438,0.690570766821626,440,0.553473038223933,317.112314423304,0.562394740992824
"conc","Danube_Lower","Lower Danube","lioness","EUS_331",0.186867908468362,0.555712509996629,440,0.698552740195954,366.733259151601,0.676397884866321
"conc","Danube_Lower","Lower Danube","lioness","EUS_333",0.0565025166062461,0.924900518375146,440,0.644357030553237,357.712634142587,0.639004043037491
"conc","Danube_Lower","Lower Danube","lioness","EUS_335",0.154403663285819,0.612647826056724,440,0.722544239948904,357.324015199039,0.73632372578324
"conc","Danube_Lower","Lower Danube","lioness","EUS_336",0.175561629162998,0.557420134175088,440,0.747318187397242,359.244729329921,0.761114145182751
"conc","Danube_Lower","Lower Danube","lioness","EUS_337",0.136262203925735,0.578261284541017,440,0.757969682077816,362.475552428114,0.775326327992487
"conc","Danube_Lower","Lower Danube","lioness","EUS_338",0.153107130447243,0.508379138802765,440,0.608874191793003,325.099368558062,0.637075457960136
"conc","Danube_Lower","Lower Danube","lioness","EUS_339",0.121933820544586,0.714915533232406,440,0.599247408088731,321.104805167015,0.620767035880568
"conc","Danube_Lower","Lower Danube","lioness","EUS_340",0.178689452890204,0.467061041017477,440,0.759728901274854,362.328067614069,0.776185839069178
"conc","Danube_Lower","Lower Danube","lioness","EUS_341",0.191370043366964,0.527451534153463,440,0.75973385579238,366.958908337583,0.773886005192849
"conc","Danube_Lower","Lower Danube","lioness","EUS_342",0.211681213799671,0.538691796081065,440,0.607926284026599,312.489506762842,0.629165471659294
"conc","Danube_Lower","Lower Danube","lioness","EUS_343",0.184873094135485,0.490099775915716,440,0.76503159021007,373.854886531323,0.777202444403522
"conc","Danube_Lower","Lower Danube","lioness","EUS_344",0.0745750294587382,0.666068042647469,440,0.534081319571248,315.999490775222,0.534615639059779
"conc","Danube_Lower","Lower Danube","lioness","EUS_345",0.182154520114087,0.52841063137239,440,0.669576802628764,348.269345015276,0.666054201125788
"conc","Danube_Lower","Lower Danube","lioness","EUS_346",0.128069841372457,1.21955721920086,440,0.581103949215911,337.179623964749,0.58506302192862
"conc","Danube_Lower","Lower Danube","lioness","EUS_347",0.120950018019107,0.692606159484253,440,0.790212952993982,376.503932120268,0.804302589513399
"conc","Danube_Lower","Lower Danube","lioness","EUS_348",0.138536216668931,0.60814371113561,440,0.74561454102988,381.039215506039,0.737497785613124
"conc","Danube_Lower","Lower Danube","lioness","EUS_349",-0.00132253858107736,1.25878631123564,440,0.762119693376526,408.191983322707,0.755011258075326
"conc","Danube_Lower","Lower Danube","lioness","EUS_350",0.106403072475585,0.786599926724229,440,0.798065402746312,378.041028581504,0.812395258644425
"conc","Danube_Lower","Lower Danube","lioness","EUS_351",0.149864199394211,0.597456949232294,440,0.791733392956333,378.647883445855,0.796315897154147
"conc","Danube_Lower","Lower Danube","lioness","EUS_352",0.0359196802853666,0.953039160825784,440,0.606578530621946,341.106244628914,0.658015969010705
"conc","Danube_Lower","Lower Danube","lioness","EUS_353",0.153973645933871,0.768657478755806,440,0.624398543221756,355.023735636948,0.708969435462411
"conc","Danube_Lower","Lower Danube","lioness","EUS_354",0.266510756479104,0.631072313424695,440,0.696852844776411,353.002827378957,0.713025011476997
"conc","Danube_Lower","Lower Danube","lioness","EUS_355",0.147546594554516,1.44413655201869,440,0.940184077913253,479.328181905946,0.947278103014757
"conc","Danube_Lower","Lower Danube","lioness","EUS_356",0.104151725735664,0.584595445506042,440,0.544777786277832,331.808904307465,0.610979477575442
"conc","Danube_Lower","Lower Danube","lioness","EUS_357",0.246331740493151,0.425133550100734,440,0.709072887380956,342.800989920196,0.721640056275676
"conc","Danube_Lower","Lower Danube","lioness","EUS_358",0.34816875100621,0.414713073512243,440,0.725565743795149,349.486615302151,0.724416544349636
"conc","Danube_Lower","Lower Danube","lioness","EUS_359",0.128738105944533,0.62533358443071,440,0.612632007524925,327.472834946047,0.638617564560893
"conc","Danube_Lower","Lower Danube","lioness","EUS_360",0.245248934328986,1.43577785528897,440,1.18883133880597,555.978227588968,1.13000824521885
"conc","Danube_Lower","Lower Danube","lioness","EUS_361",0.0649779638543069,0.73377498996805,440,0.897639128346576,453.687097292311,0.832917501987041
"conc","Danube_Lower","Lower Danube","lioness","EUS_362",0.073549953051788,0.774308765023364,440,0.932782662992956,469.217174073111,0.855970248246614
"conc","Danube_Lower","Lower Danube","lioness","EUS_363",0.367947259234331,0.771394594144406,440,0.648930593256794,409.899209020221,0.820729525655202
"conc","Danube_Lower","Lower Danube","lioness","EUS_364",0.439606004296505,1.96921078929744,440,1.54911208001786,721.84424200287,1.42956870368404
"conc","Danube_Lower","Lower Danube","lioness","EUS_365",0.0975904930942683,0.885665732164118,440,0.981533840436087,483.86356858292,0.923433272197832
"conc","Danube_Lower","Lower Danube","lioness","EUS_366",0.129799960411436,1.01481104878049,440,0.983430694666164,490.207873026955,0.895695716223576
"conc","Danube_Lower","Lower Danube","lioness","EUS_367",0.384074555669701,2.62740745072677,440,1.25678489372089,652.262010988362,1.20817457299262
"conc","Danube_Lower","Lower Danube","lioness","EUS_368",0.00217314277373757,0.945324448868004,440,0.537721159986763,337.837475046114,0.561115550325143
"conc","Danube_Lower","Lower Danube","lioness","EUS_369",0.266775404178796,0.730117841296409,440,0.652887222065266,370.71659915933,0.731771084136802
"conc","Danube_Lower","Lower Danube","lioness","EUS_370",0.152932472440715,0.481819097644657,440,0.646420413277913,316.02966563066,0.673152078290896
"conc","Danube_Lower","Lower Danube","lioness","EUS_371",0.154712866031851,0.623058392802634,440,0.624923857185216,339.086173170553,0.638469588217626
"conc","Danube_Lower","Lower Danube","bonobo","EUS_158",0.174242015801111,0.314789575565795,440,0.719900985222624,337.825865091479,0.734683384044437
"conc","Danube_Lower","Lower Danube","bonobo","EUS_159",0.177199031468546,0.308903539973768,440,0.720812363617123,338.210658765604,0.736113634244874
"conc","Danube_Lower","Lower Danube","bonobo","EUS_160",0.175037575656233,0.310051695485312,440,0.723382430280683,339.203206608893,0.734881095602287
"conc","Danube_Lower","Lower Danube","bonobo","EUS_161",0.173684110606547,0.314783405579554,440,0.711009212675857,335.539430625453,0.733711837072045
"conc","Danube_Lower","Lower Danube","bonobo","EUS_162",0.198675324888872,0.295538781487033,440,0.729775460878609,343.242357972424,0.741719258575919
"conc","Danube_Lower","Lower Danube","bonobo","EUS_163",0.195627231657342,0.301103496241702,440,0.735364442307054,345.80894208232,0.746183514539647
"conc","Danube_Lower","Lower Danube","bonobo","EUS_173",0.309683104097724,0.35907147288336,440,0.772018171016797,358.286229762169,0.785125766067778
"conc","Danube_Lower","Lower Danube","bonobo","EUS_174",0.174196782230285,0.338929910984506,440,0.71622220513287,336.736752363012,0.745370025892631
"conc","Danube_Lower","Lower Danube","bonobo","EUS_175",0.180718988511156,0.300118784712855,440,0.717738186297871,338.135641873222,0.730952894690318
"conc","Danube_Lower","Lower Danube","bonobo","EUS_331",0.191146317508928,0.308693764922023,440,0.73817647824437,347.265658956152,0.746554154899684
"conc","Danube_Lower","Lower Danube","bonobo","EUS_333",0.175993027311403,0.31272518392491,440,0.731150583020547,344.486503843704,0.742499177759675
"conc","Danube_Lower","Lower Danube","bonobo","EUS_335",0.186504644355178,0.313564471606216,440,0.739649824840955,348.250150336308,0.752505390641599
"conc","Danube_Lower","Lower Danube","bonobo","EUS_336",0.189588509622909,0.311557365486684,440,0.743654635377725,350.057373074266,0.756780992553741
"conc","Danube_Lower","Lower Danube","bonobo","EUS_337",0.183600095626243,0.318266916718328,440,0.744807093000183,350.586822820018,0.758130062504359
"conc","Danube_Lower","Lower Danube","bonobo","EUS_338",0.186331972837807,0.298286675970286,440,0.724477888182929,341.675074461641,0.739833798187678
"conc","Danube_Lower","Lower Danube","bonobo","EUS_339",0.182688642876449,0.303788712367613,440,0.722571306936535,340.933300811578,0.737051846662535
"conc","Danube_Lower","Lower Danube","bonobo","EUS_340",0.189221950015136,0.313931394704534,440,0.744923863486176,350.744414004533,0.758051289200995
"conc","Danube_Lower","Lower Danube","bonobo","EUS_341",0.191811569012821,0.313647845640514,440,0.745138967122886,350.757569773986,0.757954596356083
"conc","Danube_Lower","Lower Danube","bonobo","EUS_342",0.194642033733049,0.296613804083088,440,0.722965939884931,340.916869184838,0.736937967563332
"conc","Danube_Lower","Lower Danube","bonobo","EUS_343",0.190384686159729,0.314334338392794,440,0.746204692648561,351.309583330141,0.758673665940642
"conc","Danube_Lower","Lower Danube","bonobo","EUS_344",0.176335018825803,0.298248736746596,440,0.714860197493933,337.05909603999,0.726170298780677
"conc","Danube_Lower","Lower Danube","bonobo","EUS_345",0.190420370139195,0.310105482707086,440,0.733287934212928,345.567328875441,0.744214355199704
"conc","Danube_Lower","Lower Danube","bonobo","EUS_346",0.179129632467059,0.313265058079897,440,0.71931475292658,339.388874471413,0.731130975162449
"conc","Danube_Lower","Lower Danube","bonobo","EUS_347",0.183832364735505,0.319045962679943,440,0.749294104022126,352.615684746361,0.762023992510188
"conc","Danube_Lower","Lower Danube","bonobo","EUS_348",0.185254156297288,0.316392920979956,440,0.743697173119681,350.146758458883,0.753557171859944
"conc","Danube_Lower","Lower Danube","bonobo","EUS_349",0.174153486290765,0.336609863822818,440,0.748944239695667,351.87858824322,0.759758831887458
"conc","Danube_Lower","Lower Danube","bonobo","EUS_350",0.182478523223424,0.326417233639118,440,0.750016726226327,352.799669832046,0.762702236163334
"conc","Danube_Lower","Lower Danube","bonobo","EUS_351",0.186322500855233,0.319922006468634,440,0.749274052571864,352.501039524325,0.760594583645723
"conc","Danube_Lower","Lower Danube","bonobo","EUS_352",0.175985148390386,0.303651689666088,440,0.72430133012472,341.939822836207,0.741963132702048
"conc","Danube_Lower","Lower Danube","bonobo","EUS_353",0.188307406923402,0.302456723682625,440,0.729105568298804,343.610173580711,0.749568242313889
"conc","Danube_Lower","Lower Danube","bonobo","EUS_354",0.202759660228926,0.299584712246262,440,0.739777991060324,348.543640770278,0.7515293273814
"conc","Danube_Lower","Lower Danube","bonobo","EUS_355",0.183306030180497,0.33952724515095,440,0.765540099834918,360.156651395834,0.77656177063506
"conc","Danube_Lower","Lower Danube","bonobo","EUS_356",0.179728035170282,0.299365488712178,440,0.717884273741217,337.452192042233,0.736462935996243
"conc","Danube_Lower","Lower Danube","bonobo","EUS_357",0.19866539516152,0.296564829081001,440,0.737899676406626,347.291081511528,0.750532972780393
"conc","Danube_Lower","Lower Danube","bonobo","EUS_358",0.21296333486989,0.292877825130474,440,0.739982919533879,348.040482063055,0.750576176886171
"conc","Danube_Lower","Lower Danube","bonobo","EUS_359",0.180367680360324,0.302693052094271,440,0.724146542621595,341.564897132259,0.738807835223401
"conc","Danube_Lower","Lower Danube","bonobo","EUS_360",0.190631257456788,0.352653329633807,440,0.786961420447275,368.638029358729,0.792271947322266
"conc","Danube_Lower","Lower Danube","bonobo","EUS_361",0.173344319428286,0.325677730837409,440,0.760719462257241,357.967552050951,0.764162358290502
"conc","Danube_Lower","Lower Danube","bonobo","EUS_362",0.174238918477812,0.327909806655971,440,0.76417421691694,358.558272008073,0.766405362845348
"conc","Danube_Lower","Lower Danube","bonobo","EUS_363",0.217532424145278,0.296678372637465,440,0.744548417888408,347.219142810956,0.76062616934992
"conc","Danube_Lower","Lower Danube","bonobo","EUS_364",0.201741868201904,0.383424729509611,440,0.803927511316647,376.868802514501,0.806794006102323
"conc","Danube_Lower","Lower Danube","bonobo","EUS_365",0.177327351974171,0.334086607620308,440,0.769683317190006,361.926852727854,0.774721752428884
"conc","Danube_Lower","Lower Danube","bonobo","EUS_366",0.180805308234693,0.346863557471354,440,0.768504831749818,361.355674118689,0.771151057232228
"conc","Danube_Lower","Lower Danube","bonobo","EUS_367",0.195841579316722,0.377078612274667,440,0.783553401301946,367.682168208294,0.788450610955431
"conc","Danube_Lower","Lower Danube","bonobo","EUS_368",0.170544834149637,0.306177493416076,440,0.715575435080958,338.146221460601,0.730864915880014
"conc","Danube_Lower","Lower Danube","bonobo","EUS_369",0.203485977883434,0.300307719474862,440,0.736147119398835,347.024145349517,0.755758642230441
"conc","Danube_Lower","Lower Danube","bonobo","EUS_370",0.185126730342941,0.299882255040183,440,0.728181557032072,343.357255413647,0.742963001191925
"conc","Danube_Lower","Lower Danube","bonobo","EUS_371",0.188069782307654,0.297811593603622,440,0.727458827452122,343.08450040185,0.741011530186607
"conc","Rhine_Lower","Lower Rhine","lioness","EUS_084",0.0795298978691997,1.17562990512799,573,0.361391717938733,554.768484917689,0.327446845528561
"conc","Rhine_Lower","Lower Rhine","lioness","EUS_111",0.0464097422088397,0.949261541171244,573,0.827739815689158,622.412981591221,0.741195807683548
"conc","Rhine_Lower","Lower Rhine","lioness","EUS_112",0.301892682519097,1.88187705278024,573,1.41532575131328,878.195192171526,1.29704463647754
"conc","Rhine_Lower","Lower Rhine","lioness","EUS_113",0.00525488360173936,0.757664680926313,573,0.86165604917377,609.068167021625,0.784160709012748
"conc","Rhine_Lower","Lower Rhine","lioness","EUS_114",0.196795569717061,1.86890355354975,573,1.47966332222676,865.293490090268,1.37652236402782
"conc","Rhine_Lower","Lower Rhine","lioness","EUS_115",0.126709707250027,1.57359976727785,573,1.21040598843344,739.909997171778,1.12219435331528
"conc","Rhine_Lower","Lower Rhine","lioness","EUS_116",-0.0355596624339084,0.985176996206378,573,0.819338736063473,642.707846136153,0.750827162928852
"conc","Rhine_Lower","Lower Rhine","lioness","EUS_218",0.11254827532227,0.827758824291977,573,0.728118026130012,486.585123813074,0.737402490406141
"conc","Rhine_Lower","Lower Rhine","lioness","EUS_221",0.671482474000607,3.17013403666666,573,1.40876651679607,1024.15938717161,1.38103796168237
"conc","Rhine_Lower","Lower Rhine","lioness","EUS_238",0.45611571115237,1.87757955643537,573,0.896278853650059,727.387688957132,0.907571084781363
"conc","Rhine_Lower","Lower Rhine","lioness","EUS_239",0.670874215229845,2.19606544633739,573,1.14906363406233,797.675361685149,1.17305768805666
"conc","Rhine_Lower","Lower Rhine","lioness","EUS_258",0.351249783732995,0.289200444467633,573,0.828266849238759,497.013581073666,0.822138078786238
"conc","Rhine_Lower","Lower Rhine","lioness","EUS_259",0.347643332823346,0.28616201521163,573,0.852543237340191,497.233334283949,0.849437748285989
"conc","Rhine_Lower","Lower Rhine","lioness","EUS_260",0.287203146585174,0.38869453524557,573,0.780836370257181,468.573673430565,0.764541463106037
"conc","Rhine_Lower","Lower Rhine","lioness","EUS_261",0.0449310469350246,0.714451851859352,573,0.657402831957182,456.247723867615,0.878632438744674
"conc","Rhine_Lower","Lower Rhine","lioness","EUS_262",0.0782706485814242,0.991983186315191,573,0.647991910160053,502.806227567443,0.59942336922138
"conc","Rhine_Lower","Lower Rhine","lioness","EUS_263",0.0493714970348111,0.726957348839461,573,0.655370410449798,452.741000929171,0.859980491193864
"conc","Rhine_Lower","Lower Rhine","lioness","EUS_264",0.0396227796112179,0.715556666428675,573,0.640623893575305,468.273438674065,0.790234911937373
"conc","Rhine_Lower","Lower Rhine","lioness","EUS_265",0.251963576059606,0.487272113242922,573,0.843047259732574,493.016181899393,0.837280632956662
"conc","Rhine_Lower","Lower Rhine","lioness","EUS_266",0.246966928950463,0.50127158608692,573,0.845773607794902,492.206611294375,0.841124892366099
"conc","Rhine_Lower","Lower Rhine","lioness","EUS_375",0.0513328026871651,1.00526194687671,573,0.771304528806169,483.679286468491,0.784615540775272
"conc","Rhine_Lower","Lower Rhine","lioness","EUS_381",0.260455511177934,0.429446752433188,573,0.836553275239917,492.66640709994,0.836202875103222
"conc","Rhine_Lower","Lower Rhine","lioness","EUS_382",0.0924265357651628,0.97196853081737,573,0.850820216809037,500.321721292194,0.852011936180213
"conc","Rhine_Lower","Lower Rhine","lioness","EUS_383",0.00018608456310391,1.67088450774233,573,0.743177752689054,488.884652729176,0.768091592889279
"conc","Rhine_Lower","Lower Rhine","lioness","EUS_387",0.320199484614156,0.381142529259888,573,0.856364231800179,503.044630830327,0.854455947465135
"conc","Rhine_Lower","Lower Rhine","lioness","EUS_388",0.315356191437678,0.39159119270018,573,0.85152564773055,498.587603676914,0.848790714707309
"conc","Rhine_Lower","Lower Rhine","lioness","EUS_392",0.0512870346939784,1.29481845557511,573,0.820199284078915,494.692979106756,0.817586425566982
"conc","Rhine_Lower","Lower Rhine","lioness","EUS_393",0.227111310630638,0.537770104430164,573,0.841522694187145,492.266620957987,0.836731108207303
"conc","Rhine_Lower","Lower Rhine","lioness","EUS_400",0.0613927811579607,1.25697059689116,573,0.498778515236067,489.33950883003,0.542977599663582
"conc","Rhine_Lower","Lower Rhine","lioness","EUS_401",0.138176090310021,0.659300545872998,573,0.842040206659871,500.523198153291,0.834913884595143
"conc","Rhine_Lower","Lower Rhine","lioness","EUS_402",0.0736427306838273,1.32344357471376,573,0.784523428701148,484.866999299535,0.774361580613827
"conc","Rhine_Lower","Lower Rhine","lioness","EUS_403",-0.0076126812737883,1.53964400055482,573,0.831966571173217,504.776401079938,0.84405668123485
"conc","Rhine_Lower","Lower Rhine","lioness","EUS_404",0.28210539228066,0.335579153917955,573,0.815867184191545,476.378325415497,0.816812073814958
"conc","Rhine_Lower","Lower Rhine","lioness","EUS_405",0.284709219629023,0.459437746725609,573,0.863928151657838,502.402820287686,0.864775295270941
"conc","Rhine_Lower","Lower Rhine","lioness","EUS_406",-0.0472133499222291,2.15725631866616,573,0.31679539084992,607.164161150889,0.336463620525082
"conc","Rhine_Lower","Lower Rhine","lioness","EUS_407",0.307111924076103,0.335877271082238,573,0.840657742923243,492.05849313358,0.844409878962593
"conc","Rhine_Lower","Lower Rhine","lioness","EUS_408",0.122927334315355,1.78084172785883,573,0.719602454123445,471.047184166777,0.78851558644782
"conc","Rhine_Lower","Lower Rhine","lioness","EUS_409",0.277777362421185,0.381496029326056,573,0.775289198788734,473.805130607043,0.785130036018001
"conc","Rhine_Lower","Lower Rhine","lioness","EUS_410",0.0434054376393088,1.49801054933909,573,0.683905082761478,477.931142902828,0.768599595046116
"conc","Rhine_Lower","Lower Rhine","lioness","EUS_411",0.331128536723177,0.317564896695249,573,0.848007044101808,493.778478977145,0.854360873010738
"conc","Rhine_Lower","Lower Rhine","lioness","EUS_412",0.139170857103978,0.600871438240596,573,0.723717713625969,467.011255038219,0.728801742266531
"conc","Rhine_Lower","Lower Rhine","lioness","EUS_413",0.316637687970224,0.377530685946775,573,0.8510607693074,501.356805273794,0.851686059460946
"conc","Rhine_Lower","Lower Rhine","lioness","EUS_414",0.162000294010938,0.745700573699477,573,0.83420002362561,487.090708914016,0.840119460668016
"conc","Rhine_Lower","Lower Rhine","lioness","EUS_415",0.309274983191508,0.346542320694604,573,0.800210983158677,500.473226294323,0.822058553081813
"conc","Rhine_Lower","Lower Rhine","lioness","EUS_416",0.0483561229130959,1.25543127588779,573,0.335078725732177,640.931524679779,0.282191296517896
"conc","Rhine_Lower","Lower Rhine","lioness","EUS_417",0.340012281112808,0.313638414579178,573,0.864064569522293,502.324652851352,0.864961408214591
"conc","Rhine_Lower","Lower Rhine","lioness","EUS_418",0.0405212535223468,1.12878701730755,573,0.745892611647316,472.645197768039,0.729215956991698
"conc","Rhine_Lower","Lower Rhine","lioness","EUS_419",0.31891355640065,0.363285670556705,573,0.861455179325007,501.489566407262,0.861582642144173
"conc","Rhine_Lower","Lower Rhine","lioness","EUS_420",0.284004173303221,0.383983205322215,573,0.84590142373248,493.396475965735,0.848220389587749
"conc","Rhine_Lower","Lower Rhine","lioness","EUS_421",0.244859474937027,0.598770398926469,573,0.843742852540923,496.348297162106,0.838848076039812
"conc","Rhine_Lower","Lower Rhine","bonobo","EUS_084",0.177370296594575,0.287111179456969,573,0.764032385028948,444.54436206982,0.765257218756342
"conc","Rhine_Lower","Lower Rhine","bonobo","EUS_111",0.175274159288562,0.302742904098328,573,0.814020582506788,474.125482307141,0.808191379754961
"conc","Rhine_Lower","Lower Rhine","bonobo","EUS_112",0.192202007009426,0.339622823451557,573,0.86044861161041,500.399264477371,0.854517649345517
"conc","Rhine_Lower","Lower Rhine","bonobo","EUS_113",0.17104201763833,0.297192617871634,573,0.818457641352961,476.64882823006,0.813489628020676
"conc","Rhine_Lower","Lower Rhine","bonobo","EUS_114",0.183040097217267,0.341360119849961,573,0.866246282875343,503.959400842528,0.861190377634574
"conc","Rhine_Lower","Lower Rhine","bonobo","EUS_115",0.180598391499071,0.321922160507127,573,0.848169053350343,493.510971565497,0.843569848490043
"conc","Rhine_Lower","Lower Rhine","bonobo","EUS_116",0.167761127981797,0.298275029130671,573,0.8131380410965,472.916920112117,0.809640191093287
"conc","Rhine_Lower","Lower Rhine","bonobo","EUS_218",0.191886780045328,0.282839494361924,573,0.803954093037068,467.884135854804,0.806691974852678
"conc","Rhine_Lower","Lower Rhine","bonobo","EUS_221",0.209585077305219,0.357575176724938,573,0.842448691579371,488.177996094298,0.841055776064278
"conc","Rhine_Lower","Lower Rhine","bonobo","EUS_238",0.209799860093678,0.335139473134257,573,0.81832821109601,477.836671107471,0.820297281462756
"conc","Rhine_Lower","Lower Rhine","bonobo","EUS_239",0.225767282687004,0.34613690548429,573,0.838653386769214,489.413564971141,0.840182959514188
"conc","Rhine_Lower","Lower Rhine","bonobo","EUS_258",0.217420936131529,0.277803023314261,573,0.816096486297061,475.269272096745,0.818287856212905
"conc","Rhine_Lower","Lower Rhine","bonobo","EUS_259",0.216897277729962,0.27967149500489,573,0.819337080496032,477.104067721114,0.821908228998561
"conc","Rhine_Lower","Lower Rhine","bonobo","EUS_260",0.208966337013975,0.280858173148807,573,0.809149287177875,471.278769408134,0.80985350736707
"conc","Rhine_Lower","Lower Rhine","bonobo","EUS_261",0.1758546474541,0.285972224580023,573,0.792265935328352,461.647040017339,0.825192674301424
"conc","Rhine_Lower","Lower Rhine","bonobo","EUS_262",0.187680091051715,0.289088721590274,573,0.797422643466247,464.583231702229,0.796074999001475
"conc","Rhine_Lower","Lower Rhine","bonobo","EUS_263",0.176407706518832,0.285846742708299,573,0.791984397871309,461.485656614449,0.822751484534492
"conc","Rhine_Lower","Lower Rhine","bonobo","EUS_264",0.175509612347015,0.285166374588297,573,0.79061904946369,460.694002729146,0.813876125521225
"conc","Rhine_Lower","Lower Rhine","bonobo","EUS_265",0.20524452027722,0.283804484451727,573,0.81796089508533,476.337710782717,0.82015375589252
"conc","Rhine_Lower","Lower Rhine","bonobo","EUS_266",0.204851750924868,0.284133846951571,573,0.818336030386419,476.492659614824,0.820684048388634
"conc","Rhine_Lower","Lower Rhine","bonobo","EUS_375",0.17657691265189,0.296869727787306,573,0.808663520896279,470.966490015217,0.813983154292727
"conc","Rhine_Lower","Lower Rhine","bonobo","EUS_381",0.205657760577916,0.285442718268964,573,0.817078776906502,475.805568040384,0.820117402899212
"conc","Rhine_Lower","Lower Rhine","bonobo","EUS_382",0.186000282236306,0.304226845750543,573,0.818400273498333,476.537858904258,0.821345552537072
"conc","Rhine_Lower","Lower Rhine","bonobo","EUS_383",0.181279502737365,0.301103619020674,573,0.804820059666483,468.780296435963,0.811092300311219
"conc","Rhine_Lower","Lower Rhine","bonobo","EUS_387",0.213923085693016,0.284183891806353,573,0.819955443966474,477.455313318062,0.822737635086944
"conc","Rhine_Lower","Lower Rhine","bonobo","EUS_388",0.21336082729367,0.284303403177721,573,0.819264496329414,477.059094675261,0.821931930953162
"conc","Rhine_Lower","Lower Rhine","bonobo","EUS_392",0.18584647637964,0.301531251868686,573,0.813801088307208,473.923897597386,0.816193800236055
"conc","Rhine_Lower","Lower Rhine","bonobo","EUS_393",0.202007402482579,0.291976138285745,573,0.817697852438237,476.153481589346,0.820015554028669
"conc","Rhine_Lower","Lower Rhine","bonobo","EUS_400",0.176435615471985,0.288957729262755,573,0.774320433207872,451.245841551876,0.783617198315564
"conc","Rhine_Lower","Lower Rhine","bonobo","EUS_401",0.189568105576818,0.296853487598601,573,0.817322917873931,475.944288754944,0.819140021555716
"conc","Rhine_Lower","Lower Rhine","bonobo","EUS_402",0.179907830520827,0.300556357423181,573,0.809783456113733,471.109765294691,0.811521038343853
"conc","Rhine_Lower","Lower Rhine","bonobo","EUS_403",0.176799285912194,0.301996997355986,573,0.811541022923912,472.198290485387,0.814590703177831
"conc","Rhine_Lower","Lower Rhine","bonobo","EUS_404",0.20778881738609,0.280558953393947,573,0.813934665516679,473.926443916934,0.817141796173982
"conc","Rhine_Lower","Lower Rhine","bonobo","EUS_405",0.20974191817857,0.285270791700391,573,0.820989889293168,477.975848816162,0.82413116710486
"conc","Rhine_Lower","Lower Rhine","bonobo","EUS_406",0.172669281449072,0.294007356865605,573,0.753102468479651,438.332157339789,0.75873715711526
"conc","Rhine_Lower","Lower Rhine","bonobo","EUS_407",0.211325926957176,0.281989779512986,573,0.817608521723199,476.109820300958,0.821231167497431
"conc","Rhine_Lower","Lower Rhine","bonobo","EUS_408",0.177740358804765,0.309509846298493,573,0.800243973715662,466.158298661185,0.812443930729555
"conc","Rhine_Lower","Lower Rhine","bonobo","EUS_409",0.207516808425343,0.282463124873052,573,0.808555434216991,470.922972483735,0.813043744808815
"conc","Rhine_Lower","Lower Rhine","bonobo","EUS_410",0.1748850861335,0.305697913114051,573,0.794464974677945,462.824568610536,0.808124285068298
"conc","Rhine_Lower","Lower Rhine","bonobo","EUS_411",0.214788963686609,0.2821972612826,573,0.818622943016535,476.6907684382,0.822593485634618
"conc","Rhine_Lower","Lower Rhine","bonobo","EUS_412",0.188792260034584,0.287478562222454,573,0.801788035945969,466.723399408914,0.805487246347928
"conc","Rhine_Lower","Lower Rhine","bonobo","EUS_413",0.213359471991942,0.283946463121432,573,0.819246914608816,477.049289281577,0.822349226901412
"conc","Rhine_Lower","Lower Rhine","bonobo","EUS_414",0.195774066200222,0.287631389074579,573,0.816687959549106,475.562094854779,0.820569574905919
"conc","Rhine_Lower","Lower Rhine","bonobo","EUS_415",0.211698921243526,0.282257682154113,573,0.81268847369502,473.290652454568,0.818523806740222
"conc","Rhine_Lower","Lower Rhine","bonobo","EUS_416",0.174510803197732,0.292203989337266,573,0.762761032524379,444.501406957219,0.761958011027987
"conc","Rhine_Lower","Lower Rhine","bonobo","EUS_417",0.216150907180044,0.281781487037518,573,0.821002891213466,477.959928519111,0.824152045286556
"conc","Rhine_Lower","Lower Rhine","bonobo","EUS_418",0.175169323052796,0.299490553888434,573,0.804910860461641,468.833070763365,0.805630446080254
"conc","Rhine_Lower","Lower Rhine","bonobo","EUS_419",0.213630110814333,0.283174495227484,573,0.820645543471636,477.850425115712,0.823689129847418
"conc","Rhine_Lower","Lower Rhine","bonobo","EUS_420",0.208344682013501,0.28606624087647,573,0.818368633758201,476.526010640346,0.821736739739
"conc","Rhine_Lower","Lower Rhine","bonobo","EUS_421",0.20606177059631,0.289518869428562,573,0.818277402126789,476.492607847788,0.820672335657653
"conc","Basin_Elbe","Elbe (whole basin)","lioness","EUS_018",0.038513581058776,1.05069122066021,1116,0.594010931872075,1234.33867139191,0.588041979753122
"conc","Basin_Elbe","Elbe (whole basin)","lioness","EUS_019",0.0507133948375169,0.869141874656921,1116,0.397260095868133,801.704301501683,0.438616142974596
"conc","Basin_Elbe","Elbe (whole basin)","lioness","EUS_020",0.249218368862796,0.453306977763096,1116,0.599851199948512,731.080234688017,0.63218451969139
"conc","Basin_Elbe","Elbe (whole basin)","lioness","EUS_021",0.534408365663401,0.386315174564848,1116,0.88061435120667,1001.28353182313,0.882323668722078
"conc","Basin_Elbe","Elbe (whole basin)","lioness","EUS_022",0.13504127627106,0.686867894283373,1116,0.508450058473217,798.853265261143,0.537185284986243
"conc","Basin_Elbe","Elbe (whole basin)","lioness","EUS_023",0.0968925205407806,1.19563247069667,1116,0.758327292317857,1327.15570923464,0.661232671382006
"conc","Basin_Elbe","Elbe (whole basin)","lioness","EUS_024",0.331105012708923,0.451383952637198,1116,0.674755028508463,810.837223138476,0.668356832340248
"conc","Basin_Elbe","Elbe (whole basin)","lioness","EUS_025",0.325349669846331,0.493157656007659,1116,0.634452375911522,857.982622624738,0.630480709040276
"conc","Basin_Elbe","Elbe (whole basin)","lioness","EUS_026",0.529089490107787,0.519028160129494,1116,0.864050083937787,1024.07532220771,0.855704263609672
"conc","Basin_Elbe","Elbe (whole basin)","lioness","EUS_027",0.0534151059959816,0.801630543397879,1116,0.380347884864324,829.270989912275,0.531060526330508
"conc","Basin_Elbe","Elbe (whole basin)","lioness","EUS_028",0.324509874354383,0.506463747946205,1116,0.540263732428476,747.543452480048,0.558744341183403
"conc","Basin_Elbe","Elbe (whole basin)","lioness","EUS_029",1.08892358853947,3.02174233620181,1116,1.96740807911505,2589.52902848058,1.81158911016661
"conc","Basin_Elbe","Elbe (whole basin)","lioness","EUS_030",-0.0214471213223833,1.16167898674042,1116,0.410407871378134,974.203225344881,0.451297070786466
"conc","Basin_Elbe","Elbe (whole basin)","lioness","EUS_031",0.234640060863544,0.469938149315253,1116,0.532697395451912,746.872016227283,0.57031908913113
"conc","Basin_Elbe","Elbe (whole basin)","lioness","EUS_032",0.793969099029811,2.13120018535962,1116,1.41885223610425,1899.61585532916,1.29953101176507
"conc","Basin_Elbe","Elbe (whole basin)","lioness","EUS_033",0.0784452530941218,0.760704368376076,1116,0.46969681802387,787.249363594696,0.559397265244253
"conc","Basin_Elbe","Elbe (whole basin)","lioness","EUS_034",0.43688932919575,0.399574172806756,1116,0.776386338602141,909.701491952265,0.755847264441001
"conc","Basin_Elbe","Elbe (whole basin)","lioness","EUS_035",0.333445368966016,0.433338651603518,1116,0.680355890980933,833.250598583286,0.65415154457818
"conc","Basin_Elbe","Elbe (whole basin)","lioness","EUS_036",0.386617183336492,0.421983477825012,1116,0.607390115422335,792.41786211333,0.615504651505714
"conc","Basin_Elbe","Elbe (whole basin)","lioness","EUS_037",0.0824733373836618,0.700964021302946,1116,0.450730116018628,763.819111000633,0.470875477154406
"conc","Basin_Elbe","Elbe (whole basin)","lioness","EUS_038",0.15200262769438,0.882866353828349,1116,0.798287394653549,948.943452119913,0.777827121189715
"conc","Basin_Elbe","Elbe (whole basin)","lioness","EUS_039",0.107578851142401,0.547720619940915,1116,0.470638763445468,716.476288223512,0.530343682160416
"conc","Basin_Elbe","Elbe (whole basin)","lioness","EUS_040",0.542587765440587,0.339263447660081,1116,0.833177964206173,963.370093941911,0.819303640105357
"conc","Basin_Elbe","Elbe (whole basin)","lioness","EUS_041",0.075835813218173,0.738975198720142,1116,0.45465188231689,761.710976278076,0.531036203632667
"conc","Basin_Elbe","Elbe (whole basin)","lioness","EUS_042",0.100528230122219,0.960030358304185,1116,0.497581711436493,944.63423312801,0.542389481498496
"conc","Basin_Elbe","Elbe (whole basin)","lioness","EUS_043",0.0726707312653287,0.81150209595224,1116,0.474205009662845,851.641918803769,0.525674167843431
"conc","Basin_Elbe","Elbe (whole basin)","lioness","EUS_044",-0.00590719708896793,1.10344883742453,1116,0.237519206926717,882.569429662418,0.306499149365251
"conc","Basin_Elbe","Elbe (whole basin)","lioness","EUS_045",0.0317752392201472,1.12432652578087,1116,0.325824847702639,774.057866904648,0.358211138042007
"conc","Basin_Elbe","Elbe (whole basin)","lioness","EUS_046",0.0733524162526065,0.722000117194164,1116,0.258044063220897,768.090334513004,0.253900492844116
"conc","Basin_Elbe","Elbe (whole basin)","lioness","EUS_047",0.308102005043619,0.775503533934091,1116,0.781256327689664,961.08364904931,0.750324241900152
"conc","Basin_Elbe","Elbe (whole basin)","lioness","EUS_048",0.287077093746085,0.781880490902845,1116,0.746621912682371,934.444283250725,0.73008614194698
"conc","Basin_Elbe","Elbe (whole basin)","lioness","EUS_049",0.140960479427053,0.802724016441611,1116,0.555390708469525,788.658483882824,0.510555953024837
"conc","Basin_Elbe","Elbe (whole basin)","lioness","EUS_050",0.138852130356799,0.688771582482621,1116,0.565859719537789,763.034195237331,0.55003444061176
"conc","Basin_Elbe","Elbe (whole basin)","lioness","EUS_052",0.522309317944691,0.346377519633291,1116,0.890231071126026,993.497875376645,0.887875022021294
"conc","Basin_Elbe","Elbe (whole basin)","lioness","EUS_053",0.0505769751817488,0.981525170404714,1116,0.438277390569395,861.029472474274,0.455876513485192
"conc","Basin_Elbe","Elbe (whole basin)","lioness","EUS_054",-0.0347871085795891,1.56245954716753,1116,0.363790703574713,968.898055564939,0.33259299892919
"conc","Basin_Elbe","Elbe (whole basin)","lioness","EUS_055",0.20037686599689,0.775831414905943,1116,0.673788387663557,857.071018826186,0.655643643403328
"conc","Basin_Elbe","Elbe (whole basin)","lioness","EUS_056",0.26626943430272,1.12507402722151,1116,0.679347969182274,1140.81167156025,0.593475805316754
"conc","Basin_Elbe","Elbe (whole basin)","lioness","EUS_057",0.0838763587687872,1.79967074759759,1116,0.355179367657637,876.132151433248,0.351010332364411
"conc","Basin_Elbe","Elbe (whole basin)","lioness","EUS_058",0.116101899209721,0.690510327527968,1116,0.455501484028,683.244365340351,0.512506828225651
"conc","Basin_Elbe","Elbe (whole basin)","lioness","EUS_059",0.0947207804524706,0.65603883562836,1116,0.45395130673312,732.193132531211,0.463744084606085
"conc","Basin_Elbe","Elbe (whole basin)","lioness","EUS_060",0.0948838494215031,0.746002049830031,1116,0.521289467711371,789.959428939013,0.484357285348896
"conc","Basin_Elbe","Elbe (whole basin)","lioness","EUS_061",0.0900715746288517,0.794902867551799,1116,0.461731679707784,765.228111276623,0.442512276986693
"conc","Basin_Elbe","Elbe (whole basin)","lioness","EUS_062",0.280994081187878,0.503789817116563,1116,0.624663949913314,804.559828165426,0.585059728726894
"conc","Basin_Elbe","Elbe (whole basin)","lioness","EUS_063",0.109391255164212,0.776538331626758,1116,0.522042881953705,830.854166700215,0.497876523576399
"conc","Basin_Elbe","Elbe (whole basin)","lioness","EUS_064",0.134554706812367,0.502560490305235,1116,0.430041856799869,674.36116095059,0.472224783785349
"conc","Basin_Elbe","Elbe (whole basin)","lioness","EUS_065",0.0369331081765387,0.887415996682453,1116,0.383819106569661,710.315111264458,0.381244186966295
"conc","Basin_Elbe","Elbe (whole basin)","lioness","EUS_066",0.0225655124139378,0.991678936230116,1116,0.433713135717826,761.741622963728,0.407620911294051
"conc","Basin_Elbe","Elbe (whole basin)","lioness","EUS_067",0.0783246495358755,1.10164333214634,1116,0.489483813654518,766.150812134299,0.462576454105935
"conc","Basin_Elbe","Elbe (whole basin)","lioness","EUS_068",0.0606280067140019,1.02131718458497,1116,0.465377283923657,764.30879359169,0.423109225952697
"conc","Basin_Elbe","Elbe (whole basin)","lioness","EUS_069",0.23633598942421,1.34820433773016,1116,0.478799850460949,798.398294689368,0.442856127767047
"conc","Basin_Elbe","Elbe (whole basin)","lioness","EUS_079",0.0579111582729994,1.11376880894402,1116,0.280885957760329,915.586499364903,0.278109976920525
"conc","Basin_Elbe","Elbe (whole basin)","lioness","EUS_080",0.0942810362997629,0.638993669879414,1116,0.361624933534732,705.320341723112,0.3443944548913
"conc","Basin_Elbe","Elbe (whole basin)","lioness","EUS_081",0.0610134989211289,0.837349087599237,1116,0.363455613795394,809.882460210508,0.384002875429814
"conc","Basin_Elbe","Elbe (whole basin)","lioness","EUS_101",0.30243790058774,1.52496700075145,1116,0.878553370336299,1515.30017858827,0.771251338240382
"conc","Basin_Elbe","Elbe (whole basin)","lioness","EUS_147",0.271977102811415,0.89773799762293,1116,0.685149850698034,942.402727971899,0.637326976497844
"conc","Basin_Elbe","Elbe (whole basin)","lioness","EUS_148",0.075507531551629,1.15387337813149,1116,0.635980669113272,935.610375819192,0.618608317878176
"conc","Basin_Elbe","Elbe (whole basin)","lioness","EUS_149",0.0888695307138237,0.809684251247218,1116,0.397669384872972,831.59506748053,0.379679049514014
"conc","Basin_Elbe","Elbe (whole basin)","lioness","EUS_150",0.975186250351349,2.90952923904523,1116,1.35789990010689,1964.30712339568,1.35079776564998
"conc","Basin_Elbe","Elbe (whole basin)","lioness","EUS_151",0.103286867830693,1.19141396899204,1116,0.292967340675898,980.781264679583,0.252904815734646
"conc","Basin_Elbe","Elbe (whole basin)","lioness","EUS_152",0.0931108157942528,1.25972170509069,1116,0.706417870813656,986.60236912883,0.674224905479104
"conc","Basin_Elbe","Elbe (whole basin)","lioness","EUS_153",-0.0484984747619195,1.57838213180974,1116,0.510738952731824,1016.84358369136,0.485360988647564
"conc","Basin_Elbe","Elbe (whole basin)","lioness","EUS_154",0.258893540844898,0.814836539898349,1116,0.767621818991712,940.230881531863,0.738546616193773
"conc","Basin_Elbe","Elbe (whole basin)","lioness","EUS_155",0.163201400713989,0.883335072241216,1116,0.71132419676135,971.973201342059,0.685419615075602
"conc","Basin_Elbe","Elbe (whole basin)","lioness","EUS_156",0.0934232746306742,0.695936611869252,1116,0.411212821762514,696.089024854827,0.44481119173167
"conc","Basin_Elbe","Elbe (whole basin)","lioness","EUS_157",0.231355082320394,0.92567344846608,1116,0.639578887545275,1049.57418971347,0.601312692933524
"conc","Basin_Elbe","Elbe (whole basin)","lioness","EUS_200",0.143567275652802,1.63671258585574,1116,0.236038239450675,1038.17543647807,0.277824298891563
"conc","Basin_Elbe","Elbe (whole basin)","lioness","EUS_201",0.410389849058229,0.55196024487774,1116,0.832075966174475,968.891244929001,0.829765715473433
"conc","Basin_Elbe","Elbe (whole basin)","lioness","EUS_202",0.732236225808057,2.12342934937247,1116,1.06085858296965,1500.02128697679,1.03728752200133
"conc","Basin_Elbe","Elbe (whole basin)","lioness","EUS_203",0.138643931158201,0.767114262519944,1116,0.497013228508417,808.527418797936,0.476763005093789
"conc","Basin_Elbe","Elbe (whole basin)","lioness","EUS_204",0.108458641910086,0.543767729665703,1116,0.405194173194252,663.194178012524,0.410079278058273
"conc","Basin_Elbe","Elbe (whole basin)","lioness","EUS_205",0.422817146806234,0.487167037591893,1116,0.82501647028194,963.674542418178,0.809134698537295
"conc","Basin_Elbe","Elbe (whole basin)","lioness","EUS_206",0.0670790995705861,0.964808120415851,1116,0.543974948879231,1121.90225614944,0.576760055251259
"conc","Basin_Elbe","Elbe (whole basin)","lioness","EUS_207",0.222138098860664,1.29202887205996,1116,0.822117527599848,1428.72004687468,0.82039672467195
"conc","Basin_Elbe","Elbe (whole basin)","lioness","EUS_208",0.511241927831156,0.45255279016094,1116,0.865266167794781,996.084098698804,0.866606690843607
"conc","Basin_Elbe","Elbe (whole basin)","lioness","EUS_209",0.217068660637512,0.467569847920884,1116,0.480478593385433,679.456780418761,0.459593998064555
"conc","Basin_Elbe","Elbe (whole basin)","lioness","EUS_210",0.106540229285587,1.01072158654769,1116,0.635642945780743,901.671972130374,0.591884782859883
"conc","Basin_Elbe","Elbe (whole basin)","lioness","EUS_211",0.181488087192725,0.517453696860921,1116,0.49154713632624,685.599038371703,0.48407336730076
"conc","Basin_Elbe","Elbe (whole basin)","lioness","EUS_212",0.140459796655883,0.760267597570021,1116,0.452461914985857,768.768466817881,0.423070998246742
"conc","Basin_Elbe","Elbe (whole basin)","lioness","EUS_213",0.296477466033252,0.63492518987981,1116,0.644668567174253,821.287235530448,0.636457339446807
"conc","Basin_Elbe","Elbe (whole basin)","lioness","EUS_214",0.491519983303839,0.507189243863284,1116,0.866282801403096,989.798347925998,0.866392649190453
"conc","Basin_Elbe","Elbe (whole basin)","lioness","EUS_215",1.20656313075507,2.62084143292836,1116,1.37276694266913,1768.72227805147,1.32275181801851
"conc","Basin_Elbe","Elbe (whole basin)","lioness","EUS_235",0.39036605140676,0.674968516328085,1116,0.781595338713323,947.720313229477,0.774327709583038
"conc","Basin_Elbe","Elbe (whole basin)","lioness","EUS_240",0.0023031428678519,0.872107635695796,1116,0.453198386514208,857.762307742908,0.419059362383089
"conc","Basin_Elbe","Elbe (whole basin)","lioness","EUS_241",0.109843655980537,0.804603619344195,1116,0.533953015630142,822.803345859134,0.5183303081453
"conc","Basin_Elbe","Elbe (whole basin)","lioness","EUS_242",0.184223237633404,1.49391226308125,1116,1.09199893861234,1494.13794482548,1.13232706432368
"conc","Basin_Elbe","Elbe (whole basin)","lioness","EUS_243",0.592475733414154,1.60502139908951,1116,0.922744077302763,1254.27062669426,0.959504510899898
"conc","Basin_Elbe","Elbe (whole basin)","lioness","EUS_244",0.89320540998544,2.10208010402297,1116,1.9016648783614,2315.55711278974,1.90894415545573
"conc","Basin_Elbe","Elbe (whole basin)","lioness","EUS_245",0.800223923742888,1.90017473727066,1116,1.92456714581747,2204.00098456676,1.96737467811816
"conc","Basin_Elbe","Elbe (whole basin)","lioness","EUS_249",0.165983778915056,0.943690125588761,1116,0.626166087929315,1059.34538474177,0.551219570805016
"conc","Basin_Elbe","Elbe (whole basin)","lioness","EUS_250",0.17168301396872,0.461658806477088,1116,0.457657261213972,653.900858451732,0.451638344083075
"conc","Basin_Elbe","Elbe (whole basin)","lioness","EUS_253",0.70875903584498,1.75363024397663,1116,1.64952704160284,2003.91442157539,1.66278222030531
"conc","Basin_Elbe","Elbe (whole basin)","lioness","EUS_254",1.04821584983196,2.40309085616221,1116,2.17483899752696,2514.78090857867,2.21581844760389
"conc","Basin_Elbe","Elbe (whole basin)","lioness","EUS_255",0.0762696301065389,0.931204273923412,1116,0.556829426635482,930.442375852162,0.521172860790443
"conc","Basin_Elbe","Elbe (whole basin)","lioness","EUS_256",0.116489892319282,0.889272038615535,1116,0.5733781515798,843.869815669091,0.539781283846083
"conc","Basin_Elbe","Elbe (whole basin)","lioness","EUS_257",0.172721431837928,0.776461085777642,1116,0.586050911792456,821.636173782494,0.568336574081546
"conc","Basin_Elbe","Elbe (whole basin)","lioness","EUS_267",0.0720123631334297,0.742888340654768,1116,0.373390194805114,793.474654511476,0.373664048643583
"conc","Basin_Elbe","Elbe (whole basin)","lioness","EUS_268",0.0566806410597925,0.742300134607713,1116,0.344329224383129,851.481813920561,0.370550788494499
"conc","Basin_Elbe","Elbe (whole basin)","lioness","EUS_269",0.0263902216463889,1.05864126820913,1116,0.353181017001181,836.870105789991,0.367721099161618
"conc","Basin_Elbe","Elbe (whole basin)","lioness","EUS_270",0.125592281491297,1.08893733006784,1116,0.735886947415383,968.591475366879,0.679934262742258
"conc","Basin_Elbe","Elbe (whole basin)","lioness","EUS_271",0.475216560020092,0.52478900076969,1116,0.854595438171343,990.074604902179,0.841213128698121
"conc","Basin_Elbe","Elbe (whole basin)","lioness","EUS_272",0.126265864728769,1.03286393835569,1116,0.735756971885154,959.603082424608,0.686367729221293
"conc","Basin_Elbe","Elbe (whole basin)","lioness","EUS_273",0.178170453780574,0.808780470842727,1116,0.574754619025126,871.365284280439,0.575587559679087
"conc","Basin_Elbe","Elbe (whole basin)","lioness","EUS_274",0.149760970463069,0.765311398015912,1116,0.641169845586244,874.085749673182,0.646966714267074
"conc","Basin_Elbe","Elbe (whole basin)","lioness","EUS_275",0.153571816105181,0.672802805736237,1116,0.674623836202992,854.119134149856,0.648476059948467
"conc","Basin_Elbe","Elbe (whole basin)","lioness","EUS_276",0.142402535686297,0.647965617090235,1116,0.645644675402598,810.94845043545,0.630972311528062
"conc","Basin_Elbe","Elbe (whole basin)","lioness","EUS_277",0.136141446867501,0.641686347801539,1116,0.664592701674086,817.597504423474,0.671140622641416
"conc","Basin_Elbe","Elbe (whole basin)","lioness","EUS_278",0.143111751544985,0.668483901712042,1116,0.678348497043381,850.064367169625,0.689338918177005
"conc","Basin_Elbe","Elbe (whole basin)","lioness","EUS_279",0.131339577401024,0.585956225688017,1116,0.650506499080329,805.22791772927,0.674949058362052
"conc","Basin_Elbe","Elbe (whole basin)","lioness","EUS_280",0.116439356030758,0.533536435091578,1116,0.622879716834117,772.293252985557,0.644860350181136
"conc","Basin_Elbe","Elbe (whole basin)","lioness","EUS_281",0.105912437246835,0.486073074511471,1116,0.482622143246595,729.430418617419,0.551859377589166
"conc","Basin_Elbe","Elbe (whole basin)","lioness","EUS_282",0.111996971620301,0.665072225394543,1116,0.5973950689622,806.803668473068,0.687858363139733
"conc","Basin_Elbe","Elbe (whole basin)","lioness","EUS_283",0.108028536268117,0.668737407125102,1116,0.56962806345607,806.316513733647,0.69208338996801
"conc","Basin_Elbe","Elbe (whole basin)","lioness","EUS_284",0.137851170243666,0.701868008380434,1116,0.609519501683156,823.198062150528,0.728916828504132
"conc","Basin_Elbe","Elbe (whole basin)","lioness","EUS_285",0.115341163278761,0.744650910263949,1116,0.518037045626653,857.058635452414,0.555065345610962
"conc","Basin_Elbe","Elbe (whole basin)","lioness","EUS_286",0.0774867589054485,0.656966032174138,1116,0.430231062498132,790.681786349805,0.442634608139366
"conc","Basin_Elbe","Elbe (whole basin)","lioness","EUS_287",0.113034125219871,0.532898508327632,1116,0.557786636654768,717.222622639509,0.63377246811666
"conc","Basin_Elbe","Elbe (whole basin)","lioness","EUS_288",0.0968938950589288,0.579325213128564,1116,0.514844077040512,739.345236378849,0.575397482818679
"conc","Basin_Elbe","Elbe (whole basin)","lioness","EUS_289",0.158216802401925,0.637062217117227,1116,0.607840817819683,766.892675406594,0.608767166195374
"conc","Basin_Elbe","Elbe (whole basin)","lioness","EUS_290",0.0968982648391856,0.543676241338948,1116,0.529588807127908,727.287115997037,0.547144013400216
"conc","Basin_Elbe","Elbe (whole basin)","lioness","EUS_291",0.106731006066369,0.656568256901119,1116,0.589663136727256,806.056977515449,0.591476267447082
"conc","Basin_Elbe","Elbe (whole basin)","lioness","EUS_292",0.140198238457557,0.742292437746989,1116,0.603086050561067,847.459391605564,0.587732373794306
"conc","Basin_Elbe","Elbe (whole basin)","lioness","EUS_293",0.107812467278235,0.803409010192883,1116,0.566462914652978,844.171446680976,0.606286462952015
"conc","Basin_Elbe","Elbe (whole basin)","lioness","EUS_294",0.101753199587836,0.692526990140534,1116,0.55015620225257,809.438360863714,0.557126922028525
"conc","Basin_Elbe","Elbe (whole basin)","lioness","EUS_295",0.0828847390778843,0.732404156500085,1116,0.540630603339319,832.876103235445,0.603921610662058
"conc","Basin_Elbe","Elbe (whole basin)","lioness","EUS_296",0.0874865276564298,0.716167669096763,1116,0.507577500133489,825.725816051747,0.550238701616621
"conc","Basin_Elbe","Elbe (whole basin)","lioness","EUS_297",0.0965276507951091,0.665567519095816,1116,0.450368653953821,723.590516917999,0.515145123335882
"conc","Basin_Elbe","Elbe (whole basin)","lioness","EUS_298",0.178952194657951,0.988941782862247,1116,0.621207406823961,986.992592645483,0.632811819796882
"conc","Basin_Elbe","Elbe (whole basin)","lioness","EUS_299",0.0958863096762569,1.10569935835028,1116,0.574365047759535,1040.95185495861,0.727448293306377
"conc","Basin_Elbe","Elbe (whole basin)","lioness","EUS_300",0.10474226760429,0.5164007544203,1116,0.51738770787837,710.3356145363,0.512085547681501
"conc","Basin_Elbe","Elbe (whole basin)","lioness","EUS_372",0.506175108892963,0.403345477574137,1116,0.875494345513224,993.880239108023,0.872881702704915
"conc","Basin_Elbe","Elbe (whole basin)","lioness","EUS_373",0.34730248269001,0.653681913138277,1116,0.890684463619425,1000.91986072082,0.893105476841545
"conc","Basin_Elbe","Elbe (whole basin)","lioness","EUS_374",0.237585196330094,0.6425517201763,1116,0.721739859195647,882.553880374103,0.693562304889566
"conc","Basin_Elbe","Elbe (whole basin)","lioness","EUS_424",0.29724261726261,0.635391364139136,1116,0.848203814450179,964.492272965022,0.83670134066928
"conc","Basin_Elbe","Elbe (whole basin)","lioness","EUS_425",0.256818350561806,1.22325483847825,1116,0.829298782261678,984.135490420978,0.811560684264617
"conc","Basin_Elbe","Elbe (whole basin)","lioness","EUS_426",0.0821305265975262,0.783984685336174,1116,0.478034561519433,799.849500089892,0.458132754522682
"conc","Basin_Elbe","Elbe (whole basin)","lioness","EUS_427",0.0778850975338076,0.83771758131842,1116,0.432206029241491,860.582258454399,0.46473479408462
"conc","Basin_Elbe","Elbe (whole basin)","lioness","EUS_428",0.307944787388057,0.730915737522757,1116,0.850814957490497,968.888443643451,0.863565921020235
"conc","Basin_Elbe","Elbe (whole basin)","lioness","EUS_429",0.0533486033387822,0.970833008000127,1116,0.40342922398623,819.706091989868,0.361301851267694
"conc","Basin_Elbe","Elbe (whole basin)","lioness","EUS_430",0.368076530919291,0.571941206774458,1116,0.871811432634771,979.762336813494,0.86693586059074
"conc","Basin_Elbe","Elbe (whole basin)","lioness","EUS_431",0.182279835547234,0.845981045523275,1116,0.606977212617491,875.57560523266,0.638368194116314
"conc","Basin_Elbe","Elbe (whole basin)","lioness","EUS_432",0.412192539050183,0.522413360248696,1116,0.890709461550357,998.606817036361,0.888851033296898
"conc","Basin_Elbe","Elbe (whole basin)","lioness","EUS_433",0.138470820645343,0.819225333444267,1116,0.435199809426489,848.759079787095,0.42808796119478
"conc","Basin_Elbe","Elbe (whole basin)","lioness","EUS_434",-0.0255724426708593,1.29727254202012,1116,0.0997434618127768,1111.56940442201,0.129298575271102
"conc","Basin_Elbe","Elbe (whole basin)","lioness","EUS_435",0.216546512599858,0.659493338031685,1116,0.62422627861163,803.922234312411,0.611736168407864
"conc","Basin_Elbe","Elbe (whole basin)","lioness","EUS_436",0.156884571135864,0.893013559158755,1116,0.768780545728958,940.684026099817,0.73770298378562
"conc","Basin_Elbe","Elbe (whole basin)","lioness","EUS_437",0.386292806758869,0.892786312777957,1116,0.892743268570686,1007.72438756839,0.891874469023065
"conc","Basin_Elbe","Elbe (whole basin)","lioness","EUS_438",0.280543936777994,0.717589878073179,1116,0.877859126561437,996.139963638867,0.872546597994245
"conc","Basin_Elbe","Elbe (whole basin)","lioness","EUS_439",0.216905239967049,0.852965116036852,1116,0.680774663962632,1067.50432634437,0.627289340260333
"conc","Basin_Elbe","Elbe (whole basin)","lioness","EUS_440",-0.0283597078686775,1.80448417700218,1116,0.344578840109565,966.294418891201,0.324340289273505
"conc","Basin_Elbe","Elbe (whole basin)","lioness","EUS_441",0.261470017024796,0.892880384840122,1116,0.830591238020178,971.630860634415,0.826510260782945
"conc","Basin_Elbe","Elbe (whole basin)","lioness","EUS_444",0.136978628719493,0.983914724968871,1116,0.703505302635937,900.816950021439,0.664751904917483
"conc","Basin_Elbe","Elbe (whole basin)","lioness","EUS_445",-0.162769208377937,3.26556837399172,1116,0.64004014898088,1025.21066189175,0.722917466217794
"conc","Basin_Elbe","Elbe (whole basin)","bonobo","EUS_018",0.184461752770365,0.263542692259835,1116,0.636112303077957,709.901330235001,0.637854428963565
"conc","Basin_Elbe","Elbe (whole basin)","bonobo","EUS_019",0.193056976932158,0.231667306173043,1116,0.606365890163342,676.704333422289,0.616336298823556
"conc","Basin_Elbe","Elbe (whole basin)","bonobo","EUS_020",0.224278703722536,0.217944645603056,1116,0.640340732792905,714.620257796882,0.648025714973998
"conc","Basin_Elbe","Elbe (whole basin)","bonobo","EUS_021",0.276384339416039,0.213887723143736,1116,0.690902942770735,771.04768413214,0.691327570055554
"conc","Basin_Elbe","Elbe (whole basin)","bonobo","EUS_022",0.206227167961254,0.227203489345086,1116,0.62497586387361,697.541147819633,0.631294962397145
"conc","Basin_Elbe","Elbe (whole basin)","bonobo","EUS_023",0.192365559157316,0.281483638646271,1116,0.662424237599059,739.26544916055,0.650111200713772
"conc","Basin_Elbe","Elbe (whole basin)","bonobo","EUS_024",0.23980363998831,0.217515433602776,1116,0.654902959322803,730.871702604248,0.654930961178451
"conc","Basin_Elbe","Elbe (whole basin)","bonobo","EUS_025",0.238616539668337,0.216971802609552,1116,0.648232553717873,723.427529949146,0.648677275283586
"conc","Basin_Elbe","Elbe (whole basin)","bonobo","EUS_026",0.275570563619877,0.216652547386967,1116,0.688663848038817,768.54885441132,0.687761335874615
"conc","Basin_Elbe","Elbe (whole basin)","bonobo","EUS_027",0.193275955589125,0.225065137296612,1116,0.603012122319887,672.961528508994,0.633557267297587
"conc","Basin_Elbe","Elbe (whole basin)","bonobo","EUS_028",0.238854613666,0.210723087355588,1116,0.629698048162251,702.743021749072,0.634565085104245
"conc","Basin_Elbe","Elbe (whole basin)","bonobo","EUS_029",0.277563535091959,0.368201457939775,1116,0.766180252141097,855.148819912447,0.749308212599324
"conc","Basin_Elbe","Elbe (whole basin)","bonobo","EUS_030",0.180985316783301,0.242667023999643,1116,0.607595020597582,678.076042986901,0.61770742047769
"conc","Basin_Elbe","Elbe (whole basin)","bonobo","EUS_031",0.221494074078296,0.213841842859497,1116,0.628224737086296,701.098806588306,0.636759815789682
"conc","Basin_Elbe","Elbe (whole basin)","bonobo","EUS_032",0.267476580830708,0.329029447447583,1116,0.734726091364331,819.987324910574,0.719461865561331
"conc","Basin_Elbe","Elbe (whole basin)","bonobo","EUS_033",0.190995060317251,0.235037145579027,1116,0.61668834136512,688.224188963474,0.634471926581188
"conc","Basin_Elbe","Elbe (whole basin)","bonobo","EUS_034",0.259364043203404,0.216174777798627,1116,0.67313434769455,751.217932027118,0.670310117666345
"conc","Basin_Elbe","Elbe (whole basin)","bonobo","EUS_035",0.239931865158154,0.216681642216442,1116,0.655957312433782,732.0483606761,0.652437332533451
"conc","Basin_Elbe","Elbe (whole basin)","bonobo","EUS_036",0.249070899496105,0.208370214627247,1116,0.642555517717832,717.091957773101,0.645161901665626
"conc","Basin_Elbe","Elbe (whole basin)","bonobo","EUS_037",0.193877479193539,0.233617958988031,1116,0.615182208972688,686.54334521352,0.620650968319877
"conc","Basin_Elbe","Elbe (whole basin)","bonobo","EUS_038",0.213053027751748,0.258318740728296,1116,0.676069049370395,754.49305909736,0.672722092189276
"conc","Basin_Elbe","Elbe (whole basin)","bonobo","EUS_039",0.197078252549589,0.220454391664605,1116,0.616596797307279,688.122025794923,0.629621533085854
"conc","Basin_Elbe","Elbe (whole basin)","bonobo","EUS_040",0.276952122689675,0.210891636263501,1116,0.682331899110324,761.482399407121,0.680431529735215
"conc","Basin_Elbe","Elbe (whole basin)","bonobo","EUS_041",0.191268167297122,0.230316079167881,1116,0.614231351572662,685.482188355091,0.630582931140511
"conc","Basin_Elbe","Elbe (whole basin)","bonobo","EUS_042",0.192291012753483,0.245743611666178,1116,0.622085979977231,694.24795365459,0.632134221262352
"conc","Basin_Elbe","Elbe (whole basin)","bonobo","EUS_043",0.189631294978633,0.239270567467749,1116,0.618189213323642,689.899162069185,0.628358156859717
"conc","Basin_Elbe","Elbe (whole basin)","bonobo","EUS_044",0.182772956432724,0.239655761973525,1116,0.583402861514427,651.087442073465,0.597284683842104
"conc","Basin_Elbe","Elbe (whole basin)","bonobo","EUS_045",0.186301681382016,0.238316070554582,1116,0.593231000294398,662.045796328548,0.602348974135433
"conc","Basin_Elbe","Elbe (whole basin)","bonobo","EUS_046",0.193843168028031,0.219090508323423,1116,0.580054183265084,647.340468523834,0.581177334325415
"conc","Basin_Elbe","Elbe (whole basin)","bonobo","EUS_047",0.239347805188981,0.24138634591191,1116,0.674516439308081,752.760346267819,0.670198673264937
"conc","Basin_Elbe","Elbe (whole basin)","bonobo","EUS_048",0.235335556828092,0.241709410350661,1116,0.667906631144342,745.383800357086,0.665751787421436
"conc","Basin_Elbe","Elbe (whole basin)","bonobo","EUS_049",0.208466818375281,0.236226836908076,1116,0.634824315938081,708.463936586898,0.628674811378447
"conc","Basin_Elbe","Elbe (whole basin)","bonobo","EUS_050",0.206370636688912,0.233848294925641,1116,0.635450945217328,709.163254862539,0.634419601515892
"conc","Basin_Elbe","Elbe (whole basin)","bonobo","EUS_052",0.273842768103545,0.214961547945602,1116,0.692280630882505,772.585184064876,0.69204401321064
"conc","Basin_Elbe","Elbe (whole basin)","bonobo","EUS_053",0.187210298817539,0.244468490773011,1116,0.611722165814772,682.681937049286,0.616733953207404
"conc","Basin_Elbe","Elbe (whole basin)","bonobo","EUS_054",0.18681336597974,0.263660856764646,1116,0.606304632682665,676.635970073854,0.603184913168718
"conc","Basin_Elbe","Elbe (whole basin)","bonobo","EUS_055",0.220386510700393,0.237712550793367,1116,0.654140692887914,730.021013262912,0.651933851755028
"conc","Basin_Elbe","Elbe (whole basin)","bonobo","EUS_056",0.216665215510668,0.27001261577065,1116,0.652663299876077,728.372242661702,0.639546081960755
"conc","Basin_Elbe","Elbe (whole basin)","bonobo","EUS_057",0.187377077846745,0.263858568334188,1116,0.600274609111763,670.13497513663,0.602016756171617
"conc","Basin_Elbe","Elbe (whole basin)","bonobo","EUS_058",0.198158253284536,0.222824076882541,1116,0.612781385053133,683.864025719296,0.62508059210873
"conc","Basin_Elbe","Elbe (whole basin)","bonobo","EUS_059",0.193417527615658,0.222879421284184,1116,0.612836377287932,683.925397053332,0.616163465570382
"conc","Basin_Elbe","Elbe (whole basin)","bonobo","EUS_060",0.193119061403562,0.233481987983618,1116,0.626712617176446,699.411280768914,0.621754850549157
"conc","Basin_Elbe","Elbe (whole basin)","bonobo","EUS_061",0.192618915213276,0.231254038185937,1116,0.616760750955316,688.304998066133,0.61612945112428
"conc","Basin_Elbe","Elbe (whole basin)","bonobo","EUS_062",0.230575717345921,0.223180843461534,1116,0.645455938217318,720.328827050527,0.639558072638553
"conc","Basin_Elbe","Elbe (whole basin)","bonobo","EUS_063",0.194154259400437,0.23777361951369,1116,0.625114699532662,697.62800467845,0.62191631685807
"conc","Basin_Elbe","Elbe (whole basin)","bonobo","EUS_064",0.202270694661099,0.212649713851593,1116,0.608872416378979,679.501616678941,0.617717003574097
"conc","Basin_Elbe","Elbe (whole basin)","bonobo","EUS_065",0.191943620518521,0.232200018392282,1116,0.60187107076658,671.688114975503,0.604393960532944
"conc","Basin_Elbe","Elbe (whole basin)","bonobo","EUS_066",0.186809193067764,0.241906365621849,1116,0.611085973032403,681.971945904162,0.60900211903478
"conc","Basin_Elbe","Elbe (whole basin)","bonobo","EUS_067",0.193423353384508,0.249919181862901,1116,0.621263344681129,693.32989266414,0.619069924800495
"conc","Basin_Elbe","Elbe (whole basin)","bonobo","EUS_068",0.191470086191955,0.244310645411764,1116,0.617041441988669,688.618249259355,0.612195379328362
"conc","Basin_Elbe","Elbe (whole basin)","bonobo","EUS_069",0.21097698262792,0.261133761725471,1116,0.618685748543682,690.453295374749,0.613903590128642
"conc","Basin_Elbe","Elbe (whole basin)","bonobo","EUS_079",0.187862747239741,0.23762345198463,1116,0.589378390693369,657.746284013799,0.59038651286999
"conc","Basin_Elbe","Elbe (whole basin)","bonobo","EUS_080",0.196213881751612,0.219747716552917,1116,0.597143930685651,666.412626645186,0.595202854024928
"conc","Basin_Elbe","Elbe (whole basin)","bonobo","EUS_081",0.189492455020504,0.230986132853147,1116,0.600316867497162,669.953624126833,0.604134488953835
"conc","Basin_Elbe","Elbe (whole basin)","bonobo","EUS_101",0.217260678833367,0.295069600824344,1116,0.675593284710531,753.962105736952,0.659952666389127
"conc","Basin_Elbe","Elbe (whole basin)","bonobo","EUS_147",0.237413195111715,0.234472264854025,1116,0.660160987397492,736.79370387965,0.654743225122959
"conc","Basin_Elbe","Elbe (whole basin)","bonobo","EUS_148",0.204853618352299,0.256647781212795,1116,0.64840760527155,723.736585307036,0.645226693604438
"conc","Basin_Elbe","Elbe (whole basin)","bonobo","EUS_149",0.191998094338667,0.235420048844921,1116,0.60563439390942,675.887983602913,0.604741716732626
"conc","Basin_Elbe","Elbe (whole basin)","bonobo","EUS_150",0.271746654706134,0.333255022596677,1116,0.722969075410534,806.877938940958,0.720454696598233
"conc","Basin_Elbe","Elbe (whole basin)","bonobo","EUS_151",0.192260541912664,0.249446995800027,1116,0.590977171747524,659.617594279616,0.586853265742515
"conc","Basin_Elbe","Elbe (whole basin)","bonobo","EUS_152",0.206300720987628,0.270365888033215,1116,0.660950748982862,737.621035864874,0.655513287841834
"conc","Basin_Elbe","Elbe (whole basin)","bonobo","EUS_153",0.177933600941711,0.281559255368136,1116,0.63030707907071,703.813615862864,0.626039612996555
"conc","Basin_Elbe","Elbe (whole basin)","bonobo","EUS_154",0.233098626007697,0.247271555286893,1116,0.671149249682702,749.002562645896,0.6664599501462
"conc","Basin_Elbe","Elbe (whole basin)","bonobo","EUS_155",0.215001985010842,0.255536408836441,1116,0.662189090640037,739.003025154281,0.658635191875984
"conc","Basin_Elbe","Elbe (whole basin)","bonobo","EUS_156",0.195911525328106,0.224951165610734,1116,0.60701516839323,677.428927926844,0.615324357208704
"conc","Basin_Elbe","Elbe (whole basin)","bonobo","EUS_157",0.2307720063606,0.245147440068859,1116,0.658563034454729,735.221423888638,0.653791179400488
"conc","Basin_Elbe","Elbe (whole basin)","bonobo","EUS_200",0.197891262667018,0.26151922555794,1116,0.587664365125347,655.869658117775,0.594942352195413
"conc","Basin_Elbe","Elbe (whole basin)","bonobo","EUS_201",0.254756237411486,0.228224453207401,1116,0.681892020309259,760.991494665133,0.681764855253638
"conc","Basin_Elbe","Elbe (whole basin)","bonobo","EUS_202",0.260839274854622,0.314266478851825,1116,0.700421176073537,781.742678179548,0.696094100105713
"conc","Basin_Elbe","Elbe (whole basin)","bonobo","EUS_203",0.207032704388513,0.235789607372294,1116,0.623316225068535,695.620907176485,0.621795042985904
"conc","Basin_Elbe","Elbe (whole basin)","bonobo","EUS_204",0.197134047582078,0.219403006101379,1116,0.604342561404532,674.446298527458,0.607239689871639
"conc","Basin_Elbe","Elbe (whole basin)","bonobo","EUS_205",0.256312302301902,0.224177220049411,1116,0.680988163234147,759.982790169308,0.678467187184342
"conc","Basin_Elbe","Elbe (whole basin)","bonobo","EUS_206",0.18918838716799,0.25913498807355,1116,0.630396508087441,703.522503025584,0.637011813396579
"conc","Basin_Elbe","Elbe (whole basin)","bonobo","EUS_207",0.210415285024563,0.287642094113861,1116,0.668306418468404,745.829963010738,0.669027834102774
"conc","Basin_Elbe","Elbe (whole basin)","bonobo","EUS_208",0.270762742850033,0.219760624746818,1116,0.687474833738982,767.221914452703,0.687657883273378
"conc","Basin_Elbe","Elbe (whole basin)","bonobo","EUS_209",0.217420796575377,0.215869061317934,1116,0.617922348459644,689.601340880962,0.615058150999569
"conc","Basin_Elbe","Elbe (whole basin)","bonobo","EUS_210",0.206850035007427,0.251228697457082,1116,0.648746410124927,724.000993699418,0.642027161377884
"conc","Basin_Elbe","Elbe (whole basin)","bonobo","EUS_211",0.211154237473689,0.220194431810299,1116,0.619632888977315,691.510304098684,0.619367853101713
"conc","Basin_Elbe","Elbe (whole basin)","bonobo","EUS_212",0.209225854984929,0.22701464523887,1116,0.615370682827538,686.753682035532,0.611667254199307
"conc","Basin_Elbe","Elbe (whole basin)","bonobo","EUS_213",0.233726761079107,0.228287008292666,1116,0.647898998646164,723.055282489119,0.647314358818928
"conc","Basin_Elbe","Elbe (whole basin)","bonobo","EUS_214",0.26761968109993,0.223425060433429,1116,0.687558713974589,767.315524795642,0.687540262172003
"conc","Basin_Elbe","Elbe (whole basin)","bonobo","EUS_215",0.31019958693895,0.315159794708015,1116,0.740548803556051,826.681154440605,0.733848677598086
"conc","Basin_Elbe","Elbe (whole basin)","bonobo","EUS_235",0.251200281263889,0.231575831973732,1116,0.671975006570595,749.924107332784,0.670563560185626
"conc","Basin_Elbe","Elbe (whole basin)","bonobo","EUS_240",0.185353553681546,0.236881770316505,1116,0.617312539865923,689.806992472812,0.613547659149526
"conc","Basin_Elbe","Elbe (whole basin)","bonobo","EUS_241",0.195641590742725,0.244731538169749,1116,0.628693636307097,701.62209811872,0.626731019966429
"conc","Basin_Elbe","Elbe (whole basin)","bonobo","EUS_242",0.203404162062111,0.303841615649816,1116,0.700600580152835,782.267137249703,0.699999745455361
"conc","Basin_Elbe","Elbe (whole basin)","bonobo","EUS_243",0.253744350563555,0.295160041657447,1116,0.685542819669526,765.065786751191,0.689477651358357
"conc","Basin_Elbe","Elbe (whole basin)","bonobo","EUS_244",0.281440072076773,0.348678008005252,1116,0.775614645595695,865.614964596438,0.768911548333829
"conc","Basin_Elbe","Elbe (whole basin)","bonobo","EUS_245",0.2714864379842,0.341038258476515,1116,0.782590496060373,873.370993603376,0.782386373326915
"conc","Basin_Elbe","Elbe (whole basin)","bonobo","EUS_249",0.203539963380001,0.259769430244414,1116,0.644683786850854,719.467106125553,0.632861882550619
"conc","Basin_Elbe","Elbe (whole basin)","bonobo","EUS_250",0.209637869166996,0.212425845394594,1116,0.614117160628871,685.35475126182,0.614728062444974
"conc","Basin_Elbe","Elbe (whole basin)","bonobo","EUS_253",0.265071201027167,0.3324796869161,1116,0.76114410252849,849.436818421795,0.758807550623727
"conc","Basin_Elbe","Elbe (whole basin)","bonobo","EUS_254",0.289520976425358,0.365786879138052,1116,0.794404733476004,886.670625175806,0.79223276468625
"conc","Basin_Elbe","Elbe (whole basin)","bonobo","EUS_255",0.201212190724518,0.241737423412265,1116,0.636928989042146,710.846886120273,0.631845304205107
"conc","Basin_Elbe","Elbe (whole basin)","bonobo","EUS_256",0.208091221399995,0.23532412759967,1116,0.637869123223543,711.861941517474,0.633026685020986
"conc","Basin_Elbe","Elbe (whole basin)","bonobo","EUS_257",0.205156034882689,0.245471971872916,1116,0.637152288556189,711.061954028707,0.634562659663975
"conc","Basin_Elbe","Elbe (whole basin)","bonobo","EUS_267",0.193966466009523,0.226133610923129,1116,0.600614886317204,670.28621313,0.601992168119565
"conc","Basin_Elbe","Elbe (whole basin)","bonobo","EUS_268",0.190321401124971,0.226345991725835,1116,0.595135183424758,664.17086470203,0.600683929167887
"conc","Basin_Elbe","Elbe (whole basin)","bonobo","EUS_269",0.18913245564493,0.23466560968331,1116,0.598463729247034,668.125516907636,0.602912737851248
"conc","Basin_Elbe","Elbe (whole basin)","bonobo","EUS_270",0.213375471777011,0.25546299168661,1116,0.666170740068773,743.44654591675,0.65732340741697
"conc","Basin_Elbe","Elbe (whole basin)","bonobo","EUS_271",0.266991851962938,0.221824586640561,1116,0.686201955922448,765.801382809452,0.68424993671943
"conc","Basin_Elbe","Elbe (whole basin)","bonobo","EUS_272",0.212293185363348,0.256610906477774,1116,0.666452250795534,743.922037011511,0.658909442320261
"conc","Basin_Elbe","Elbe (whole basin)","bonobo","EUS_273",0.20593303010802,0.246132220278161,1116,0.63552697812198,709.248107584129,0.63639761165945
"conc","Basin_Elbe","Elbe (whole basin)","bonobo","EUS_274",0.201620183394714,0.248726070666514,1116,0.646814707967133,721.845214091321,0.64868495203809
"conc","Basin_Elbe","Elbe (whole basin)","bonobo","EUS_275",0.202913795496826,0.246381389799728,1116,0.652627683998836,728.332495342701,0.648565575497123
"conc","Basin_Elbe","Elbe (whole basin)","bonobo","EUS_276",0.200983618498644,0.242452391563139,1116,0.647728419994872,722.864916714277,0.645845655465782
"conc","Basin_Elbe","Elbe (whole basin)","bonobo","EUS_277",0.200030316663038,0.242221034784701,1116,0.651205363477069,726.745185640409,0.653488220303721
"conc","Basin_Elbe","Elbe (whole basin)","bonobo","EUS_278",0.20098960292502,0.246306454482221,1116,0.653588840804113,729.405146337391,0.65659334710661
"conc","Basin_Elbe","Elbe (whole basin)","bonobo","EUS_279",0.199476461609563,0.240320151713797,1116,0.648870718018282,724.139721308403,0.654362693019609
"conc","Basin_Elbe","Elbe (whole basin)","bonobo","EUS_280",0.197099613750161,0.234090911699085,1116,0.644073327587668,718.785833587837,0.649213367100688
"conc","Basin_Elbe","Elbe (whole basin)","bonobo","EUS_281",0.195595564078055,0.221614409170678,1116,0.619058776029002,690.869594048366,0.633273557336945
"conc","Basin_Elbe","Elbe (whole basin)","bonobo","EUS_282",0.195854954252115,0.238530141129262,1116,0.639099715092482,713.23528204321,0.656831161917614
"conc","Basin_Elbe","Elbe (whole basin)","bonobo","EUS_283",0.195585973272207,0.236890522377723,1116,0.636059361670672,709.84224762447,0.658268760572715
"conc","Basin_Elbe","Elbe (whole basin)","bonobo","EUS_284",0.19954528361746,0.240618762728235,1116,0.641038039763086,715.398452375604,0.663699096435437
"conc","Basin_Elbe","Elbe (whole basin)","bonobo","EUS_285",0.196844874261847,0.238406181889284,1116,0.629325869511576,702.327670374918,0.640621017629609
"conc","Basin_Elbe","Elbe (whole basin)","bonobo","EUS_286",0.193186785108425,0.227969160466662,1116,0.615973652449956,687.426596134151,0.622031544651796
"conc","Basin_Elbe","Elbe (whole basin)","bonobo","EUS_287",0.197145519631494,0.226959745225088,1116,0.632158382269477,705.488754612736,0.647807312546663
"conc","Basin_Elbe","Elbe (whole basin)","bonobo","EUS_288",0.194453136452329,0.228461101856393,1116,0.624857162934687,697.34059383511,0.637263356279285
"conc","Basin_Elbe","Elbe (whole basin)","bonobo","EUS_289",0.203388136391836,0.238346709163749,1116,0.641297249645595,715.687730604484,0.642852109508918
"conc","Basin_Elbe","Elbe (whole basin)","bonobo","EUS_290",0.194395622733167,0.229485666939646,1116,0.626796735624075,699.505156956468,0.631307850330255
"conc","Basin_Elbe","Elbe (whole basin)","bonobo","EUS_291",0.195295464628233,0.24138681133251,1116,0.637392970449644,711.330555021803,0.639118044814185
"conc","Basin_Elbe","Elbe (whole basin)","bonobo","EUS_292",0.200205246169223,0.247039124841338,1116,0.63981700703234,714.035779848091,0.638115037704557
"conc","Basin_Elbe","Elbe (whole basin)","bonobo","EUS_293",0.194647693270031,0.245915370857345,1116,0.63368518819077,707.192670020899,0.64190564787683
"conc","Basin_Elbe","Elbe (whole basin)","bonobo","EUS_294",0.194333225601569,0.240973019362218,1116,0.630207718516725,703.311813864665,0.632529866599434
"conc","Basin_Elbe","Elbe (whole basin)","bonobo","EUS_295",0.191580374712464,0.243435289184644,1116,0.628896695509502,701.848712188605,0.641540037598512
"conc","Basin_Elbe","Elbe (whole basin)","bonobo","EUS_296",0.19212868126122,0.240876844838737,1116,0.623564513961103,695.897997580591,0.632061218378858
"conc","Basin_Elbe","Elbe (whole basin)","bonobo","EUS_297",0.195801158850323,0.220481780643026,1116,0.612911132894802,684.008824310599,0.626833184477824
"conc","Basin_Elbe","Elbe (whole basin)","bonobo","EUS_298",0.204075153687528,0.258650343980875,1116,0.643668659782205,718.334224316941,0.646039899919416
"conc","Basin_Elbe","Elbe (whole basin)","bonobo","EUS_299",0.191229135863762,0.257628619999458,1116,0.633682018482008,707.18913262592,0.660559854854365
"conc","Basin_Elbe","Elbe (whole basin)","bonobo","EUS_300",0.195718089896606,0.222658962245042,1116,0.624736641093044,697.206091459838,0.62520084683307
"conc","Basin_Elbe","Elbe (whole basin)","bonobo","EUS_372",0.270435459316695,0.222412426139005,1116,0.689728917692126,769.737472144413,0.6895674258836
"conc","Basin_Elbe","Elbe (whole basin)","bonobo","EUS_373",0.245443385905165,0.246597721762507,1116,0.692223260663522,772.521158900491,0.692681027762133
"conc","Basin_Elbe","Elbe (whole basin)","bonobo","EUS_374",0.224322133714419,0.244385203483502,1116,0.663144224754949,740.068954826524,0.659117953722539
"conc","Basin_Elbe","Elbe (whole basin)","bonobo","EUS_424",0.235055849952197,0.245272770474228,1116,0.685723652580643,765.267596279998,0.684418232891742
"conc","Basin_Elbe","Elbe (whole basin)","bonobo","EUS_425",0.240725704615402,0.246180994745529,1116,0.682206314465816,761.342246943851,0.679696427849121
"conc","Basin_Elbe","Elbe (whole basin)","bonobo","EUS_426",0.194596950187455,0.242156794259267,1116,0.619784454721866,691.679451469602,0.617392774429808
"conc","Basin_Elbe","Elbe (whole basin)","bonobo","EUS_427",0.195559752812358,0.240802940528177,1116,0.613528799967624,684.698140763868,0.621371495680348
"conc","Basin_Elbe","Elbe (whole basin)","bonobo","EUS_428",0.239616548758801,0.248807862277968,1116,0.684938710459196,764.391600872462,0.68733629632207
"conc","Basin_Elbe","Elbe (whole basin)","bonobo","EUS_429",0.193916351146917,0.241901392194474,1116,0.609996651928642,680.756263552365,0.605415591392204
"conc","Basin_Elbe","Elbe (whole basin)","bonobo","EUS_430",0.247138589952909,0.242654610918939,1116,0.689335757163141,769.298704994066,0.68889089614807
"conc","Basin_Elbe","Elbe (whole basin)","bonobo","EUS_431",0.217854282153843,0.248602612689304,1116,0.643623505003455,718.283831583856,0.64923245003504
"conc","Basin_Elbe","Elbe (whole basin)","bonobo","EUS_432",0.255067324220748,0.234822813556296,1116,0.692352514306715,772.665405966294,0.692194383071514
"conc","Basin_Elbe","Elbe (whole basin)","bonobo","EUS_433",0.209584619463764,0.228542956647583,1116,0.612861535762597,683.953473911058,0.613590312621447
"conc","Basin_Elbe","Elbe (whole basin)","bonobo","EUS_434",0.180321761620637,0.241948632892516,1116,0.563673857997747,629.118542135993,0.575293114041994
"conc","Basin_Elbe","Elbe (whole basin)","bonobo","EUS_435",0.221576971789228,0.233521760876646,1116,0.645919053048134,720.845663201718,0.644941800209776
"conc","Basin_Elbe","Elbe (whole basin)","bonobo","EUS_436",0.212506300958042,0.257899445869497,1116,0.671995385687477,749.946850427224,0.667230259185383
"conc","Basin_Elbe","Elbe (whole basin)","bonobo","EUS_437",0.25553038257827,0.248785395085217,1116,0.69278797329753,773.151378200043,0.692846802743582
"conc","Basin_Elbe","Elbe (whole basin)","bonobo","EUS_438",0.233481163427715,0.253891942217347,1116,0.690051994348259,770.098025692657,0.689252437594017
"conc","Basin_Elbe","Elbe (whole basin)","bonobo","EUS_439",0.224299577555447,0.249379354391683,1116,0.660671279987393,737.309148465931,0.653296534862736
"conc","Basin_Elbe","Elbe (whole basin)","bonobo","EUS_440",0.180237697045206,0.272785319007719,1116,0.602926665234759,672.982394422932,0.601184331129475
"conc","Basin_Elbe","Elbe (whole basin)","bonobo","EUS_441",0.23463240839847,0.250921866421018,1116,0.682064806373972,761.184323913353,0.681886212476179
"conc","Basin_Elbe","Elbe (whole basin)","bonobo","EUS_444",0.210963424231757,0.26243919784858,1116,0.660968218172469,737.640531480475,0.655563919367579
"conc","Basin_Elbe","Elbe (whole basin)","bonobo","EUS_445",0.176886800679297,0.294916104035034,1116,0.626969407033283,699.701021841849,0.630852462591964
"conc","Basin_Danube","Danube (whole basin)","lioness","EUS_001",-0.099124383327476,1.43086187979434,752,0.372709244327954,780.832583078706,0.481874233374606
"conc","Basin_Danube","Danube (whole basin)","lioness","EUS_002",0.12627727706939,0.776117726042011,752,0.452540689882725,601.507177497285,0.453215856469148
"conc","Basin_Danube","Danube (whole basin)","lioness","EUS_003",0.405092971217951,2.24276955910199,752,0.996013750989387,1324.86255457942,0.947559356711536
"conc","Basin_Danube","Danube (whole basin)","lioness","EUS_004",0.00506795234820452,0.927887082398229,752,0.346330026599281,561.92581406556,0.358620976559284
"conc","Basin_Danube","Danube (whole basin)","lioness","EUS_005",0.00107883271313022,0.895000466604428,752,0.291846770573069,568.038278285486,0.318673322036275
"conc","Basin_Danube","Danube (whole basin)","lioness","EUS_006",0.19812809611443,0.667917110094855,752,0.433271705504867,600.599389135818,0.426110664254304
"conc","Basin_Danube","Danube (whole basin)","lioness","EUS_007",0.328624678446778,0.543120507006442,752,0.724709208330847,610.934807432836,0.724414646686208
"conc","Basin_Danube","Danube (whole basin)","lioness","EUS_008",0.353299653874814,0.467747654902044,752,0.72291294202592,568.06117318033,0.741006502860928
"conc","Basin_Danube","Danube (whole basin)","lioness","EUS_009",0.240840777021393,0.679528296654118,752,0.640249804820102,616.644802913693,0.618717242189759
"conc","Basin_Danube","Danube (whole basin)","lioness","EUS_010",0.441153826541795,0.543180938451521,752,0.832216632648809,652.831528335406,0.872542465486801
"conc","Basin_Danube","Danube (whole basin)","lioness","EUS_011",0.400646498824195,0.517455120048064,752,0.839955580203754,643.714837071541,0.878625646682012
"conc","Basin_Danube","Danube (whole basin)","lioness","EUS_012",0.334023559914328,0.621036217358661,752,0.697973889609573,592.48652248088,0.701065762261846
"conc","Basin_Danube","Danube (whole basin)","lioness","EUS_013",0.417789211561951,0.539188546373598,752,0.782298846564655,655.481061406177,0.81159294015797
"conc","Basin_Danube","Danube (whole basin)","lioness","EUS_051",0.219039253860823,0.908914769512581,752,0.748672503520218,617.125780157049,0.808525522668389
"conc","Basin_Danube","Danube (whole basin)","lioness","EUS_082",0.151343014108022,1.8648332928832,752,0.391740981962621,648.567305789428,0.421491769231239
"conc","Basin_Danube","Danube (whole basin)","lioness","EUS_096",0.0772128643039207,0.77159503643045,752,0.411381150026051,516.987182523584,0.405122840508722
"conc","Basin_Danube","Danube (whole basin)","lioness","EUS_097",0.0660866082511166,0.94100746103358,752,0.463282394840663,484.366406454949,0.474138663797991
"conc","Basin_Danube","Danube (whole basin)","lioness","EUS_103",0.228349994413395,0.779432762287014,752,0.654751996466715,623.795205340707,0.691381142201039
"conc","Basin_Danube","Danube (whole basin)","lioness","EUS_104",0.15820617488767,0.74706942536511,752,0.423110378177838,564.368866763897,0.40800661853649
"conc","Basin_Danube","Danube (whole basin)","lioness","EUS_105",0.0368533738381514,0.81323757582913,752,0.413719896448391,549.687446477174,0.450929434322224
"conc","Basin_Danube","Danube (whole basin)","lioness","EUS_106",0.0309214461578587,0.841676193780933,752,0.399806764232334,575.624889039474,0.426044884733349
"conc","Basin_Danube","Danube (whole basin)","lioness","EUS_107",0.17688363645464,0.825655562776484,752,0.601870878885914,588.84810088792,0.60823016191016
"conc","Basin_Danube","Danube (whole basin)","lioness","EUS_108",0.0397692563838474,1.79096927513949,752,0.407678755190826,951.398731716353,0.434346633117422
"conc","Basin_Danube","Danube (whole basin)","lioness","EUS_109",0.0980601165710303,0.972619455659508,752,0.49218288253469,636.36064455458,0.510832246620127
"conc","Basin_Danube","Danube (whole basin)","lioness","EUS_110",0.292627401193336,1.73543519152814,752,0.606727156762341,953.221698144682,0.671724728393559
"conc","Basin_Danube","Danube (whole basin)","lioness","EUS_158",0.0670315113176102,0.712762909662722,752,0.345276530610993,528.198569085873,0.376336650296798
"conc","Basin_Danube","Danube (whole basin)","lioness","EUS_159",0.0749341779754864,0.716524959427919,752,0.342597293982018,488.788343992279,0.381956262012891
"conc","Basin_Danube","Danube (whole basin)","lioness","EUS_160",0.0965564480926771,1.10062513351466,752,0.459879831237829,735.489525645733,0.50568563781876
"conc","Basin_Danube","Danube (whole basin)","lioness","EUS_161",0.111302676695471,1.32341117032757,752,0.401531614462443,678.832682231674,0.373622278766408
"conc","Basin_Danube","Danube (whole basin)","lioness","EUS_162",0.165529651805594,0.617397484667984,752,0.431786662919031,499.788031356918,0.451474338531633
"conc","Basin_Danube","Danube (whole basin)","lioness","EUS_163",0.164423685680785,0.527329625195453,752,0.528079884883311,480.895525849896,0.565990696383763
"conc","Basin_Danube","Danube (whole basin)","lioness","EUS_164",0.0229118615909948,1.31662267596137,752,0.43233458253215,599.535628019714,0.49454145801047
"conc","Basin_Danube","Danube (whole basin)","lioness","EUS_165",0.282676489590647,0.583882087599104,752,0.622128381606232,600.731760432058,0.662205665268875
"conc","Basin_Danube","Danube (whole basin)","lioness","EUS_166",0.286162895208944,0.490165666553739,752,0.624538372319434,553.268686736748,0.648661801339555
"conc","Basin_Danube","Danube (whole basin)","lioness","EUS_167",0.203629527259262,0.395458864747701,752,0.585839099709564,486.429331442983,0.628931769127462
"conc","Basin_Danube","Danube (whole basin)","lioness","EUS_168",0.167905283925866,0.473081936719491,752,0.525144460322621,501.550953237752,0.579162152176821
"conc","Basin_Danube","Danube (whole basin)","lioness","EUS_169",0.225129297736753,0.681190483108302,752,0.589828168363293,515.257296859908,0.627930511059465
"conc","Basin_Danube","Danube (whole basin)","lioness","EUS_170",0.104053302410757,0.928693831387964,752,0.371377312745481,522.269792376746,0.401789531982839
"conc","Basin_Danube","Danube (whole basin)","lioness","EUS_171",0.310607618201605,0.518980957566144,752,0.623185357053907,574.029063514161,0.663564317979997
"conc","Basin_Danube","Danube (whole basin)","lioness","EUS_172",0.250898719709088,0.477248920219465,752,0.642637615833466,533.750874662091,0.651643038706659
"conc","Basin_Danube","Danube (whole basin)","lioness","EUS_173",2.24372467955606,4.2099756834398,752,2.30474579780203,1977.98073003571,2.33363878681708
"conc","Basin_Danube","Danube (whole basin)","lioness","EUS_174",0.119146225690211,1.70143616514548,752,0.470539623638023,856.449205696054,0.41330273979075
"conc","Basin_Danube","Danube (whole basin)","lioness","EUS_175",0.0943217712937156,0.557772930310923,752,0.405189802574584,455.980264102704,0.429960832214126
"conc","Basin_Danube","Danube (whole basin)","lioness","EUS_176",-0.018733250696552,0.981498324134759,752,0.22625908452006,679.06395986873,0.218291887975686
"conc","Basin_Danube","Danube (whole basin)","lioness","EUS_177",0.186035235030551,1.54085959994325,752,0.683644011833119,955.132982409038,0.643635407032793
"conc","Basin_Danube","Danube (whole basin)","lioness","EUS_178",0.102396480055629,0.546953378910649,752,0.484274151678954,495.327654430987,0.534193410687604
"conc","Basin_Danube","Danube (whole basin)","lioness","EUS_179",0.0504657573016653,0.806756912390179,752,0.395142870150383,560.992760429522,0.406605232081184
"conc","Basin_Danube","Danube (whole basin)","lioness","EUS_180",0.123561139951054,0.845803255406638,752,0.551410544255341,509.543762373914,0.606788093176113
"conc","Basin_Danube","Danube (whole basin)","lioness","EUS_181",1.5169798496801,2.63482147988154,752,1.51201051321897,1450.91020573559,1.36458304334297
"conc","Basin_Danube","Danube (whole basin)","lioness","EUS_182",0.023270239527145,0.795098465592187,752,0.378657238920225,541.772093626965,0.415453475580897
"conc","Basin_Danube","Danube (whole basin)","lioness","EUS_183",2.53852606969422,4.44044195306333,752,2.23958677955039,2065.03778078733,2.2442142680792
"conc","Basin_Danube","Danube (whole basin)","lioness","EUS_301",0.166757470549845,0.503162868611481,752,0.437068620956222,575.049231027572,0.421843649549919
"conc","Basin_Danube","Danube (whole basin)","lioness","EUS_302",0.169091233043061,0.437026953516262,752,0.627457539725906,492.846362088593,0.640466238602184
"conc","Basin_Danube","Danube (whole basin)","lioness","EUS_303",0.143263166374786,0.461873931578517,752,0.63382056950319,501.696346104363,0.65455666637745
"conc","Basin_Danube","Danube (whole basin)","lioness","EUS_304",0.104659485444859,0.607381074684002,752,0.619129339662708,499.662360688745,0.651500936542059
"conc","Basin_Danube","Danube (whole basin)","lioness","EUS_305",0.23969071551906,0.624174993540884,752,0.680398292927354,572.974268548318,0.646026244743382
"conc","Basin_Danube","Danube (whole basin)","lioness","EUS_306",0.169797239796599,0.548519163774387,752,0.621118480931621,510.415940018758,0.622864021861102
"conc","Basin_Danube","Danube (whole basin)","lioness","EUS_307",0.179791105705472,0.505604378076279,752,0.666927647069202,522.883554575522,0.665256304397493
"conc","Basin_Danube","Danube (whole basin)","lioness","EUS_308",0.189495932402207,0.464991190514005,752,0.646628019682956,516.361841140335,0.638114268672483
"conc","Basin_Danube","Danube (whole basin)","lioness","EUS_309",0.140446468583557,0.610120158399323,752,0.603557825425458,506.443964146654,0.608899365302847
"conc","Basin_Danube","Danube (whole basin)","lioness","EUS_310",0.168276258880848,0.483423471105651,752,0.63953173183871,514.388777974175,0.643938119592426
"conc","Basin_Danube","Danube (whole basin)","lioness","EUS_311",0.0822992356185373,1.39308787551712,752,0.468101406103009,601.907087277076,0.469197637591395
"conc","Basin_Danube","Danube (whole basin)","lioness","EUS_312",0.17387241656559,1.01300535403982,752,0.551032783285148,547.224995877831,0.582093774727955
"conc","Basin_Danube","Danube (whole basin)","lioness","EUS_313",0.203442262623596,1.23477292862118,752,0.567487382637085,563.560051841382,0.622308141643997
"conc","Basin_Danube","Danube (whole basin)","lioness","EUS_314",0.117141126426395,0.606791302585175,752,0.592428975226416,504.228611055239,0.606195699522084
"conc","Basin_Danube","Danube (whole basin)","lioness","EUS_315",0.142596241739665,0.582497874282374,752,0.577127197771903,529.138524322409,0.572112758060427
"conc","Basin_Danube","Danube (whole basin)","lioness","EUS_316",0.119129896898448,0.601700241379625,752,0.604257647120621,495.363244037369,0.603519439384893
"conc","Basin_Danube","Danube (whole basin)","lioness","EUS_317",0.107654780134617,0.656347378468588,752,0.589167025088042,507.476214633925,0.609352095816764
"conc","Basin_Danube","Danube (whole basin)","lioness","EUS_318",0.107117902785518,0.566226071498945,752,0.597693140069225,498.785895309233,0.611251102315516
"conc","Basin_Danube","Danube (whole basin)","lioness","EUS_319",0.121687539661288,0.431684320125567,752,0.591749913083822,480.540763844918,0.622349415844422
"conc","Basin_Danube","Danube (whole basin)","lioness","EUS_320",0.115391909891549,0.485127748196898,752,0.570753738052064,483.046518803076,0.597543308771875
"conc","Basin_Danube","Danube (whole basin)","lioness","EUS_321",0.105872859613808,0.750938804286551,752,0.565942504173492,515.364456169899,0.615188322583888
"conc","Basin_Danube","Danube (whole basin)","lioness","EUS_322",0.117427369297812,0.479416435044471,752,0.617634346129927,501.552583922749,0.630494787527937
"conc","Basin_Danube","Danube (whole basin)","lioness","EUS_323",0.14241820695263,0.462792278404307,752,0.591951819796707,503.760096061671,0.609053882060684
"conc","Basin_Danube","Danube (whole basin)","lioness","EUS_324",0.120612371681064,0.478332457731049,752,0.587041504868232,476.602393240955,0.622180688438002
"conc","Basin_Danube","Danube (whole basin)","lioness","EUS_325",0.124171512383097,0.437380348409747,752,0.597018275956586,481.239530199657,0.608565233325618
"conc","Basin_Danube","Danube (whole basin)","lioness","EUS_326",0.129380330118315,0.473845240050003,752,0.605186592641115,497.261313817393,0.619285651287381
"conc","Basin_Danube","Danube (whole basin)","lioness","EUS_327",0.143753874448497,0.418862494317569,752,0.623017857016793,493.987858786793,0.648316605180831
"conc","Basin_Danube","Danube (whole basin)","lioness","EUS_328",0.121451864434424,0.483703733383832,752,0.600816108732408,491.512649442876,0.632411161626285
"conc","Basin_Danube","Danube (whole basin)","lioness","EUS_329",0.1319249587341,0.458936337493171,752,0.602492992314409,491.027122113601,0.627240857817394
"conc","Basin_Danube","Danube (whole basin)","lioness","EUS_330",0.188870099622904,0.393169339163548,752,0.623509818368053,496.854191409678,0.638709737713552
"conc","Basin_Danube","Danube (whole basin)","lioness","EUS_331",0.179707493123657,0.380992484220007,752,0.626828453498512,504.230721301355,0.644485501033781
"conc","Basin_Danube","Danube (whole basin)","lioness","EUS_332",0.116579893928717,0.527243951208162,752,0.594865180378783,493.115016619626,0.607205796339798
"conc","Basin_Danube","Danube (whole basin)","lioness","EUS_333",0.0689969971891041,0.841128891351962,752,0.545332950149045,508.812659458796,0.575573146333227
"conc","Basin_Danube","Danube (whole basin)","lioness","EUS_334",0.104204796686611,0.593016874294528,752,0.397413041675678,570.499475697765,0.40617910899993
"conc","Basin_Danube","Danube (whole basin)","lioness","EUS_335",0.120762603502879,0.579161712283725,752,0.502796668554339,511.240638500775,0.522249974076425
"conc","Basin_Danube","Danube (whole basin)","lioness","EUS_336",0.136934275593534,0.549488692577716,752,0.550554166484996,499.562821578532,0.558815860462151
"conc","Basin_Danube","Danube (whole basin)","lioness","EUS_337",0.120028644410888,0.523872397603856,752,0.60087598010395,504.982486350468,0.627200919028379
"conc","Basin_Danube","Danube (whole basin)","lioness","EUS_338",0.103614186090336,0.526500797963088,752,0.438434523991315,484.537794314352,0.448924588731909
"conc","Basin_Danube","Danube (whole basin)","lioness","EUS_339",0.0863585726666199,0.672029807622926,752,0.42878197676451,497.96027309073,0.43900604097855
"conc","Basin_Danube","Danube (whole basin)","lioness","EUS_340",0.154783682675823,0.401288379267411,752,0.62989584027721,488.250285172942,0.645124813122082
"conc","Basin_Danube","Danube (whole basin)","lioness","EUS_341",0.163324476643438,0.458959992964364,752,0.63161040185744,502.170663360709,0.647263438614777
"conc","Basin_Danube","Danube (whole basin)","lioness","EUS_342",0.138782536788775,0.552564719236096,752,0.458450763080183,463.095674738928,0.451912040766304
"conc","Basin_Danube","Danube (whole basin)","lioness","EUS_343",0.159053683411508,0.433761819885526,752,0.640661347830512,503.096007152416,0.660086709391096
"conc","Basin_Danube","Danube (whole basin)","lioness","EUS_344",0.0647828690231207,0.630387188147917,752,0.540722515079059,492.544623612029,0.578881537053361
"conc","Basin_Danube","Danube (whole basin)","lioness","EUS_345",0.137816274247765,0.535587794427725,752,0.570941185251162,489.755838488995,0.580275115708759
"conc","Basin_Danube","Danube (whole basin)","lioness","EUS_346",0.0986263344781437,1.25837524792167,752,0.416358870112316,571.785395470547,0.428490533604544
"conc","Basin_Danube","Danube (whole basin)","lioness","EUS_347",0.0848371622427083,0.751337020968966,752,0.631856786295586,519.241144121857,0.647805391642148
"conc","Basin_Danube","Danube (whole basin)","lioness","EUS_348",0.116512551418361,0.553328008619035,752,0.620903729008904,523.542791722128,0.639715793342496
"conc","Basin_Danube","Danube (whole basin)","lioness","EUS_349",0.0335463884212241,0.950128903771772,752,0.575330864217895,591.248960068173,0.547382268847706
"conc","Basin_Danube","Danube (whole basin)","lioness","EUS_350",0.0720225229124718,0.798493357050194,752,0.595459973487908,552.219477001897,0.589839991756201
"conc","Basin_Danube","Danube (whole basin)","lioness","EUS_351",0.118227599189551,0.593990588023243,752,0.641799612659595,525.757799459836,0.648182097230171
"conc","Basin_Danube","Danube (whole basin)","lioness","EUS_352",-0.0429084841878827,1.17419162412099,752,0.471687830797351,645.798943376569,0.597634580906604
"conc","Basin_Danube","Danube (whole basin)","lioness","EUS_353",0.0613378397147893,0.913659473672961,752,0.511505621226416,649.368388756559,0.596419598084591
"conc","Basin_Danube","Danube (whole basin)","lioness","EUS_354",0.166173460302786,0.748137744115176,752,0.570293016242819,555.737927402761,0.603419001459848
"conc","Basin_Danube","Danube (whole basin)","lioness","EUS_355",0.205177181548696,2.14149658354105,752,1.299073012104,1216.7207672854,1.34093697792946
"conc","Basin_Danube","Danube (whole basin)","lioness","EUS_356",0.0362050458830296,0.728553416144194,752,0.405967273238234,585.330921216941,0.508021744094351
"conc","Basin_Danube","Danube (whole basin)","lioness","EUS_357",0.180635278801881,0.446759411096646,752,0.558479189602767,471.932021853327,0.580303815868177
"conc","Basin_Danube","Danube (whole basin)","lioness","EUS_358",0.257209253055678,0.429868696424841,752,0.588260016055455,494.865539039742,0.597450556038061
"conc","Basin_Danube","Danube (whole basin)","lioness","EUS_359",0.0584775287921576,0.891081925173919,752,0.493543295418727,625.901776776047,0.483267731534795
"conc","Basin_Danube","Danube (whole basin)","lioness","EUS_360",0.260829020132107,1.94529058959229,752,1.65588371105744,1451.07957800221,1.71196963522101
"conc","Basin_Danube","Danube (whole basin)","lioness","EUS_361",0.0281103238857873,1.13149179176409,752,0.931635880881198,955.609534710581,0.95454449811093
"conc","Basin_Danube","Danube (whole basin)","lioness","EUS_362",0.0366674669484503,1.20811659803766,752,1.02451502675278,1034.95390269566,0.993939077446407
"conc","Basin_Danube","Danube (whole basin)","lioness","EUS_363",0.289380706928492,0.655225953788129,752,0.686125656849697,652.140509941599,0.751625761925052
"conc","Basin_Danube","Danube (whole basin)","lioness","EUS_364",0.587386508451376,2.93804851874373,752,2.39715456552663,2084.33659276313,2.22321659659497
"conc","Basin_Danube","Danube (whole basin)","lioness","EUS_365",0.0979876119519218,1.29902748732672,752,1.14541554705637,1074.21624013468,1.22749209857695
"conc","Basin_Danube","Danube (whole basin)","lioness","EUS_366",0.147413771500678,1.52782038812733,752,1.29246955279846,1209.30701517735,1.26475310838532
"conc","Basin_Danube","Danube (whole basin)","lioness","EUS_367",0.495750511580548,3.39839249967429,752,1.91238666451795,1968.23052351349,1.64704069458076
"conc","Basin_Danube","Danube (whole basin)","lioness","EUS_368",-0.0501040479158295,1.2730883309675,752,0.386760744449064,743.562340075881,0.348334677100057
"conc","Basin_Danube","Danube (whole basin)","lioness","EUS_369",0.170177065698046,0.793827395492064,752,0.606133825568752,625.092839211191,0.672496508137491
"conc","Basin_Danube","Danube (whole basin)","lioness","EUS_370",0.0984087958698262,0.538267361811026,752,0.539643899782075,498.596556716406,0.59909078512563
"conc","Basin_Danube","Danube (whole basin)","lioness","EUS_371",0.120067449257002,0.549975201200685,752,0.507029595510296,475.922636362287,0.543992486130789
"conc","Basin_Danube","Danube (whole basin)","lioness","EUS_376",0.0292116971943478,1.36167248848044,752,0.783550006816429,662.389293406654,0.827641050255258
"conc","Basin_Danube","Danube (whole basin)","lioness","EUS_377",0.0168144619881898,1.36367041097882,752,0.724946826271602,665.148308586973,0.743603922576423
"conc","Basin_Danube","Danube (whole basin)","lioness","EUS_378",0.251757243072645,0.822168013214128,752,0.708686529349946,663.324747996819,0.71989062721672
"conc","Basin_Danube","Danube (whole basin)","lioness","EUS_379",-0.0232458085221653,1.52429173224137,752,0.391617512342723,557.40648702226,0.41914493063824
"conc","Basin_Danube","Danube (whole basin)","lioness","EUS_380",0.0247299368397543,1.33988132941042,752,0.681009055854012,653.441933441463,0.713035578615742
"conc","Basin_Danube","Danube (whole basin)","bonobo","EUS_001",0.162682628777772,0.250570309792789,752,0.609378312335877,462.999312585784,0.635230344559927
"conc","Basin_Danube","Danube (whole basin)","bonobo","EUS_002",0.185027618653153,0.23047579421974,752,0.617713051185157,468.618811709318,0.631127181083825
"conc","Basin_Danube","Danube (whole basin)","bonobo","EUS_003",0.198165401975502,0.304931112780796,752,0.665469018235351,504.933087315689,0.672845173502764
"conc","Basin_Danube","Danube (whole basin)","bonobo","EUS_004",0.166549332466906,0.239010967551696,752,0.601394401669299,456.937722773698,0.617056394650432
"conc","Basin_Danube","Danube (whole basin)","bonobo","EUS_005",0.166836067584389,0.236105909625592,752,0.596845834795075,453.556609105602,0.61355214989604
"conc","Basin_Danube","Danube (whole basin)","bonobo","EUS_006",0.194926093510458,0.226494924491932,752,0.618583486103477,469.865618064222,0.631667007189786
"conc","Basin_Danube","Danube (whole basin)","bonobo","EUS_007",0.212736956780693,0.228894361218331,752,0.654448697226463,496.417106348607,0.667346211591011
"conc","Basin_Danube","Danube (whole basin)","bonobo","EUS_008",0.215581004085465,0.226912140762668,752,0.653748241661046,496.373900852672,0.669647114942726
"conc","Basin_Danube","Danube (whole basin)","bonobo","EUS_009",0.201286997511034,0.23187234498611,752,0.644182111537947,488.360771689252,0.654754600758132
"conc","Basin_Danube","Danube (whole basin)","bonobo","EUS_010",0.227238964392889,0.226021165704216,752,0.667483688602933,506.059892920163,0.685189390326763
"conc","Basin_Danube","Danube (whole basin)","bonobo","EUS_011",0.222883469359906,0.227574118696691,752,0.668992911439528,506.771847029771,0.685954361893366
"conc","Basin_Danube","Danube (whole basin)","bonobo","EUS_012",0.213693034998935,0.226874539000403,752,0.650757516920332,493.527884714434,0.664519220047075
"conc","Basin_Danube","Danube (whole basin)","bonobo","EUS_013",0.224193126647542,0.225443043609126,752,0.661259266998168,501.063482822332,0.677597200802618
"conc","Basin_Danube","Danube (whole basin)","bonobo","EUS_051",0.200620302861105,0.24165784284064,752,0.65568318587657,497.240490135296,0.674620102966353
"conc","Basin_Danube","Danube (whole basin)","bonobo","EUS_082",0.174418306648554,0.248125628895484,752,0.605203745739999,458.098045232152,0.622784586155632
"conc","Basin_Danube","Danube (whole basin)","bonobo","EUS_096",0.17554697678313,0.231649130308337,752,0.610717500696592,463.609031580963,0.623912930733436
"conc","Basin_Danube","Danube (whole basin)","bonobo","EUS_097",0.174487723273418,0.239280315393694,752,0.616146154882358,467.68489401893,0.6309488111208
"conc","Basin_Danube","Danube (whole basin)","bonobo","EUS_103",0.199873067810571,0.236295062365299,752,0.645806825309531,489.861518888955,0.663632084666741
"conc","Basin_Danube","Danube (whole basin)","bonobo","EUS_104",0.189149738942488,0.22972130488016,752,0.613569882583072,465.652807864579,0.625137868058442
"conc","Basin_Danube","Danube (whole basin)","bonobo","EUS_105",0.169459267050375,0.233496605725017,752,0.609241766592822,463.024452158979,0.628170918432205
"conc","Basin_Danube","Danube (whole basin)","bonobo","EUS_106",0.168400968554109,0.234201909465731,752,0.608277298424326,462.300669580301,0.626146712987613
"conc","Basin_Danube","Danube (whole basin)","bonobo","EUS_107",0.193558421733601,0.23496122281213,752,0.637373232491046,483.537234959819,0.651826422403311
"conc","Basin_Danube","Danube (whole basin)","bonobo","EUS_108",0.166673757160238,0.267691350271995,752,0.610828008326045,463.856609009065,0.627797681505223
"conc","Basin_Danube","Danube (whole basin)","bonobo","EUS_109",0.174092606576593,0.240780049650383,752,0.618567983036106,469.601176584735,0.634188695927621
"conc","Basin_Danube","Danube (whole basin)","bonobo","EUS_110",0.191306588695815,0.270059252110957,752,0.629808707012893,477.867409365313,0.651183621545864
"conc","Basin_Danube","Danube (whole basin)","bonobo","EUS_158",0.172701488933481,0.229260503993004,752,0.600029131030405,454.542423024126,0.618233931276482
"conc","Basin_Danube","Danube (whole basin)","bonobo","EUS_159",0.174074129981971,0.227856920382379,752,0.599327357037794,455.575602448333,0.618791511416955
"conc","Basin_Danube","Danube (whole basin)","bonobo","EUS_160",0.173956893100433,0.243069702631383,752,0.617969953979659,468.416103837353,0.638099258324173
"conc","Basin_Danube","Danube (whole basin)","bonobo","EUS_161",0.175978738535419,0.249573879030413,752,0.608944286385881,462.837246343684,0.619728075404352
"conc","Basin_Danube","Danube (whole basin)","bonobo","EUS_162",0.188231060428878,0.222105499508231,752,0.612860705104502,465.738509988345,0.629354320886784
"conc","Basin_Danube","Danube (whole basin)","bonobo","EUS_163",0.188488340284839,0.223053987712195,752,0.624811369636423,474.759050729474,0.643521864338494
"conc","Basin_Danube","Danube (whole basin)","bonobo","EUS_164",0.169445337180841,0.243103782312065,752,0.6136073540216,466.352081040833,0.635605367322703
"conc","Basin_Danube","Danube (whole basin)","bonobo","EUS_165",0.206158139314093,0.226595212996256,752,0.641747128048192,486.83063636963,0.659533227365534
"conc","Basin_Danube","Danube (whole basin)","bonobo","EUS_166",0.206311472620334,0.224987293342801,752,0.641509100061344,487.272303638334,0.658287540830841
"conc","Basin_Danube","Danube (whole basin)","bonobo","EUS_167",0.192477936567698,0.224131813023678,752,0.633341632088907,481.140663748782,0.652645447092269
"conc","Basin_Danube","Danube (whole basin)","bonobo","EUS_168",0.187431809049422,0.223046598938643,752,0.625368392977062,475.179374033025,0.646866005858415
"conc","Basin_Danube","Danube (whole basin)","bonobo","EUS_169",0.198856864622847,0.226471014241205,752,0.634580443936672,482.124202821927,0.653320946807145
"conc","Basin_Danube","Danube (whole basin)","bonobo","EUS_170",0.176391694538448,0.233902454140988,752,0.606138628191606,460.740280100361,0.624361831894388
"conc","Basin_Danube","Danube (whole basin)","bonobo","EUS_171",0.209764092600903,0.222191560209249,752,0.641312687492868,487.041949455228,0.659597108819977
"conc","Basin_Danube","Danube (whole basin)","bonobo","EUS_172",0.200197732484981,0.229616486243606,752,0.64277947484434,488.172151631127,0.657588868567171
"conc","Basin_Danube","Danube (whole basin)","bonobo","EUS_173",0.326630551165353,0.332025892580618,752,0.738540369227798,557.892473649778,0.741058618251712
"conc","Basin_Danube","Danube (whole basin)","bonobo","EUS_174",0.176652763826319,0.275099230788647,752,0.618745607785382,470.213585527441,0.629184758269418
"conc","Basin_Danube","Danube (whole basin)","bonobo","EUS_175",0.176683674332665,0.222751053191505,752,0.607002049462425,461.360653341194,0.623689228273557
"conc","Basin_Danube","Danube (whole basin)","bonobo","EUS_176",0.163287053362045,0.237232674297382,752,0.586165452854255,445.643089383819,0.598271994073928
"conc","Basin_Danube","Danube (whole basin)","bonobo","EUS_177",0.183126463611652,0.271882959569816,752,0.641644374439615,487.044488390991,0.653839781975664
"conc","Basin_Danube","Danube (whole basin)","bonobo","EUS_178",0.1786740230719,0.225228790171547,752,0.619340078155336,470.627203993129,0.639195942309436
"conc","Basin_Danube","Danube (whole basin)","bonobo","EUS_179",0.176032864360168,0.226821530207604,752,0.614923539759362,467.317374644564,0.633275956594256
"conc","Basin_Danube","Danube (whole basin)","bonobo","EUS_180",0.185551143131764,0.230962974514327,752,0.629537535449483,478.279655636793,0.649861653203555
"conc","Basin_Danube","Danube (whole basin)","bonobo","EUS_181",0.297664976956942,0.303981360470228,752,0.712917026621488,540.746356339716,0.716264670090959
"conc","Basin_Danube","Danube (whole basin)","bonobo","EUS_182",0.169575672677158,0.231581985483569,752,0.606182066106905,460.71596115014,0.624621857816408
"conc","Basin_Danube","Danube (whole basin)","bonobo","EUS_183",0.3400454494011,0.339493168945893,752,0.74113911443674,561.788436148996,0.748858534976097
"conc","Basin_Danube","Danube (whole basin)","bonobo","EUS_301",0.188463600987834,0.222149161465791,752,0.622064491931295,471.576372205323,0.634085815942383
"conc","Basin_Danube","Danube (whole basin)","bonobo","EUS_302",0.187346315898448,0.228797789230859,752,0.639733389167719,485.740541456919,0.655061255288923
"conc","Basin_Danube","Danube (whole basin)","bonobo","EUS_303",0.183095669713567,0.232396144910186,752,0.640683110550304,486.463864535995,0.657165526969475
"conc","Basin_Danube","Danube (whole basin)","bonobo","EUS_304",0.176771035452124,0.237602544426759,752,0.637586871801393,484.27543675689,0.655381187012738
"conc","Basin_Danube","Danube (whole basin)","bonobo","EUS_305",0.20006524159228,0.233418986051366,752,0.64875211112208,491.276943836073,0.65697176579907
"conc","Basin_Danube","Danube (whole basin)","bonobo","EUS_306",0.188523008500682,0.233305358434725,752,0.63919114016091,484.957800547829,0.652909473076325
"conc","Basin_Danube","Danube (whole basin)","bonobo","EUS_307",0.189316363218202,0.235865329434805,752,0.645640224523601,489.807577582694,0.658522805476806
"conc","Basin_Danube","Danube (whole basin)","bonobo","EUS_308",0.190575451096555,0.232859524767798,752,0.642782812836644,487.692815988128,0.654681291812941
"conc","Basin_Danube","Danube (whole basin)","bonobo","EUS_309",0.185017706022685,0.235698988118185,752,0.636870195374417,483.269234057043,0.650837505853401
"conc","Basin_Danube","Danube (whole basin)","bonobo","EUS_310",0.187122240152205,0.235527712908387,752,0.641643596843734,486.84484401478,0.655564529929112
"conc","Basin_Danube","Danube (whole basin)","bonobo","EUS_311",0.174907086076473,0.248369969947738,752,0.625303819172226,474.964547677704,0.641320698859633
"conc","Basin_Danube","Danube (whole basin)","bonobo","EUS_312",0.182519566203483,0.245005497275522,752,0.62936463297629,478.074465492061,0.646862461444573
"conc","Basin_Danube","Danube (whole basin)","bonobo","EUS_313",0.184192977587367,0.253691626218972,752,0.631384621550369,479.594042550329,0.651968654757493
"conc","Basin_Danube","Danube (whole basin)","bonobo","EUS_314",0.180825432367611,0.235289932672,752,0.635542840244836,482.227835249677,0.6505730225944
"conc","Basin_Danube","Danube (whole basin)","bonobo","EUS_315",0.184532618086862,0.23609558313728,752,0.633872646456633,481.393776761654,0.6465814043044
"conc","Basin_Danube","Danube (whole basin)","bonobo","EUS_316",0.180346088793232,0.235951170377992,752,0.636723371603069,483.179553210395,0.650208657182984
"conc","Basin_Danube","Danube (whole basin)","bonobo","EUS_317",0.176220568581243,0.238923972456217,752,0.633622746356494,480.896444493902,0.649889576149215
"conc","Basin_Danube","Danube (whole basin)","bonobo","EUS_318",0.177949874621393,0.235914657666281,752,0.635544363426167,482.650435687337,0.65112743887041
"conc","Basin_Danube","Danube (whole basin)","bonobo","EUS_319",0.178808480977162,0.228020152368222,752,0.633952376905906,481.448070951662,0.651994474355091
"conc","Basin_Danube","Danube (whole basin)","bonobo","EUS_320",0.178621098209939,0.229661820559484,752,0.632240732338186,480.043167680346,0.650308192835166
"conc","Basin_Danube","Danube (whole basin)","bonobo","EUS_321",0.175731980526657,0.239943796043932,752,0.630433889377219,478.836722585474,0.65089826616968
"conc","Basin_Danube","Danube (whole basin)","bonobo","EUS_322",0.178366574384766,0.232727628587213,752,0.638389670109666,484.818409416823,0.65385090145626
"conc","Basin_Danube","Danube (whole basin)","bonobo","EUS_323",0.182770620219506,0.231196679416338,752,0.634689814885601,482.009457224033,0.65080385565845
"conc","Basin_Danube","Danube (whole basin)","bonobo","EUS_324",0.179454552350364,0.231271756618142,752,0.633418299358515,481.065394091152,0.652301248683972
"conc","Basin_Danube","Danube (whole basin)","bonobo","EUS_325",0.179430837370715,0.229421769519346,752,0.634872141478227,482.186490214428,0.649854169221809
"conc","Basin_Danube","Danube (whole basin)","bonobo","EUS_326",0.181045866001063,0.231278793770965,752,0.636488987534127,483.341216711852,0.652044148147679
"conc","Basin_Danube","Danube (whole basin)","bonobo","EUS_327",0.1825823924611,0.230069334843028,752,0.638897541842922,485.176203582075,0.656173218346494
"conc","Basin_Danube","Danube (whole basin)","bonobo","EUS_328",0.179854591332739,0.230045195125754,752,0.635572871323168,482.661517934119,0.653742172303899
"conc","Basin_Danube","Danube (whole basin)","bonobo","EUS_329",0.181327846744364,0.229636198516857,752,0.635906486123193,482.928066043346,0.653015955046503
"conc","Basin_Danube","Danube (whole basin)","bonobo","EUS_330",0.189973293367791,0.226441925251532,752,0.638983417504177,485.298465460294,0.654482105284266
"conc","Basin_Danube","Danube (whole basin)","bonobo","EUS_331",0.188008676441166,0.23013895487383,752,0.639647759483103,485.733462683563,0.655598883300827
"conc","Basin_Danube","Danube (whole basin)","bonobo","EUS_332",0.179044362859119,0.234063199846099,752,0.63435061046675,481.788594387794,0.649422747145143
"conc","Basin_Danube","Danube (whole basin)","bonobo","EUS_333",0.173235982699206,0.239770308687014,752,0.626369808861096,475.822229136277,0.64374443431959
"conc","Basin_Danube","Danube (whole basin)","bonobo","EUS_334",0.179507821244059,0.227015415042273,752,0.614173153039227,466.648329377835,0.62965968823925
"conc","Basin_Danube","Danube (whole basin)","bonobo","EUS_335",0.180189568391852,0.233247815632267,752,0.621756135188492,472.048472557278,0.637632169417864
"conc","Basin_Danube","Danube (whole basin)","bonobo","EUS_336",0.182949808701444,0.232607466232179,752,0.628574117446698,477.308078698485,0.642784067419219
"conc","Basin_Danube","Danube (whole basin)","bonobo","EUS_337",0.179497966019019,0.236504938641451,752,0.635473954356882,482.645030235368,0.652771492942108
"conc","Basin_Danube","Danube (whole basin)","bonobo","EUS_338",0.177511821061503,0.223621071839174,752,0.611916017525355,464.61754393737,0.626931226195371
"conc","Basin_Danube","Danube (whole basin)","bonobo","EUS_339",0.175447361400552,0.227982987433425,752,0.610843877980784,463.843115871108,0.626074874807049
"conc","Basin_Danube","Danube (whole basin)","bonobo","EUS_340",0.184105085586348,0.232452795494147,752,0.639363023878774,485.486607589148,0.654748175903304
"conc","Basin_Danube","Danube (whole basin)","bonobo","EUS_341",0.186273038559816,0.232465438849681,752,0.640239443396282,486.278215136475,0.655903546298546
"conc","Basin_Danube","Danube (whole basin)","bonobo","EUS_342",0.183653360790325,0.221479499860676,752,0.615116685270309,466.839678282523,0.627423526536568
"conc","Basin_Danube","Danube (whole basin)","bonobo","EUS_343",0.185238526515575,0.233504664142177,752,0.641353310703523,487.071135030133,0.657446970713644
"conc","Basin_Danube","Danube (whole basin)","bonobo","EUS_344",0.172005079641531,0.229173071658285,752,0.627222603366076,476.370233147701,0.645189065204599
"conc","Basin_Danube","Danube (whole basin)","bonobo","EUS_345",0.183051098836488,0.231930304375573,752,0.631128447646942,479.326244317477,0.645891244274831
"conc","Basin_Danube","Danube (whole basin)","bonobo","EUS_346",0.173911482350107,0.247229903481519,752,0.608971476333275,462.700613728612,0.623670880530744
"conc","Basin_Danube","Danube (whole basin)","bonobo","EUS_347",0.177645918136156,0.241459288869302,752,0.640040657429812,486.130017996532,0.655633561121378
"conc","Basin_Danube","Danube (whole basin)","bonobo","EUS_348",0.18027155342249,0.236506612148592,752,0.639027599791165,485.362284726092,0.65529533287819
"conc","Basin_Danube","Danube (whole basin)","bonobo","EUS_349",0.171723824851675,0.249701350076067,752,0.63542324092454,482.569545112354,0.645647659520996
"conc","Basin_Danube","Danube (whole basin)","bonobo","EUS_350",0.176807317195473,0.244226710699338,752,0.635412433497485,482.637398122568,0.648000276568039
"conc","Basin_Danube","Danube (whole basin)","bonobo","EUS_351",0.181336157541979,0.238792365942189,752,0.641069669425444,486.772084280202,0.65518414950609
"conc","Basin_Danube","Danube (whole basin)","bonobo","EUS_352",0.165938998519758,0.245693682402364,752,0.617801791580539,469.206517425449,0.647354799279569
"conc","Basin_Danube","Danube (whole basin)","bonobo","EUS_353",0.176927113225326,0.239912852852923,752,0.623824882300025,473.563565683902,0.647416997488889
"conc","Basin_Danube","Danube (whole basin)","bonobo","EUS_354",0.190728516606661,0.232399120537337,752,0.633528215940861,480.861779352145,0.651419298966801
"conc","Basin_Danube","Danube (whole basin)","bonobo","EUS_355",0.179742929344128,0.306432512968615,752,0.698650087171109,529.555052274119,0.715304925053286
"conc","Basin_Danube","Danube (whole basin)","bonobo","EUS_356",0.169807059306525,0.23460807387695,752,0.609141380589031,461.938752654422,0.632710593396309
"conc","Basin_Danube","Danube (whole basin)","bonobo","EUS_357",0.189098728047028,0.222668317918542,752,0.62900351824184,477.489608131349,0.645651638997588
"conc","Basin_Danube","Danube (whole basin)","bonobo","EUS_358",0.200753149775643,0.220856830069251,752,0.634195863953285,481.402868898776,0.648993968342531
"conc","Basin_Danube","Danube (whole basin)","bonobo","EUS_359",0.168290645949688,0.241709425353943,752,0.618844182686708,470.263909843755,0.630627180182035
"conc","Basin_Danube","Danube (whole basin)","bonobo","EUS_360",0.184989445392176,0.320910869011422,752,0.728363861465072,552.536148041351,0.748053691851734
"conc","Basin_Danube","Danube (whole basin)","bonobo","EUS_361",0.166014939208846,0.277717444225292,752,0.669958949943682,508.854662796527,0.686228495121606
"conc","Basin_Danube","Danube (whole basin)","bonobo","EUS_362",0.16690550632514,0.280390109236201,752,0.679791423133447,516.481447139732,0.690335388131389
"conc","Basin_Danube","Danube (whole basin)","bonobo","EUS_363",0.207011620211969,0.229990959209826,752,0.649255971924805,492.805342336044,0.669907931830505
"conc","Basin_Danube","Danube (whole basin)","bonobo","EUS_364",0.199680596859831,0.355326759762258,752,0.758310579706553,574.149598729308,0.761495150915272
"conc","Basin_Danube","Danube (whole basin)","bonobo","EUS_365",0.172675575027051,0.288712973505635,752,0.692476028997095,525.702846357374,0.715008354691209
"conc","Basin_Danube","Danube (whole basin)","bonobo","EUS_366",0.177747617828012,0.306491625574129,752,0.705097560043013,535.434741969948,0.715678562935692
"conc","Basin_Danube","Danube (whole basin)","bonobo","EUS_367",0.192247693155218,0.349271498117332,752,0.730038509436453,553.931092948353,0.727103492998567
"conc","Basin_Danube","Danube (whole basin)","bonobo","EUS_368",0.161687529645859,0.252118565534938,752,0.608578307313914,462.225811508594,0.617849013935651
"conc","Basin_Danube","Danube (whole basin)","bonobo","EUS_369",0.191458735785804,0.235333401123749,752,0.637391015330064,483.871889632451,0.659801062233807
"conc","Basin_Danube","Danube (whole basin)","bonobo","EUS_370",0.175996685840529,0.229284801718009,752,0.625648933156797,474.957907728291,0.647682560311846
"conc","Basin_Danube","Danube (whole basin)","bonobo","EUS_371",0.180292731258981,0.225547369954697,752,0.621419370826151,472.000769414583,0.640488107585069
"conc","Basin_Danube","Danube (whole basin)","bonobo","EUS_376",0.178388273412463,0.272818853640976,752,0.659203388111231,500.165727039476,0.676191200896134
"conc","Basin_Danube","Danube (whole basin)","bonobo","EUS_377",0.176312568043587,0.267998705774135,752,0.65384529519952,495.60975081574,0.668478804277191
"conc","Basin_Danube","Danube (whole basin)","bonobo","EUS_378",0.204781193523245,0.239255925160466,752,0.652357784279415,494.943919315046,0.666028731400012
"conc","Basin_Danube","Danube (whole basin)","bonobo","EUS_379",0.17141757266176,0.244898906844526,752,0.608422343061253,462.188228412786,0.626371643010031
"conc","Basin_Danube","Danube (whole basin)","bonobo","EUS_380",0.174435492490994,0.265490409361017,752,0.645343999656744,489.633720464626,0.661235875343562
"conc","Basin_Rhine","Rhine (whole basin)","lioness","EUS_014",0.27683829100428,0.468775325765354,617,0.801143012830874,515.0689187423,0.78751842106456
"conc","Basin_Rhine","Rhine (whole basin)","lioness","EUS_015",0.17670341182255,0.733265314214953,617,0.777645294947819,513.940868293469,0.772318824815036
"conc","Basin_Rhine","Rhine (whole basin)","lioness","EUS_016",0.147991638329941,0.524233632351829,617,0.599083261186905,424.092258783136,0.614804274331589
"conc","Basin_Rhine","Rhine (whole basin)","lioness","EUS_017",0.221656934250885,0.549350758996752,617,0.80670372881675,505.168669508659,0.817027265229379
"conc","Basin_Rhine","Rhine (whole basin)","lioness","EUS_070",0.0663004812913584,0.980806425214997,617,0.646261430827801,556.484480969561,0.676252969086499
"conc","Basin_Rhine","Rhine (whole basin)","lioness","EUS_071",0.237316270365876,0.380397380702209,617,0.752146677020667,487.029966678317,0.730604373467922
"conc","Basin_Rhine","Rhine (whole basin)","lioness","EUS_072",0.0826323990512845,0.455923338404629,617,0.554807760731651,438.774946559648,0.585691286953441
"conc","Basin_Rhine","Rhine (whole basin)","lioness","EUS_073",0.105220559838486,0.540714938700981,617,0.543524378470748,454.55470855174,0.511449928607133
"conc","Basin_Rhine","Rhine (whole basin)","lioness","EUS_074",-0.00590765409172634,0.978813422910343,617,0.707519775281904,634.281005244642,0.655059955364711
"conc","Basin_Rhine","Rhine (whole basin)","lioness","EUS_075",0.0956580465223914,1.34625259409972,617,1.02319841857803,770.654369285738,0.949242196714342
"conc","Basin_Rhine","Rhine (whole basin)","lioness","EUS_076",0.187950928139264,1.42927885345007,617,0.801174283165443,674.7654712049,0.730984589713942
"conc","Basin_Rhine","Rhine (whole basin)","lioness","EUS_077",0.499074693157427,2.55214143722143,617,1.0907322442776,823.42916563822,1.00097342469702
"conc","Basin_Rhine","Rhine (whole basin)","lioness","EUS_078",0.160584631401019,0.362603581232511,617,0.527396471764232,413.134894693567,0.534420133557267
"conc","Basin_Rhine","Rhine (whole basin)","lioness","EUS_084",0.0881476987607237,0.939502674197931,617,0.580129114822801,544.758961213253,0.563052242950624
"conc","Basin_Rhine","Rhine (whole basin)","lioness","EUS_111",0.0599040049721828,0.943473526835701,617,0.828623350239488,657.91331350462,0.729934766339966
"conc","Basin_Rhine","Rhine (whole basin)","lioness","EUS_112",0.302369387326846,1.84372914815889,617,1.46611173401899,991.94382046634,1.29513975249102
"conc","Basin_Rhine","Rhine (whole basin)","lioness","EUS_113",0.0132100596794812,0.756454120838987,617,0.799312087478372,623.592621122291,0.749662789592747
"conc","Basin_Rhine","Rhine (whole basin)","lioness","EUS_114",0.203350282918338,1.8047771546446,617,1.41071872789097,950.156809561552,1.28899591594014
"conc","Basin_Rhine","Rhine (whole basin)","lioness","EUS_115",0.150345971570032,1.59619719645523,617,1.11713657190775,780.190127565225,1.09455675272415
"conc","Basin_Rhine","Rhine (whole basin)","lioness","EUS_116",-0.0163810697906232,0.980429941083603,617,0.706028065317115,672.084755920098,0.761577003957734
"conc","Basin_Rhine","Rhine (whole basin)","lioness","EUS_218",0.102516928934561,0.866058920546869,617,0.675150220836834,517.155693343477,0.639961887426147
"conc","Basin_Rhine","Rhine (whole basin)","lioness","EUS_221",0.736082692419338,3.34417619317776,617,1.37915553484194,1052.71181241594,1.36390168126885
"conc","Basin_Rhine","Rhine (whole basin)","lioness","EUS_238",0.462202607665709,2.01250430011599,617,0.94450625935195,773.46340920681,0.991064266261187
"conc","Basin_Rhine","Rhine (whole basin)","lioness","EUS_239",0.645390387838266,2.19471579177808,617,1.20973595825471,848.687861661902,1.27072899838117
"conc","Basin_Rhine","Rhine (whole basin)","lioness","EUS_258",0.348932769149075,0.274590887823615,617,0.814166078496275,520.342451580095,0.801957822732476
"conc","Basin_Rhine","Rhine (whole basin)","lioness","EUS_259",0.343637434889797,0.278642368490913,617,0.849785688412577,525.865067449169,0.849378849040388
"conc","Basin_Rhine","Rhine (whole basin)","lioness","EUS_260",0.289414851777745,0.367698053455005,617,0.766475436948954,493.064637368992,0.746001058061544
"conc","Basin_Rhine","Rhine (whole basin)","lioness","EUS_261",0.0378503374294964,0.723386667024323,617,0.515779038815777,475.809506032109,0.754088328273998
"conc","Basin_Rhine","Rhine (whole basin)","lioness","EUS_262",0.0804353432427029,1.00835682440827,617,0.682877923546684,496.034840849818,0.63349433585722
"conc","Basin_Rhine","Rhine (whole basin)","lioness","EUS_263",0.0422479798976541,0.733972800379672,617,0.523668744648816,470.138087713179,0.740058703038947
"conc","Basin_Rhine","Rhine (whole basin)","lioness","EUS_264",0.0358305890461319,0.719811417718503,617,0.503437905729855,484.235474249119,0.814129159880608
"conc","Basin_Rhine","Rhine (whole basin)","lioness","EUS_265",0.241730660362462,0.516693372282894,617,0.832177419623344,523.738236404379,0.821840962831213
"conc","Basin_Rhine","Rhine (whole basin)","lioness","EUS_266",0.236112703104353,0.535569821443088,617,0.831897083908796,522.303552627173,0.822312036887655
"conc","Basin_Rhine","Rhine (whole basin)","lioness","EUS_375",0.0486971228252073,1.0331087659976,617,0.715061849654029,494.563695310883,0.731916163343903
"conc","Basin_Rhine","Rhine (whole basin)","lioness","EUS_381",0.263592788530552,0.401133444080642,617,0.822014266049416,517.401220005814,0.816660470446665
"conc","Basin_Rhine","Rhine (whole basin)","lioness","EUS_382",0.0820420992493024,0.926503831342983,617,0.835672049083769,524.596708707704,0.841163294012704
"conc","Basin_Rhine","Rhine (whole basin)","lioness","EUS_383",-0.0289902515835685,1.7106426413482,617,0.695146441113364,513.515668024516,0.747279198145301
"conc","Basin_Rhine","Rhine (whole basin)","lioness","EUS_387",0.313658169702119,0.397005462660204,617,0.856475916687895,532.99909916409,0.857140783886329
"conc","Basin_Rhine","Rhine (whole basin)","lioness","EUS_388",0.308237304960211,0.40735620953796,617,0.84976728511583,529.397521125374,0.847669126968608
"conc","Basin_Rhine","Rhine (whole basin)","lioness","EUS_392",0.0153486906336347,1.40767188507425,617,0.797807250916465,521.86815680147,0.784305552496563
"conc","Basin_Rhine","Rhine (whole basin)","lioness","EUS_393",0.21202698939327,0.582926992875938,617,0.842295593761791,523.844577692001,0.838137166710679
"conc","Basin_Rhine","Rhine (whole basin)","lioness","EUS_400",0.0555681765848524,1.21075185565732,617,0.365563677358962,527.195594245498,0.459104616373353
"conc","Basin_Rhine","Rhine (whole basin)","lioness","EUS_401",0.11713594499786,0.705318314361057,617,0.834065214886047,531.265165996034,0.818943537997544
"conc","Basin_Rhine","Rhine (whole basin)","lioness","EUS_402",0.0421372901278742,1.31196184469131,617,0.758665255771941,512.13203457172,0.739223779837734
"conc","Basin_Rhine","Rhine (whole basin)","lioness","EUS_403",-0.029990406799058,1.7132277768156,617,0.819892263700884,546.830235770346,0.844497774253338
"conc","Basin_Rhine","Rhine (whole basin)","lioness","EUS_404",0.278987616224923,0.339238399224763,617,0.793335931048406,493.631358330492,0.800993643846877
"conc","Basin_Rhine","Rhine (whole basin)","lioness","EUS_405",0.279012740759339,0.467764385351461,617,0.853087252163305,529.425559522741,0.851365076671766
"conc","Basin_Rhine","Rhine (whole basin)","lioness","EUS_406",-0.0191131102425348,2.15738785396379,617,0.276662165001829,580.148232948634,0.334109683042048
"conc","Basin_Rhine","Rhine (whole basin)","lioness","EUS_407",0.303845851497849,0.342712133481569,617,0.830335322904281,520.833702489012,0.836722001122591
"conc","Basin_Rhine","Rhine (whole basin)","lioness","EUS_408",0.122951832258357,1.98530008627388,617,0.621808231207017,488.213726522116,0.741999549122437
"conc","Basin_Rhine","Rhine (whole basin)","lioness","EUS_409",0.27624396405076,0.384493758768057,617,0.762149800577503,495.130221588833,0.77916264072113
"conc","Basin_Rhine","Rhine (whole basin)","lioness","EUS_410",0.0195167253593938,1.67211678482909,617,0.627259762559496,506.953230820349,0.783538612041383
"conc","Basin_Rhine","Rhine (whole basin)","lioness","EUS_411",0.326112916159518,0.320887964307582,617,0.838470642023496,519.222494166966,0.849623115096369
"conc","Basin_Rhine","Rhine (whole basin)","lioness","EUS_412",0.130523193601891,0.627780547260651,617,0.699844544209179,488.530666527818,0.699501863564343
"conc","Basin_Rhine","Rhine (whole basin)","lioness","EUS_413",0.310778501650126,0.394586033022808,617,0.846089307327392,530.655403178202,0.853340589443989
"conc","Basin_Rhine","Rhine (whole basin)","lioness","EUS_414",0.151098126712018,0.815255600551349,617,0.774933652500587,515.867207786164,0.746536947014747
"conc","Basin_Rhine","Rhine (whole basin)","lioness","EUS_415",0.304200119349533,0.354883549858198,617,0.765674967105513,530.459200291629,0.800675475152279
"conc","Basin_Rhine","Rhine (whole basin)","lioness","EUS_416",0.0592938556719438,1.21786958366227,617,0.413177591167057,692.0880168287,0.381401373116264
"conc","Basin_Rhine","Rhine (whole basin)","lioness","EUS_417",0.33383079344131,0.322202284934181,617,0.860557586603685,532.242337911191,0.864097663273186
"conc","Basin_Rhine","Rhine (whole basin)","lioness","EUS_418",0.0305257218910598,1.20248059074603,617,0.67197883997791,497.332708088312,0.695397144236988
"conc","Basin_Rhine","Rhine (whole basin)","lioness","EUS_419",0.31283175538638,0.377142611414167,617,0.856696627902611,530.47439079851,0.858501809597869
"conc","Basin_Rhine","Rhine (whole basin)","lioness","EUS_420",0.275337848828792,0.40579119251157,617,0.833276704263684,518.087259217407,0.828589478290332
"conc","Basin_Rhine","Rhine (whole basin)","lioness","EUS_421",0.231615051915879,0.659018204760297,617,0.849027217156695,525.746934560558,0.847920073568616
"conc","Basin_Rhine","Rhine (whole basin)","bonobo","EUS_014",0.203179868362231,0.260616702923029,617,0.783946618976041,484.633885414099,0.788422791640143
"conc","Basin_Rhine","Rhine (whole basin)","bonobo","EUS_015",0.192637252472679,0.263820860661521,617,0.779851544934818,482.106522449277,0.785144579899197
"conc","Basin_Rhine","Rhine (whole basin)","bonobo","EUS_016",0.183554056192335,0.256877716043911,617,0.752751712148426,465.387597866938,0.760868619737292
"conc","Basin_Rhine","Rhine (whole basin)","bonobo","EUS_017",0.196421399900151,0.263586279976556,617,0.784016450115514,484.67587478382,0.791623098080522
"conc","Basin_Rhine","Rhine (whole basin)","bonobo","EUS_070",0.168029533553525,0.271118782297363,617,0.763976939447294,472.858216485527,0.774960536339342
"conc","Basin_Rhine","Rhine (whole basin)","bonobo","EUS_071",0.195563650290486,0.257040740520958,617,0.776456733504675,480.504062580627,0.779934690879824
"conc","Basin_Rhine","Rhine (whole basin)","bonobo","EUS_072",0.172238640552771,0.255292883996206,617,0.747176369469638,462.363764098699,0.758963359028084
"conc","Basin_Rhine","Rhine (whole basin)","bonobo","EUS_073",0.177963625017705,0.254968854785658,617,0.747849498592388,462.852934616898,0.75017686316989
"conc","Basin_Rhine","Rhine (whole basin)","bonobo","EUS_074",0.162719032062974,0.279570315812761,617,0.775118099523507,479.730696147591,0.780269558406249
"conc","Basin_Rhine","Rhine (whole basin)","bonobo","EUS_075",0.169713955550915,0.300033619635812,617,0.806554657869761,499.119874095496,0.805137129872514
"conc","Basin_Rhine","Rhine (whole basin)","bonobo","EUS_076",0.180365436359805,0.293573871470114,617,0.782662897820204,484.386749522662,0.781822599119304
"conc","Basin_Rhine","Rhine (whole basin)","bonobo","EUS_077",0.201554704793263,0.326763430526076,617,0.810768960208622,501.713341193257,0.808364474083802
"conc","Basin_Rhine","Rhine (whole basin)","bonobo","EUS_078",0.183528183808815,0.251786906619565,617,0.742937108425745,459.672546957978,0.750732453723362
"conc","Basin_Rhine","Rhine (whole basin)","bonobo","EUS_084",0.170345191912247,0.269903708752773,617,0.752994603930267,465.347559393286,0.758084476999508
"conc","Basin_Rhine","Rhine (whole basin)","bonobo","EUS_111",0.167879752144311,0.280516812856596,617,0.783897012181312,485.145283572086,0.78006408294184
"conc","Basin_Rhine","Rhine (whole basin)","bonobo","EUS_112",0.185155600550399,0.31949524979788,617,0.837817514160705,518.398982279644,0.829341866809732
"conc","Basin_Rhine","Rhine (whole basin)","bonobo","EUS_113",0.163547889343882,0.27517479905102,617,0.782277706131894,484.117869669538,0.784061785032789
"conc","Basin_Rhine","Rhine (whole basin)","bonobo","EUS_114",0.176059957078586,0.319012505900973,617,0.834398808467295,516.30788949311,0.831266076336933
"conc","Basin_Rhine","Rhine (whole basin)","bonobo","EUS_115",0.173674681242434,0.301800028699891,617,0.812131712799697,502.522189511707,0.818349485743413
"conc","Basin_Rhine","Rhine (whole basin)","bonobo","EUS_116",0.160737833631688,0.276711320824861,617,0.769461471386597,475.702608045633,0.781756435779831
"conc","Basin_Rhine","Rhine (whole basin)","bonobo","EUS_218",0.184134612722562,0.263685314705682,617,0.768073808520911,475.158972366821,0.77024561172603
"conc","Basin_Rhine","Rhine (whole basin)","bonobo","EUS_221",0.205745319446777,0.343529327697523,617,0.823466440246515,509.373249552894,0.819756909089477
"conc","Basin_Rhine","Rhine (whole basin)","bonobo","EUS_238",0.204803328087804,0.317735542035556,617,0.787970907308886,487.637481587547,0.795188784104005
"conc","Basin_Rhine","Rhine (whole basin)","bonobo","EUS_239",0.219242691698791,0.329464027446911,617,0.81308423993342,502.914947151853,0.817938364638625
"conc","Basin_Rhine","Rhine (whole basin)","bonobo","EUS_258",0.211781571992144,0.256620542185306,617,0.785644761586073,486.164495377966,0.790303056214325
"conc","Basin_Rhine","Rhine (whole basin)","bonobo","EUS_259",0.211008361735694,0.258691628837199,617,0.790854504100647,489.355695135766,0.79720767838169
"conc","Basin_Rhine","Rhine (whole basin)","bonobo","EUS_260",0.203335288981777,0.260509850529452,617,0.778281007860937,481.610691795836,0.781691792256801
"conc","Basin_Rhine","Rhine (whole basin)","bonobo","EUS_261",0.167210959381045,0.264545897486964,617,0.741816139438689,459.160044858863,0.781693704940988
"conc","Basin_Rhine","Rhine (whole basin)","bonobo","EUS_262",0.180589665276738,0.27172319396962,617,0.767440026367953,474.947695058822,0.767545554430496
"conc","Basin_Rhine","Rhine (whole basin)","bonobo","EUS_263",0.167797378077781,0.264519644648474,617,0.742682943798287,459.694843963707,0.77963297195672
"conc","Basin_Rhine","Rhine (whole basin)","bonobo","EUS_264",0.167186549225572,0.263972326258188,617,0.740234152719305,458.172486737485,0.789839390587
"conc","Basin_Rhine","Rhine (whole basin)","bonobo","EUS_265",0.198397393081125,0.263962771104055,617,0.788552650007703,487.958701343249,0.793673015283702
"conc","Basin_Rhine","Rhine (whole basin)","bonobo","EUS_266",0.198012546021388,0.264811467640363,617,0.788516725905504,487.875655496225,0.793748410461451
"conc","Basin_Rhine","Rhine (whole basin)","bonobo","EUS_375",0.168130576752988,0.278930606474982,617,0.770989774797411,477.128261240909,0.780151880061104
"conc","Basin_Rhine","Rhine (whole basin)","bonobo","EUS_381",0.199867630753518,0.263435254950724,617,0.786939019336011,486.986838782247,0.792791320693623
"conc","Basin_Rhine","Rhine (whole basin)","bonobo","EUS_382",0.177476358591853,0.284614775633437,617,0.788030702108802,487.635191928944,0.794727824020841
"conc","Basin_Rhine","Rhine (whole basin)","bonobo","EUS_383",0.171218035805078,0.28414210387566,617,0.76850753040214,475.611816886065,0.782029606448788
"conc","Basin_Rhine","Rhine (whole basin)","bonobo","EUS_387",0.207716117684076,0.263662465475765,617,0.791943868039242,490.075149120768,0.798513090872104
"conc","Basin_Rhine","Rhine (whole basin)","bonobo","EUS_388",0.207068564986133,0.263667543052013,617,0.790985418523698,489.483764104035,0.797184608966611
"conc","Basin_Rhine","Rhine (whole basin)","bonobo","EUS_392",0.176370140571079,0.284253028043727,617,0.78336137321646,484.774061345803,0.788009595361761
"conc","Basin_Rhine","Rhine (whole basin)","bonobo","EUS_393",0.194414445931395,0.272858750419052,617,0.789615836026094,488.629915270346,0.795313195601715
"conc","Basin_Rhine","Rhine (whole basin)","bonobo","EUS_400",0.167676732822017,0.269176634554404,617,0.724375680640581,448.328517102442,0.744098530219913
"conc","Basin_Rhine","Rhine (whole basin)","bonobo","EUS_401",0.180366568487654,0.277828228277738,617,0.78841789485476,487.896470513149,0.792460326896497
"conc","Basin_Rhine","Rhine (whole basin)","bonobo","EUS_402",0.170223633331298,0.284395262986014,617,0.778738827283804,481.927718814634,0.783513135715576
"conc","Basin_Rhine","Rhine (whole basin)","bonobo","EUS_403",0.167276715008236,0.287074356356449,617,0.779518334821386,482.247532886222,0.784976282696841
"conc","Basin_Rhine","Rhine (whole basin)","bonobo","EUS_404",0.20157630757849,0.260367525800124,617,0.782243514539921,484.016351851715,0.789976489069147
"conc","Basin_Rhine","Rhine (whole basin)","bonobo","EUS_405",0.203222327125035,0.266125598912784,617,0.79141196317598,489.679535329697,0.797576402292343
"conc","Basin_Rhine","Rhine (whole basin)","bonobo","EUS_406",0.163476286144857,0.278250241930017,617,0.715196242002275,442.648202894545,0.726508426804613
"conc","Basin_Rhine","Rhine (whole basin)","bonobo","EUS_407",0.205334530306878,0.261900397823178,617,0.788078787046587,487.690256060586,0.795536290045414
"conc","Basin_Rhine","Rhine (whole basin)","bonobo","EUS_408",0.16870215437562,0.294966109615669,617,0.757195857063143,468.632987125145,0.780828515399637
"conc","Basin_Rhine","Rhine (whole basin)","bonobo","EUS_409",0.20159638376963,0.261905526385248,617,0.777795583013273,481.345779037787,0.786841288123759
"conc","Basin_Rhine","Rhine (whole basin)","bonobo","EUS_410",0.164808431032872,0.289048930424931,617,0.754053826571258,466.673165293104,0.779941593069393
"conc","Basin_Rhine","Rhine (whole basin)","bonobo","EUS_411",0.208656541298804,0.26146548331358,617,0.789100646864584,488.319137071322,0.797278852576748
"conc","Basin_Rhine","Rhine (whole basin)","bonobo","EUS_412",0.180710490253566,0.269015011785202,617,0.769161046692768,476.005911709767,0.775220924347611
"conc","Basin_Rhine","Rhine (whole basin)","bonobo","EUS_413",0.207207111803425,0.264156340607799,617,0.790422937319765,489.136908187529,0.797898802072136
"conc","Basin_Rhine","Rhine (whole basin)","bonobo","EUS_414",0.188459245055641,0.268835216913823,617,0.781305384730977,483.497315433848,0.784679996951997
"conc","Basin_Rhine","Rhine (whole basin)","bonobo","EUS_415",0.20541537841146,0.261950903058755,617,0.779384118232949,482.325670254658,0.79055361748428
"conc","Basin_Rhine","Rhine (whole basin)","bonobo","EUS_416",0.167028358489762,0.273423567461684,617,0.735249212679388,454.985138256753,0.739907930640254
"conc","Basin_Rhine","Rhine (whole basin)","bonobo","EUS_417",0.209919020568829,0.261308451667583,617,0.792532570456417,490.34937848501,0.799489611089447
"conc","Basin_Rhine","Rhine (whole basin)","bonobo","EUS_418",0.165896911496833,0.283057079751502,617,0.764391173667749,473.073020688244,0.772317524889994
"conc","Basin_Rhine","Rhine (whole basin)","bonobo","EUS_419",0.207377061571638,0.263188347525961,617,0.791988282712464,490.101620529871,0.79869114166335
"conc","Basin_Rhine","Rhine (whole basin)","bonobo","EUS_420",0.201544750091575,0.266493926323398,617,0.788408124550054,487.880299448884,0.79410266110922
"conc","Basin_Rhine","Rhine (whole basin)","bonobo","EUS_421",0.199142379230232,0.271013308347232,617,0.790739788661153,489.331915973445,0.796977698050904
"conc","Basin_Tajo","Tajo (whole basin)","lioness","EUS_117",0.125077515737856,0.815937259067523,185,0.833548243009762,156.12419383498,0.845752071596274
"conc","Basin_Tajo","Tajo (whole basin)","lioness","EUS_118",0.151050742397502,0.708559832346833,185,0.885368225910414,165.697621046546,0.885267999255215
"conc","Basin_Tajo","Tajo (whole basin)","lioness","EUS_119",0.250066044937001,0.641311094789281,185,0.90128909178616,168.348099799662,0.91087982696837
"conc","Basin_Tajo","Tajo (whole basin)","lioness","EUS_120",0.340895468860749,0.478279986519018,185,0.928487309884096,173.672330587456,0.954633482169398
"conc","Basin_Tajo","Tajo (whole basin)","lioness","EUS_121",0.156040763208765,0.586313211249572,185,0.894912319513739,167.753366510713,0.900621541138824
"conc","Basin_Tajo","Tajo (whole basin)","lioness","EUS_122",0.107040345115391,0.838101490726069,185,0.799352868483629,164.709521099201,0.858006029320828
"conc","Basin_Tajo","Tajo (whole basin)","lioness","EUS_123",0.164288215743193,1.11463758956762,185,0.859853796084225,160.826030738361,0.912698169877498
"conc","Basin_Tajo","Tajo (whole basin)","lioness","EUS_124",0.00338030348295682,0.8700580528658,185,0.828036753720709,177.050253110188,0.865464802720316
"conc","Basin_Tajo","Tajo (whole basin)","lioness","EUS_125",0.073150350191211,0.677494191626725,185,0.818110759139403,164.723649254836,0.825019048745654
"conc","Basin_Tajo","Tajo (whole basin)","lioness","EUS_126",-0.0235280165087095,0.958064566544046,185,0.471847361216955,198.429038737623,0.911291883240978
"conc","Basin_Tajo","Tajo (whole basin)","lioness","EUS_127",0.136440343582327,0.926704331743355,185,0.923866963267491,172.615365153457,0.947200750655729
"conc","Basin_Tajo","Tajo (whole basin)","lioness","EUS_128",0.25142093649526,0.689383342986111,185,0.927882064832835,173.447674914432,0.953659827086934
"conc","Basin_Tajo","Tajo (whole basin)","lioness","EUS_129",0.541507010846137,2.15038748952545,185,0.836675970807041,188.917600812189,0.981932589883359
"conc","Basin_Tajo","Tajo (whole basin)","lioness","EUS_130",0.26746426409089,0.724271428812383,185,0.915342515968159,171.129396588195,0.933487509348109
"conc","Basin_Tajo","Tajo (whole basin)","lioness","EUS_131",0.11225951898097,1.10749316360995,185,0.898959655464021,168.225305139018,0.90713247288493
"conc","Basin_Tajo","Tajo (whole basin)","lioness","EUS_132",0.210264858089144,0.573718206190711,185,0.905465437264393,169.4379211372,0.91759829578118
"conc","Basin_Tajo","Tajo (whole basin)","lioness","EUS_133",0.190269760235128,0.682958239603071,185,0.903018420750209,169.26863647627,0.913661790954014
"conc","Basin_Tajo","Tajo (whole basin)","lioness","EUS_134",0.383956678636676,0.758475420322922,185,0.929393310570705,173.504720460434,0.956090961534812
"conc","Basin_Tajo","Tajo (whole basin)","lioness","EUS_135",0.197800191232541,0.678500397094581,185,0.886024228207156,166.019066919562,0.8863233072978
"conc","Basin_Tajo","Tajo (whole basin)","lioness","EUS_136",0.276779354153578,0.525178637460713,185,0.919539738253763,172.308717778425,0.940239562590166
"conc","Basin_Tajo","Tajo (whole basin)","lioness","EUS_137",0.326658946346726,0.573535602423731,185,0.913089175047432,172.888238514627,0.92986256960607
"conc","Basin_Tajo","Tajo (whole basin)","lioness","EUS_138",0.205587399665976,0.923886776868367,185,0.900045150963198,169.953258031936,0.90887870477491
"conc","Basin_Tajo","Tajo (whole basin)","lioness","EUS_139",0.0595369942083844,0.815464582944597,185,0.832287951796561,169.782105022224,0.832012742386286
"conc","Basin_Tajo","Tajo (whole basin)","lioness","EUS_140",0.9759505674768,2.33679707402783,185,1.82824175219002,340.433200445654,1.18827949751188
"conc","Basin_Tajo","Tajo (whole basin)","lioness","EUS_141",0.828043953500205,2.3201615605616,185,1.87295904963893,348.71319494613,1.26075908327133
"conc","Basin_Tajo","Tajo (whole basin)","lioness","EUS_142",0.069761561195887,0.786195399467276,185,0.672413082428991,180.39209036824,0.778713985832262
"conc","Basin_Tajo","Tajo (whole basin)","lioness","EUS_143",-0.019181016241253,0.904277151891449,185,0.589470695130484,188.699976497691,0.82639237546126
"conc","Basin_Tajo","Tajo (whole basin)","bonobo","EUS_117",0.216938607087231,0.339954754443909,185,0.892503781365652,167.003402593623,0.90978522126012
"conc","Basin_Tajo","Tajo (whole basin)","bonobo","EUS_118",0.22001088394865,0.339965303160078,185,0.8995950376202,168.313732582215,0.9151933708708
"conc","Basin_Tajo","Tajo (whole basin)","bonobo","EUS_119",0.23432511486661,0.33684277725672,185,0.901829499536987,168.685573005686,0.918800309507581
"conc","Basin_Tajo","Tajo (whole basin)","bonobo","EUS_120",0.244101600810048,0.329652106049759,185,0.90509858116266,169.331323820529,0.924072403406065
"conc","Basin_Tajo","Tajo (whole basin)","bonobo","EUS_121",0.220449355287652,0.334765928670138,185,0.900872365320355,168.549534198379,0.917245026221036
"conc","Basin_Tajo","Tajo (whole basin)","bonobo","EUS_122",0.212036717507178,0.331859940035209,185,0.88946343714577,166.44040881068,0.912334606192678
"conc","Basin_Tajo","Tajo (whole basin)","bonobo","EUS_123",0.219698052345147,0.344742441769799,185,0.895768864137022,167.582052069873,0.918435102181441
"conc","Basin_Tajo","Tajo (whole basin)","bonobo","EUS_124",0.204783144061848,0.334850366754638,185,0.894377184536818,167.350799701331,0.915734793821507
"conc","Basin_Tajo","Tajo (whole basin)","bonobo","EUS_125",0.210077135468114,0.330887831608744,185,0.891484088425364,166.8135506939,0.908729337591398
"conc","Basin_Tajo","Tajo (whole basin)","bonobo","EUS_126",0.203091068037359,0.330213161142446,185,0.863320438976482,161.574434590383,0.919850770034224
"conc","Basin_Tajo","Tajo (whole basin)","bonobo","EUS_127",0.220367852473431,0.338164724704781,185,0.904504730496039,169.136032413129,0.923117504373074
"conc","Basin_Tajo","Tajo (whole basin)","bonobo","EUS_128",0.23418183597789,0.34643029197355,185,0.904978752175954,169.29666883922,0.923890958163171
"conc","Basin_Tajo","Tajo (whole basin)","bonobo","EUS_129",0.251045625504589,0.341269215596052,185,0.894531021880348,167.33656797887,0.924743104225113
"conc","Basin_Tajo","Tajo (whole basin)","bonobo","EUS_130",0.236799179802068,0.347325933752694,185,0.903581855722287,169.035911241275,0.921663390252172
"conc","Basin_Tajo","Tajo (whole basin)","bonobo","EUS_131",0.219601393810466,0.350209246834645,185,0.901440933346876,168.656685951076,0.918195911635525
"conc","Basin_Tajo","Tajo (whole basin)","bonobo","EUS_132",0.228789632923974,0.334575535051925,185,0.902326270758463,168.821806488476,0.919584461089529
"conc","Basin_Tajo","Tajo (whole basin)","bonobo","EUS_133",0.226512055193715,0.341250340264106,185,0.901195880632296,168.612183897113,0.917792143401191
"conc","Basin_Tajo","Tajo (whole basin)","bonobo","EUS_134",0.253260262732864,0.331305044147931,185,0.905169740561585,169.309444835094,0.924195741859604
"conc","Basin_Tajo","Tajo (whole basin)","bonobo","EUS_135",0.227640003617567,0.338334656438681,185,0.899937071347792,168.365200592349,0.915767419180999
"conc","Basin_Tajo","Tajo (whole basin)","bonobo","EUS_136",0.236144874501835,0.339435630721751,185,0.90403459542852,169.13769572395,0.922349548312624
"conc","Basin_Tajo","Tajo (whole basin)","bonobo","EUS_137",0.242099027714883,0.333340121999109,185,0.903216689950235,169.010731231151,0.921046073554561
"conc","Basin_Tajo","Tajo (whole basin)","bonobo","EUS_138",0.229944666142141,0.340514735443397,185,0.901830806322194,168.756395073969,0.918806078941287
"conc","Basin_Tajo","Tajo (whole basin)","bonobo","EUS_139",0.210736822022598,0.328156407509253,185,0.893943826811908,167.284899886727,0.908782666769482
"conc","Basin_Tajo","Tajo (whole basin)","bonobo","EUS_140",0.268368549205726,0.433420025897987,185,0.942416611303555,176.264886958117,0.939452586510711
"conc","Basin_Tajo","Tajo (whole basin)","bonobo","EUS_141",0.255963157652953,0.432280986987122,185,0.944438515831834,176.63924527532,0.942655286537346
"conc","Basin_Tajo","Tajo (whole basin)","bonobo","EUS_142",0.21184047236788,0.326952708142465,185,0.878925976707414,164.514726882959,0.904100948325296
"conc","Basin_Tajo","Tajo (whole basin)","bonobo","EUS_143",0.202743301630363,0.332430036951694,185,0.872344332375452,163.296900978746,0.909975188526781
"conc","Basin_Basque_Country_internal_basins","Basque Country internal basins (whole basin)","lioness","EUS_189",0.519340362900915,0.541876053867969,125,0.954684962578738,119.335620322342,0.968765556499003
"conc","Basin_Basque_Country_internal_basins","Basque Country internal basins (whole basin)","lioness","EUS_190",0.275429343533346,0.666124726435604,125,0.914513578170479,114.454407891312,0.925527781581289
"conc","Basin_Basque_Country_internal_basins","Basque Country internal basins (whole basin)","lioness","EUS_191",0.1425806422654,0.757296125171831,125,0.835354701702986,106.476967798173,0.823819901383078
"conc","Basin_Basque_Country_internal_basins","Basque Country internal basins (whole basin)","lioness","EUS_192",0.463338172206745,0.498884786269307,125,0.934650107232873,116.849134335514,0.94331121313126
"conc","Basin_Basque_Country_internal_basins","Basque Country internal basins (whole basin)","lioness","EUS_193",0.468448163571398,0.500343888627051,125,0.918574797516696,115.375503604731,0.92436525365543
"conc","Basin_Basque_Country_internal_basins","Basque Country internal basins (whole basin)","lioness","EUS_194",0.370300768396199,0.576042294577438,125,0.921591553606322,115.599243746018,0.931415432982462
"conc","Basin_Basque_Country_internal_basins","Basque Country internal basins (whole basin)","lioness","EUS_195",0.106990165715587,0.829800360929317,125,0.801293580833345,112.710382824619,0.870512177515523
"conc","Basin_Basque_Country_internal_basins","Basque Country internal basins (whole basin)","lioness","EUS_196",0.337600277408436,1.42971687357157,125,0.94532106732525,128.568434363234,1.02065737994831
"conc","Basin_Basque_Country_internal_basins","Basque Country internal basins (whole basin)","lioness","EUS_197",0.150040174815086,0.631184027915559,125,0.890434305404263,111.304288175533,0.891806434325627
"conc","Basin_Basque_Country_internal_basins","Basque Country internal basins (whole basin)","lioness","EUS_198",0.102389239278738,0.918292282018098,125,0.737029223309071,103.895882589163,0.729662805759348
"conc","Basin_Basque_Country_internal_basins","Basque Country internal basins (whole basin)","lioness","EUS_199",0.284091375976487,0.594987940010662,125,0.923449739706721,115.43121746334,0.936883951274672
"conc","Basin_Basque_Country_internal_basins","Basque Country internal basins (whole basin)","lioness","EUS_222",0.468831630417099,0.65939751939819,125,0.932235231404376,116.529403925547,0.944830158147452
"conc","Basin_Basque_Country_internal_basins","Basque Country internal basins (whole basin)","lioness","EUS_223",0.162037282597213,0.601709167170387,125,0.838844407456143,104.947012554173,0.828961685669306
"conc","Basin_Basque_Country_internal_basins","Basque Country internal basins (whole basin)","lioness","EUS_224",-0.0685137935866697,1.44370530342193,125,0.780640534559258,114.759004775632,0.910838256386487
"conc","Basin_Basque_Country_internal_basins","Basque Country internal basins (whole basin)","lioness","EUS_225",0.0966503276249381,0.888537265111847,125,0.795165408902585,106.522142387253,0.777763915514604
"conc","Basin_Basque_Country_internal_basins","Basque Country internal basins (whole basin)","lioness","EUS_226",0.37403907315582,0.653848576195129,125,0.85715824069624,108.963767443591,0.849169229798153
"conc","Basin_Basque_Country_internal_basins","Basque Country internal basins (whole basin)","lioness","EUS_227",0.189169952499386,0.739365817987644,125,0.84394211369643,106.358004604458,0.85284300383811
"conc","Basin_Basque_Country_internal_basins","Basque Country internal basins (whole basin)","lioness","EUS_228",0.140457473051208,0.61725544724928,125,0.826102070595618,107.166016277133,0.82359287782058
"conc","Basin_Basque_Country_internal_basins","Basque Country internal basins (whole basin)","lioness","EUS_229",2.01037467081734,2.9500312068147,125,1.49677983078187,187.097478847734,1.41886529205205
"conc","Basin_Basque_Country_internal_basins","Basque Country internal basins (whole basin)","lioness","EUS_230",0.134227407460297,2.06400530331313,125,1.17561825454149,158.285123544227,0.895770159116231
"conc","Basin_Basque_Country_internal_basins","Basque Country internal basins (whole basin)","bonobo","EUS_189",0.342975999725972,0.294380875337106,125,0.907721969963471,113.465246245434,0.914110702613458
"conc","Basin_Basque_Country_internal_basins","Basque Country internal basins (whole basin)","bonobo","EUS_190",0.315111650570423,0.299635166469104,125,0.903472081263446,112.934010157931,0.909700619846301
"conc","Basin_Basque_Country_internal_basins","Basque Country internal basins (whole basin)","bonobo","EUS_191",0.29773969078699,0.298916381713395,125,0.893756505078538,111.719563134817,0.897205302172664
"conc","Basin_Basque_Country_internal_basins","Basque Country internal basins (whole basin)","bonobo","EUS_192",0.336187049974614,0.288358100757625,125,0.905781832645089,113.222729080636,0.91167560569137
"conc","Basin_Basque_Country_internal_basins","Basque Country internal basins (whole basin)","bonobo","EUS_193",0.336489930366514,0.287826625258565,125,0.903619975694424,112.952496961803,0.909120245560292
"conc","Basin_Basque_Country_internal_basins","Basque Country internal basins (whole basin)","bonobo","EUS_194",0.325001807183883,0.291925929026973,125,0.903940644346128,112.992580543266,0.909917479973361
"conc","Basin_Basque_Country_internal_basins","Basque Country internal basins (whole basin)","bonobo","EUS_195",0.293323588115412,0.304780704672178,125,0.889876354165804,111.234544270725,0.901958690820815
"conc","Basin_Basque_Country_internal_basins","Basque Country internal basins (whole basin)","bonobo","EUS_196",0.312083772153172,0.323446195744251,125,0.902144273751194,112.768034218899,0.91746740464374
"conc","Basin_Basque_Country_internal_basins","Basque Country internal basins (whole basin)","bonobo","EUS_197",0.297942645275181,0.297853037821218,125,0.900266077449272,112.533259681159,0.905257033657193
"conc","Basin_Basque_Country_internal_basins","Basque Country internal basins (whole basin)","bonobo","EUS_198",0.294454374988486,0.301619311973304,125,0.882812437946506,110.351554743313,0.886946318461398
"conc","Basin_Basque_Country_internal_basins","Basque Country internal basins (whole basin)","bonobo","EUS_199",0.314622684482144,0.299042348078678,125,0.904562413612898,113.070301701612,0.911090635253205
"conc","Basin_Basque_Country_internal_basins","Basque Country internal basins (whole basin)","bonobo","EUS_222",0.337376503217983,0.29276768072703,125,0.904930785525357,113.11634819067,0.910891964788819
"conc","Basin_Basque_Country_internal_basins","Basque Country internal basins (whole basin)","bonobo","EUS_223",0.299711020708306,0.291984974268017,125,0.893421919175368,111.677739896921,0.896915054797224
"conc","Basin_Basque_Country_internal_basins","Basque Country internal basins (whole basin)","bonobo","EUS_224",0.282120894205925,0.310457071182906,125,0.887684610366745,110.960576295843,0.905938247847546
"conc","Basin_Basque_Country_internal_basins","Basque Country internal basins (whole basin)","bonobo","EUS_225",0.293923430117706,0.295052093165885,125,0.887567059630083,110.94588245376,0.890084244469296
"conc","Basin_Basque_Country_internal_basins","Basque Country internal basins (whole basin)","bonobo","EUS_226",0.32676584314036,0.28731555361605,125,0.89689569018027,112.111961272534,0.900888578333118
"conc","Basin_Basque_Country_internal_basins","Basque Country internal basins (whole basin)","bonobo","EUS_227",0.300429497431947,0.294767990065034,125,0.894197920497765,111.774740062221,0.90027582989251
"conc","Basin_Basque_Country_internal_basins","Basque Country internal basins (whole basin)","bonobo","EUS_228",0.296012915269535,0.291538589386494,125,0.89265789687903,111.582237109879,0.897407639013039
"conc","Basin_Basque_Country_internal_basins","Basque Country internal basins (whole basin)","bonobo","EUS_229",0.412184953840732,0.347571903580323,125,0.934540916404278,116.817614550535,0.936099777057395
"conc","Basin_Basque_Country_internal_basins","Basque Country internal basins (whole basin)","bonobo","EUS_230",0.300124397994428,0.334178315856378,125,0.914215709997608,114.276963749701,0.911781935840765
"conc","Sec_Elbe_Upper","Upper Elbe (section)","lioness","EUS_031",0.247129960195297,0.471173882509852,469,0.597327580462086,330.425693547546,0.607810656737329
"conc","Sec_Elbe_Upper","Upper Elbe (section)","lioness","EUS_032",0.952220772123388,2.43529558604593,469,1.55290809945857,780.436535619391,1.39006193449611
"conc","Sec_Elbe_Upper","Upper Elbe (section)","lioness","EUS_033",0.0641787633191393,0.739336046459499,469,0.612489064650808,363.634001062191,0.606844593694793
"conc","Sec_Elbe_Upper","Upper Elbe (section)","lioness","EUS_037",0.0707205308585527,0.670078592732977,469,0.577889152918415,329.617889535871,0.64293475538359
"conc","Sec_Elbe_Upper","Upper Elbe (section)","lioness","EUS_038",0.159064067113574,0.930998789545637,469,0.9018616737538,435.206715264557,0.901772042148009
"conc","Sec_Elbe_Upper","Upper Elbe (section)","lioness","EUS_039",0.0989429606226442,0.539886819531466,469,0.62610677567895,334.440768264034,0.667723039865211
"conc","Sec_Elbe_Upper","Upper Elbe (section)","lioness","EUS_040",0.587792825652928,0.437157072433404,469,0.958299907165552,465.354384851266,0.941393500466913
"conc","Sec_Elbe_Upper","Upper Elbe (section)","lioness","EUS_041",0.0681425367153845,0.701377879036375,469,0.626271360602868,349.859576653722,0.683814500485157
"conc","Sec_Elbe_Upper","Upper Elbe (section)","lioness","EUS_042",0.0783749313478841,0.924650997183732,469,0.687717558050783,428.330860620792,0.65956682719027
"conc","Sec_Elbe_Upper","Upper Elbe (section)","lioness","EUS_043",0.065555972610925,0.763102252843844,469,0.702703712658653,380.657347891967,0.692734623331286
"conc","Sec_Elbe_Upper","Upper Elbe (section)","lioness","EUS_044",0.00345879017690279,0.921790880407361,469,0.458682794960648,349.137978251655,0.50746908965854
"conc","Sec_Elbe_Upper","Upper Elbe (section)","lioness","EUS_045",0.0399145324151105,0.977359605823268,469,0.517786269642692,340.453054313435,0.555415650013981
"conc","Sec_Elbe_Upper","Upper Elbe (section)","lioness","EUS_046",0.073126025657778,0.744525747143708,469,0.401867959200834,349.812071232333,0.358421567554804
"conc","Sec_Elbe_Upper","Upper Elbe (section)","lioness","EUS_049",0.126188756282933,0.84762446846722,469,0.608075547807603,363.627900423729,0.579899733135259
"conc","Sec_Elbe_Upper","Upper Elbe (section)","lioness","EUS_057",0.0175124156447153,1.68765637949651,469,0.515494821461963,366.335149943865,0.486585490012413
"conc","Sec_Elbe_Upper","Upper Elbe (section)","lioness","EUS_058",0.109739995896286,0.650791705427928,469,0.601022629251677,324.558976343352,0.61156910896731
"conc","Sec_Elbe_Upper","Upper Elbe (section)","lioness","EUS_059",0.0849215195135805,0.569255541667838,469,0.671237259778211,351.151018370145,0.700918622868261
"conc","Sec_Elbe_Upper","Upper Elbe (section)","lioness","EUS_060",0.082454983576847,0.631852496785944,469,0.695920839154152,368.783323072994,0.741892515660481
"conc","Sec_Elbe_Upper","Upper Elbe (section)","lioness","EUS_061",0.0759534650812869,0.672666149466337,469,0.665980088077655,358.381966357798,0.681076621468647
"conc","Sec_Elbe_Upper","Upper Elbe (section)","lioness","EUS_062",0.28983087697958,0.521703061243179,469,0.700331031678285,383.380761566061,0.689092526827907
"conc","Sec_Elbe_Upper","Upper Elbe (section)","lioness","EUS_063",0.0961991213867948,0.690691273338949,469,0.758071131285035,382.44221462377,0.8099949047455
"conc","Sec_Elbe_Upper","Upper Elbe (section)","lioness","EUS_064",0.129313607634731,0.491561092111247,469,0.602836884775026,324.762467542718,0.625574527252057
"conc","Sec_Elbe_Upper","Upper Elbe (section)","lioness","EUS_065",0.0603625073035718,0.69303826234959,469,0.557760548958805,323.568848745568,0.586554648556945
"conc","Sec_Elbe_Upper","Upper Elbe (section)","lioness","EUS_066",0.0419562480158064,0.797182242224885,469,0.644417254628991,363.484778395636,0.709946141207651
"conc","Sec_Elbe_Upper","Upper Elbe (section)","lioness","EUS_067",0.0874398765329607,0.836737369103014,469,0.684722350182855,349.581049216083,0.757136129367108
"conc","Sec_Elbe_Upper","Upper Elbe (section)","lioness","EUS_068",0.0717859802522461,0.812677658685928,469,0.693413468749799,347.130988525646,0.777709246867707
"conc","Sec_Elbe_Upper","Upper Elbe (section)","lioness","EUS_069",0.231564765304565,1.08698679018514,469,0.67598376567494,353.833075495552,0.720890603621142
"conc","Sec_Elbe_Upper","Upper Elbe (section)","lioness","EUS_079",0.0499917578990244,1.15038944383667,469,0.502415231486214,392.912478058492,0.536394675174657
"conc","Sec_Elbe_Upper","Upper Elbe (section)","lioness","EUS_080",0.076597533890388,0.711574277974515,469,0.533197426794381,333.448864398309,0.561149298623276
"conc","Sec_Elbe_Upper","Upper Elbe (section)","lioness","EUS_081",0.0411009713386971,0.872882824607038,469,0.547709284853532,352.033476415832,0.5862313446755
"conc","Sec_Elbe_Upper","Upper Elbe (section)","lioness","EUS_147",0.296489712494452,0.98211194689023,469,0.865443399758761,416.665102675053,0.866729135062986
"conc","Sec_Elbe_Upper","Upper Elbe (section)","lioness","EUS_148",0.0593900660253921,1.28997585948078,469,0.802620806679625,457.08659875972,0.736780159604691
"conc","Sec_Elbe_Upper","Upper Elbe (section)","lioness","EUS_149",0.0461080457997972,0.927727986743811,469,0.536839372084711,385.946008154905,0.589841439588163
"conc","Sec_Elbe_Upper","Upper Elbe (section)","lioness","EUS_150",1.02276744270195,2.74636943241368,469,1.52480811978412,828.705307925725,1.46975239033311
"conc","Sec_Elbe_Upper","Upper Elbe (section)","lioness","EUS_155",0.172607800013658,0.938965754204713,469,0.912325492141144,454.425600156483,0.896286541363325
"conc","Sec_Elbe_Upper","Upper Elbe (section)","lioness","EUS_235",0.435264027635862,0.758966906966093,469,0.958563292628113,453.011933306921,0.979310688981362
"conc","Sec_Elbe_Upper","Upper Elbe (section)","lioness","EUS_245",0.960672383004395,2.48831040256744,469,1.69644114141662,892.360966273832,1.57329526331435
"conc","Sec_Elbe_Upper","Upper Elbe (section)","lioness","EUS_250",0.1689445360074,0.508055440383931,469,0.546204427287239,305.136560697935,0.520917381938663
"conc","Sec_Elbe_Upper","Upper Elbe (section)","lioness","EUS_273",0.147037989265286,0.876622075097417,469,0.745007488691765,398.456078782472,0.782187912899811
"conc","Sec_Elbe_Upper","Upper Elbe (section)","lioness","EUS_274",0.118552294820675,0.841650328430294,469,0.764882958075929,393.542390106665,0.811031370297537
"conc","Sec_Elbe_Upper","Upper Elbe (section)","lioness","EUS_275",0.126532932668968,0.744812070470396,469,0.796032068292089,397.59789356703,0.822408387748152
"conc","Sec_Elbe_Upper","Upper Elbe (section)","lioness","EUS_276",0.108424600636809,0.706821497765888,469,0.776771058248008,380.417192821041,0.804220158667613
"conc","Sec_Elbe_Upper","Upper Elbe (section)","lioness","EUS_425",0.3368699809952,0.895996043764802,469,0.9575636058384,463.196968241068,0.952135166114989
"conc","Sec_Elbe_Upper","Upper Elbe (section)","lioness","EUS_426",0.0888799747397807,0.7490007591179,469,0.564995525866186,342.319799299057,0.552383636844429
"conc","Sec_Elbe_Upper","Upper Elbe (section)","lioness","EUS_428",0.332799538396371,0.787477117430353,469,0.976368488002587,469.719710745676,0.973472332977104
"conc","Sec_Elbe_Upper","Upper Elbe (section)","lioness","EUS_429",0.0592809659763566,0.940317969038481,469,0.550128781649723,339.248254203497,0.53067487415367
"conc","Sec_Elbe_Upper","Upper Elbe (section)","lioness","EUS_430",0.395392812303013,0.635729795706906,469,0.989419638585461,465.412943463711,0.991950663249892
"conc","Sec_Elbe_Upper","Upper Elbe (section)","lioness","EUS_433",0.147333148984474,0.846498785258586,469,0.455599703924493,395.323083779308,0.489734122803475
"conc","Sec_Elbe_Upper","Upper Elbe (section)","lioness","EUS_444",0.164246228499006,0.975778246279371,469,0.789084310119659,416.221865573728,0.742544560975805
"conc","Sec_Elbe_Upper","Upper Elbe (section)","lioness","EUS_445",-0.0885911700662241,3.17339805278402,469,1.21272520620876,685.028000404002,1.54698936854095
"conc","Sec_Elbe_Upper","Upper Elbe (section)","bonobo","EUS_031",0.195436130767135,0.23322470835256,469,0.708021827216056,332.06223696433,0.718467332079959
"conc","Sec_Elbe_Upper","Upper Elbe (section)","bonobo","EUS_032",0.243102321933515,0.348151118018992,469,0.811583319378366,380.632576788454,0.804980159091159
"conc","Sec_Elbe_Upper","Upper Elbe (section)","bonobo","EUS_033",0.161677248172219,0.255233753295704,469,0.713457040813749,334.611352141648,0.721293879809747
"conc","Sec_Elbe_Upper","Upper Elbe (section)","bonobo","EUS_037",0.164721046885846,0.249200229602251,469,0.705986284461803,331.107567412586,0.725650367492575
"conc","Sec_Elbe_Upper","Upper Elbe (section)","bonobo","EUS_038",0.186639169608072,0.272214344236077,469,0.758936935753359,355.941422868325,0.766479415018511
"conc","Sec_Elbe_Upper","Upper Elbe (section)","bonobo","EUS_039",0.168438210131545,0.241593857485657,469,0.712953049488215,334.374980209973,0.72853631667208
"conc","Sec_Elbe_Upper","Upper Elbe (section)","bonobo","EUS_040",0.251930576806092,0.230433170004472,469,0.766511971639286,359.494114698825,0.771765890862727
"conc","Sec_Elbe_Upper","Upper Elbe (section)","bonobo","EUS_041",0.162919540494577,0.2512905422082,469,0.712999208538673,334.396628804638,0.731734992785484
"conc","Sec_Elbe_Upper","Upper Elbe (section)","bonobo","EUS_042",0.162646270753079,0.265747851542204,469,0.725951102953244,340.471067285071,0.730535238468854
"conc","Sec_Elbe_Upper","Upper Elbe (section)","bonobo","EUS_043",0.161288257423182,0.260329187610281,469,0.72627126648554,340.621223981718,0.732149324151015
"conc","Sec_Elbe_Upper","Upper Elbe (section)","bonobo","EUS_044",0.155513840097275,0.255165220186277,469,0.686350617120136,321.898439429344,0.701406043216716
"conc","Sec_Elbe_Upper","Upper Elbe (section)","bonobo","EUS_045",0.158712593235984,0.256391232888477,469,0.694917654185855,325.916379813166,0.709746865870765
"conc","Sec_Elbe_Upper","Upper Elbe (section)","bonobo","EUS_046",0.166068313871868,0.240538140260697,469,0.677064092561318,317.543059411258,0.678623113575356
"conc","Sec_Elbe_Upper","Upper Elbe (section)","bonobo","EUS_049",0.180336022391662,0.252178750500528,469,0.714731113795427,335.208892370055,0.719114275840389
"conc","Sec_Elbe_Upper","Upper Elbe (section)","bonobo","EUS_057",0.154406655672932,0.281093846246108,469,0.694715493391331,325.821566400534,0.700870926107299
"conc","Sec_Elbe_Upper","Upper Elbe (section)","bonobo","EUS_058",0.169019643561944,0.244686121377912,469,0.707879214160635,331.995351441338,0.71822631430366
"conc","Sec_Elbe_Upper","Upper Elbe (section)","bonobo","EUS_059",0.164648735009823,0.245445718627415,469,0.72101412926519,338.155626625374,0.735153444859538
"conc","Sec_Elbe_Upper","Upper Elbe (section)","bonobo","EUS_060",0.164091091697497,0.254592481333597,469,0.726425871668086,340.693733812332,0.744108526119674
"conc","Sec_Elbe_Upper","Upper Elbe (section)","bonobo","EUS_061",0.163338330489284,0.253614008730717,469,0.720477153014161,337.903784763642,0.732137578129041
"conc","Sec_Elbe_Upper","Upper Elbe (section)","bonobo","EUS_062",0.203202275798934,0.239794362510168,469,0.727593317352794,341.24126583846,0.734850688999883
"conc","Sec_Elbe_Upper","Upper Elbe (section)","bonobo","EUS_063",0.165405490493618,0.258850154802818,469,0.735483583142131,344.94180049366,0.753170731986268
"conc","Sec_Elbe_Upper","Upper Elbe (section)","bonobo","EUS_064",0.174065629851539,0.236158272352339,469,0.708718593735984,332.389020462176,0.721745420152198
"conc","Sec_Elbe_Upper","Upper Elbe (section)","bonobo","EUS_065",0.165532909735143,0.24965528398803,469,0.701332026475736,328.92472041712,0.714132085904762
"conc","Sec_Elbe_Upper","Upper Elbe (section)","bonobo","EUS_066",0.160682290926511,0.257149782438466,469,0.714714543031125,335.201120681598,0.733199143571472
"conc","Sec_Elbe_Upper","Upper Elbe (section)","bonobo","EUS_067",0.165771425421315,0.26648406523014,469,0.719065136839459,337.241549177706,0.736290903420922
"conc","Sec_Elbe_Upper","Upper Elbe (section)","bonobo","EUS_068",0.163877796136796,0.263511171564045,469,0.720549151801089,337.937552194711,0.740112125209203
"conc","Sec_Elbe_Upper","Upper Elbe (section)","bonobo","EUS_069",0.182457978711639,0.271928563730595,469,0.717465446404936,336.491294363915,0.730323879322179
"conc","Sec_Elbe_Upper","Upper Elbe (section)","bonobo","EUS_079",0.157599877692974,0.260335647587701,469,0.696802993312621,326.800603863619,0.7119901016382
"conc","Sec_Elbe_Upper","Upper Elbe (section)","bonobo","EUS_080",0.166867533201305,0.244385632056312,469,0.697536685875331,327.14470567553,0.711163736307142
"conc","Sec_Elbe_Upper","Upper Elbe (section)","bonobo","EUS_081",0.159496512537151,0.2522894932297,469,0.700361660990011,328.469619004315,0.714657751891942
"conc","Sec_Elbe_Upper","Upper Elbe (section)","bonobo","EUS_147",0.21216244909151,0.255258319330289,469,0.752685080231247,353.009302628455,0.760646512516746
"conc","Sec_Elbe_Upper","Upper Elbe (section)","bonobo","EUS_148",0.177001169601361,0.278487954451521,469,0.746358907490772,350.042327613172,0.746548174343199
"conc","Sec_Elbe_Upper","Upper Elbe (section)","bonobo","EUS_149",0.160471616962909,0.254813883883026,469,0.700033109632696,328.315528417734,0.717252484761885
"conc","Sec_Elbe_Upper","Upper Elbe (section)","bonobo","EUS_150",0.241606498342607,0.34734106438178,469,0.795349344892674,373.018842754664,0.79534020305574
"conc","Sec_Elbe_Upper","Upper Elbe (section)","bonobo","EUS_155",0.18807909310742,0.272308979627607,469,0.758757503078105,355.857268943631,0.764379143767559
"conc","Sec_Elbe_Upper","Upper Elbe (section)","bonobo","EUS_235",0.227294616593661,0.251003773145595,469,0.76548287881029,359.011470162026,0.775307566040241
"conc","Sec_Elbe_Upper","Upper Elbe (section)","bonobo","EUS_245",0.244501410527322,0.349025128112378,469,0.813842244909249,381.692012862438,0.809925770746174
"conc","Sec_Elbe_Upper","Upper Elbe (section)","bonobo","EUS_250",0.18162300235744,0.236270158433353,469,0.698965273044661,327.814713057946,0.703374310961953
"conc","Sec_Elbe_Upper","Upper Elbe (section)","bonobo","EUS_273",0.17326493020298,0.267335191414054,469,0.730596022789484,342.649534688268,0.74380202421075
"conc","Sec_Elbe_Upper","Upper Elbe (section)","bonobo","EUS_274",0.169103066758746,0.26992944692217,469,0.733404173289679,343.966557272859,0.748351103584493
"conc","Sec_Elbe_Upper","Upper Elbe (section)","bonobo","EUS_275",0.170923465102525,0.267347397392995,469,0.73953100704058,346.840042302032,0.751751235773715
"conc","Sec_Elbe_Upper","Upper Elbe (section)","bonobo","EUS_276",0.168316045560252,0.263882054140625,469,0.736831594016811,345.574017593884,0.749287746145769
"conc","Sec_Elbe_Upper","Upper Elbe (section)","bonobo","EUS_425",0.216933261582451,0.260547164606687,469,0.76583892791133,359.178457190414,0.772692307522485
"conc","Sec_Elbe_Upper","Upper Elbe (section)","bonobo","EUS_426",0.168257755602748,0.258686084942549,469,0.702844357292215,329.634003570049,0.708563357551149
"conc","Sec_Elbe_Upper","Upper Elbe (section)","bonobo","EUS_428",0.213883572433668,0.264332786031629,469,0.769088510395907,360.70251137568,0.776520044546781
"conc","Sec_Elbe_Upper","Upper Elbe (section)","bonobo","EUS_429",0.167532095512778,0.259292503399611,469,0.700839099019562,328.693537440175,0.706109969701301
"conc","Sec_Elbe_Upper","Upper Elbe (section)","bonobo","EUS_430",0.221645511485244,0.260394484421959,469,0.771485298172713,361.826604843003,0.779795907557725
"conc","Sec_Elbe_Upper","Upper Elbe (section)","bonobo","EUS_433",0.183583760173161,0.249164191142361,469,0.688151401411426,322.743007261959,0.703738088767839
"conc","Sec_Elbe_Upper","Upper Elbe (section)","bonobo","EUS_444",0.185952443663903,0.280429905669883,469,0.743294939155735,348.60532646404,0.744885631669387
"conc","Sec_Elbe_Upper","Upper Elbe (section)","bonobo","EUS_445",0.150266488888568,0.317010212135606,469,0.710965798916722,333.442959691943,0.725070722427086
"conc","Sec_Elbe_Middle","Middle Elbe (section)","lioness","EUS_018",0.0537063043397295,1.31605050923345,586,0.744792369836617,707.993477511422,0.753153518158995
"conc","Sec_Elbe_Middle","Middle Elbe (section)","lioness","EUS_019",0.0375781391994893,1.0067683338237,586,0.495591572587113,417.386001857291,0.522260288306157
"conc","Sec_Elbe_Middle","Middle Elbe (section)","lioness","EUS_020",0.218271828586661,0.485123756024524,586,0.639801679145473,394.369922689206,0.617529944244532
"conc","Sec_Elbe_Middle","Middle Elbe (section)","lioness","EUS_021",0.499195120744552,0.375874340721176,586,0.895958108724042,525.031451712288,0.907220642155409
"conc","Sec_Elbe_Middle","Middle Elbe (section)","lioness","EUS_022",0.125862771216175,0.648576901897013,586,0.626176961271561,431.919871869116,0.604282395959354
"conc","Sec_Elbe_Middle","Middle Elbe (section)","lioness","EUS_023",0.138857455405,1.41803184024069,586,1.0732481145758,751.672905935984,0.965941938586732
"conc","Sec_Elbe_Middle","Middle Elbe (section)","lioness","EUS_025",0.297015121512087,0.483555192098753,586,0.681881956082991,459.819568283101,0.670220958399508
"conc","Sec_Elbe_Middle","Middle Elbe (section)","lioness","EUS_034",0.401660066548743,0.39873977901885,586,0.840463130876443,509.663088749243,0.845012737336351
"conc","Sec_Elbe_Middle","Middle Elbe (section)","lioness","EUS_047",0.295812587859942,0.671140853498318,586,0.847136277480103,516.693488526972,0.869493130391517
"conc","Sec_Elbe_Middle","Middle Elbe (section)","lioness","EUS_048",0.269903233176315,0.703973265128342,586,0.861000742154726,511.090675869121,0.868216565574008
"conc","Sec_Elbe_Middle","Middle Elbe (section)","lioness","EUS_050",0.127735877761439,0.70639489003007,586,0.691387337645544,431.790351975907,0.688275757051684
"conc","Sec_Elbe_Middle","Middle Elbe (section)","lioness","EUS_054",-0.0251316317262415,1.51885260677445,586,0.590374096662304,495.948831194961,0.540340276459157
"conc","Sec_Elbe_Middle","Middle Elbe (section)","lioness","EUS_055",0.184903205289655,0.754495384008102,586,0.826925176335268,496.268355159154,0.818220081860426
"conc","Sec_Elbe_Middle","Middle Elbe (section)","lioness","EUS_056",0.346187124800284,1.36169917631675,586,0.883030713653915,643.349195158781,0.886315257482785
"conc","Sec_Elbe_Middle","Middle Elbe (section)","lioness","EUS_151",0.15760873249125,1.44836919105787,586,0.399761975663003,526.220758470125,0.387599120002218
"conc","Sec_Elbe_Middle","Middle Elbe (section)","lioness","EUS_152",0.0931166720874902,1.34792757221011,586,0.826759652463022,534.405293314744,0.834204180369468
"conc","Sec_Elbe_Middle","Middle Elbe (section)","lioness","EUS_153",-0.00218136634630759,1.66095172359653,586,0.787788022222104,508.033999550725,0.787748709100096
"conc","Sec_Elbe_Middle","Middle Elbe (section)","lioness","EUS_154",0.243367450973584,0.775731440954097,586,0.865147411979461,512.098420975839,0.878400059139595
"conc","Sec_Elbe_Middle","Middle Elbe (section)","lioness","EUS_202",0.823926817581198,2.11003949653837,586,1.25530912083336,805.127785925518,1.16777059781553
"conc","Sec_Elbe_Middle","Middle Elbe (section)","lioness","EUS_203",0.128726717145596,0.724964379883062,586,0.605692105431433,451.936804600502,0.595846360498681
"conc","Sec_Elbe_Middle","Middle Elbe (section)","lioness","EUS_204",0.106841378447883,0.557446713569489,586,0.533775974077281,388.386905019585,0.534436296907673
"conc","Sec_Elbe_Middle","Middle Elbe (section)","lioness","EUS_205",0.396381738837594,0.438818553961778,586,0.865134280273583,511.33203804283,0.883110038857885
"conc","Sec_Elbe_Middle","Middle Elbe (section)","lioness","EUS_206",0.0811982012941315,1.06542132668949,586,0.777009429322359,658.894759075274,0.720308791798317
"conc","Sec_Elbe_Middle","Middle Elbe (section)","lioness","EUS_207",0.292885980116348,1.43807793613806,586,1.13754318553246,799.935028831658,1.01736276800107
"conc","Sec_Elbe_Middle","Middle Elbe (section)","lioness","EUS_208",0.477225700388002,0.422880003450813,586,0.88171539042988,520.36161018711,0.898792098981175
"conc","Sec_Elbe_Middle","Middle Elbe (section)","lioness","EUS_210",0.105654698432001,0.934417133153181,586,0.797001025206387,477.94042810057,0.792988024681657
"conc","Sec_Elbe_Middle","Middle Elbe (section)","lioness","EUS_211",0.170548088680784,0.490926768611649,586,0.566528119129504,380.571216868256,0.555259324139011
"conc","Sec_Elbe_Middle","Middle Elbe (section)","lioness","EUS_212",0.14221046576174,0.720786490425782,586,0.561125612621137,409.791744736668,0.571011549598394
"conc","Sec_Elbe_Middle","Middle Elbe (section)","lioness","EUS_213",0.267368614853486,0.606466896031234,586,0.721380368662973,445.556920845441,0.703330796493005
"conc","Sec_Elbe_Middle","Middle Elbe (section)","lioness","EUS_241",0.115534670783886,0.835767112310206,586,0.772897851176545,509.393426916577,0.779047375597082
"conc","Sec_Elbe_Middle","Middle Elbe (section)","lioness","EUS_243",0.747656943352174,1.89747959647397,586,1.01858099156848,656.385112828949,1.0653988397147
"conc","Sec_Elbe_Middle","Middle Elbe (section)","lioness","EUS_244",1.14845617698461,2.56654320365987,586,1.88281870428919,1111.28991416843,1.80009427210828
"conc","Sec_Elbe_Middle","Middle Elbe (section)","lioness","EUS_249",0.193578052946928,1.10946945161392,586,0.819163801546366,617.08633675791,0.896873879224077
"conc","Sec_Elbe_Middle","Middle Elbe (section)","lioness","EUS_255",0.0845696430467667,0.803633353856998,586,0.789590813697484,496.725774391995,0.791953141187984
"conc","Sec_Elbe_Middle","Middle Elbe (section)","lioness","EUS_256",0.13960943283485,0.673396016943229,586,0.715271799416659,458.639752796503,0.709911171744755
"conc","Sec_Elbe_Middle","Middle Elbe (section)","lioness","EUS_257",0.195176963809103,0.792365962477711,586,0.791789989066384,512.69692494648,0.799702732966515
"conc","Sec_Elbe_Middle","Middle Elbe (section)","lioness","EUS_267",0.0810976891155585,0.658667150960885,586,0.589140310520454,428.687583781659,0.862947439831222
"conc","Sec_Elbe_Middle","Middle Elbe (section)","lioness","EUS_268",0.0638118560863545,0.694146180855038,586,0.565153652204602,456.364818606212,0.855072438435215
"conc","Sec_Elbe_Middle","Middle Elbe (section)","lioness","EUS_269",0.0625175740003697,0.912772545766584,586,0.564564069092456,438.593319410768,0.787441388031156
"conc","Sec_Elbe_Middle","Middle Elbe (section)","lioness","EUS_270",0.1471640808931,0.929445824615056,586,0.865614447963085,516.954690057193,0.878838880284416
"conc","Sec_Elbe_Middle","Middle Elbe (section)","lioness","EUS_271",0.447122629230717,0.46177164766522,586,0.879046578257325,522.037207796865,0.886283484909994
"conc","Sec_Elbe_Middle","Middle Elbe (section)","lioness","EUS_272",0.147203139142207,0.857341633861569,586,0.85482554854183,505.551412750223,0.860751126091984
"conc","Sec_Elbe_Middle","Middle Elbe (section)","lioness","EUS_277",0.136890433143665,0.836900560349135,586,0.737387234142723,478.320435893516,0.763780097888406
"conc","Sec_Elbe_Middle","Middle Elbe (section)","lioness","EUS_278",0.152890454607529,0.911578970484315,586,0.742175350046322,487.474749881658,0.766002214177813
"conc","Sec_Elbe_Middle","Middle Elbe (section)","lioness","EUS_279",0.130327167353038,0.791698998837438,586,0.722067984666642,469.156859338296,0.751253155286738
"conc","Sec_Elbe_Middle","Middle Elbe (section)","lioness","EUS_427",0.0523138408574317,1.11198140640654,586,0.55352348412004,452.792830152998,0.494448372583091
"conc","Sec_Elbe_Middle","Middle Elbe (section)","lioness","EUS_431",0.159796817461919,1.02335945498152,586,0.656626367526919,473.495932701595,0.61819155510198
"conc","Sec_Elbe_Middle","Middle Elbe (section)","lioness","EUS_432",0.382767890085271,0.508977487673486,586,0.888633090958654,525.85215367435,0.895363016711991
"conc","Sec_Elbe_Middle","Middle Elbe (section)","lioness","EUS_435",0.187097390098547,0.780226835796214,586,0.696319299204175,446.471569064053,0.642202700205701
"conc","Sec_Elbe_Middle","Middle Elbe (section)","lioness","EUS_436",0.101415509531858,1.11734289952298,586,0.847787253814131,502.273053273822,0.842697018835162
"conc","Sec_Elbe_Middle","Middle Elbe (section)","bonobo","EUS_018",0.195608689717402,0.294211031889555,586,0.771618275086616,452.168309200757,0.781023306717534
"conc","Sec_Elbe_Middle","Middle Elbe (section)","bonobo","EUS_019",0.201271965564834,0.265303564324329,586,0.734031059378781,430.142200795966,0.746328272046302
"conc","Sec_Elbe_Middle","Middle Elbe (section)","bonobo","EUS_020",0.226052382096524,0.254500891267109,586,0.756185802554789,443.124880297106,0.759489691624036
"conc","Sec_Elbe_Middle","Middle Elbe (section)","bonobo","EUS_021",0.27302732669722,0.249649920824625,586,0.800906741076011,469.331350270542,0.809952185545914
"conc","Sec_Elbe_Middle","Middle Elbe (section)","bonobo","EUS_022",0.21176512968416,0.262078342330769,586,0.755029828765844,442.447479656785,0.75858606501774
"conc","Sec_Elbe_Middle","Middle Elbe (section)","bonobo","EUS_023",0.206100329411497,0.309389211194963,586,0.817212214611118,478.886357762115,0.815487089230962
"conc","Sec_Elbe_Middle","Middle Elbe (section)","bonobo","EUS_025",0.239598477357476,0.252869363709057,586,0.765490641314293,448.577515810176,0.77044010619561
"conc","Sec_Elbe_Middle","Middle Elbe (section)","bonobo","EUS_034",0.257257415548328,0.253544687378097,586,0.791887496065169,464.046072694189,0.799789090166985
"conc","Sec_Elbe_Middle","Middle Elbe (section)","bonobo","EUS_047",0.241199446402673,0.270122546763192,586,0.793209902010829,464.821002578346,0.803998496774176
"conc","Sec_Elbe_Middle","Middle Elbe (section)","bonobo","EUS_048",0.237680975372783,0.272076406444845,586,0.795341358424475,466.070036036742,0.803692583599036
"conc","Sec_Elbe_Middle","Middle Elbe (section)","bonobo","EUS_050",0.212651054914056,0.267715777834471,586,0.765844682065332,448.784983690285,0.772478531433578
"conc","Sec_Elbe_Middle","Middle Elbe (section)","bonobo","EUS_054",0.197551172392487,0.283542420458276,586,0.753882573518421,441.775188081795,0.753791942605472
"conc","Sec_Elbe_Middle","Middle Elbe (section)","bonobo","EUS_055",0.224246782068769,0.272263512055124,586,0.789329788089534,462.547255820467,0.794969284317169
"conc","Sec_Elbe_Middle","Middle Elbe (section)","bonobo","EUS_056",0.232373917755073,0.29915913686904,586,0.793799855795075,465.166715495914,0.802853947943177
"conc","Sec_Elbe_Middle","Middle Elbe (section)","bonobo","EUS_151",0.206025557528831,0.283029906393499,586,0.721316540874585,422.691492952507,0.727695622040156
"conc","Sec_Elbe_Middle","Middle Elbe (section)","bonobo","EUS_152",0.213657915653222,0.292005901719691,586,0.788773873660243,462.221489964902,0.795825058559746
"conc","Sec_Elbe_Middle","Middle Elbe (section)","bonobo","EUS_153",0.192592931887268,0.307967732568377,586,0.780191275056705,457.192087183229,0.785562130269819
"conc","Sec_Elbe_Middle","Middle Elbe (section)","bonobo","EUS_154",0.236682554771787,0.272464571295402,586,0.794816199442124,465.762292873084,0.803606941317583
"conc","Sec_Elbe_Middle","Middle Elbe (section)","bonobo","EUS_202",0.274454630134301,0.340817192100522,586,0.835619203702904,489.672853369902,0.83549666832688
"conc","Sec_Elbe_Middle","Middle Elbe (section)","bonobo","EUS_203",0.213015437682959,0.266518311178643,586,0.752758911265909,441.116722001823,0.759328907942575
"conc","Sec_Elbe_Middle","Middle Elbe (section)","bonobo","EUS_204",0.205747653307114,0.256924665284561,586,0.739181937446145,433.160615343441,0.747049369639405
"conc","Sec_Elbe_Middle","Middle Elbe (section)","bonobo","EUS_205",0.255701341767349,0.256927610465665,586,0.795755325430113,466.312620702046,0.806013206012683
"conc","Sec_Elbe_Middle","Middle Elbe (section)","bonobo","EUS_206",0.201532391216977,0.292509564414116,586,0.77902829243208,456.510579365199,0.780912359714944
"conc","Sec_Elbe_Middle","Middle Elbe (section)","bonobo","EUS_207",0.225682366652586,0.317163227323763,586,0.819396186475366,480.166165274564,0.814226207239942
"conc","Sec_Elbe_Middle","Middle Elbe (section)","bonobo","EUS_208",0.268305172424868,0.253776894237321,586,0.798497069583104,467.919282775699,0.808595926725467
"conc","Sec_Elbe_Middle","Middle Elbe (section)","bonobo","EUS_210",0.213363016727059,0.275885611943233,586,0.784225237090353,459.555988934947,0.79072104151009
"conc","Sec_Elbe_Middle","Middle Elbe (section)","bonobo","EUS_211",0.216668169728716,0.255309271424341,586,0.743661908673542,435.785878482696,0.748895918023667
"conc","Sec_Elbe_Middle","Middle Elbe (section)","bonobo","EUS_212",0.215837635274341,0.259181504986478,586,0.744523499093132,436.290770468575,0.753286240316665
"conc","Sec_Elbe_Middle","Middle Elbe (section)","bonobo","EUS_213",0.234934132335286,0.261756016497666,586,0.770619357466778,451.582943475532,0.774730044096903
"conc","Sec_Elbe_Middle","Middle Elbe (section)","bonobo","EUS_241",0.206162494919077,0.283037940178526,586,0.7793404238767,456.693488391746,0.788681059284126
"conc","Sec_Elbe_Middle","Middle Elbe (section)","bonobo","EUS_243",0.271358714884122,0.328701299945696,586,0.812196007064147,475.94686013959,0.82649820760328
"conc","Sec_Elbe_Middle","Middle Elbe (section)","bonobo","EUS_244",0.298637797704529,0.374238494269204,586,0.876614481677951,513.696086263279,0.877719818088942
"conc","Sec_Elbe_Middle","Middle Elbe (section)","bonobo","EUS_249",0.214772434044071,0.295364227253629,586,0.786036145857517,460.617181472505,0.806628443328714
"conc","Sec_Elbe_Middle","Middle Elbe (section)","bonobo","EUS_255",0.208683175699866,0.269849608686487,586,0.783263304027849,458.99229616032,0.790513492358476
"conc","Sec_Elbe_Middle","Middle Elbe (section)","bonobo","EUS_256",0.215462279520329,0.263265574115429,586,0.769727990822005,451.060602621695,0.775363447027824
"conc","Sec_Elbe_Middle","Middle Elbe (section)","bonobo","EUS_257",0.217330607322318,0.281928425698666,586,0.782642166556026,458.628309601831,0.791799884094144
"conc","Sec_Elbe_Middle","Middle Elbe (section)","bonobo","EUS_267",0.203383834961498,0.26331684888656,586,0.748385820812828,438.554090996317,0.802570937917617
"conc","Sec_Elbe_Middle","Middle Elbe (section)","bonobo","EUS_268",0.200139159258124,0.263756445229498,586,0.7446131843881,436.343326051426,0.800641146468576
"conc","Sec_Elbe_Middle","Middle Elbe (section)","bonobo","EUS_269",0.200626023775973,0.267181316211226,586,0.744997488657854,436.568528353502,0.790789864906563
"conc","Sec_Elbe_Middle","Middle Elbe (section)","bonobo","EUS_270",0.221016803128425,0.280689402997701,586,0.795816413874217,466.348418530291,0.805031986749955
"conc","Sec_Elbe_Middle","Middle Elbe (section)","bonobo","EUS_271",0.265096109308226,0.25456841415307,586,0.798288764383304,467.797215928616,0.806840128559922
"conc","Sec_Elbe_Middle","Middle Elbe (section)","bonobo","EUS_272",0.219795151780022,0.282180548174509,586,0.793981328893057,465.273058731331,0.801975619405129
"conc","Sec_Elbe_Middle","Middle Elbe (section)","bonobo","EUS_277",0.209012288895278,0.27943491214262,586,0.773186366759063,453.087210920811,0.784844144161653
"conc","Sec_Elbe_Middle","Middle Elbe (section)","bonobo","EUS_278",0.210752511549091,0.282435234964278,586,0.773800907997488,453.447332086528,0.784981241035793
"conc","Sec_Elbe_Middle","Middle Elbe (section)","bonobo","EUS_279",0.208392991100304,0.277885520195938,586,0.770638856210045,451.594369739086,0.78267908850604
"conc","Sec_Elbe_Middle","Middle Elbe (section)","bonobo","EUS_427",0.203513786155422,0.275317436772833,586,0.745664776227398,436.959558869255,0.744186253268785
"conc","Sec_Elbe_Middle","Middle Elbe (section)","bonobo","EUS_431",0.222551704027055,0.277873601752321,586,0.762888980582747,447.05294262149,0.76445907425775
"conc","Sec_Elbe_Middle","Middle Elbe (section)","bonobo","EUS_432",0.25442326487443,0.262512991430328,586,0.80007545419946,468.844216160884,0.808589660388932
"conc","Sec_Elbe_Middle","Middle Elbe (section)","bonobo","EUS_435",0.224886291920057,0.268970580662932,586,0.766986475311966,449.454074532812,0.764920694180066
"conc","Sec_Elbe_Middle","Middle Elbe (section)","bonobo","EUS_436",0.215200194987028,0.289329648978459,586,0.79275325086991,464.553405009767,0.798976274674104
"conc","Sec_Elbe_Lower","Lower Elbe (section)","lioness","EUS_024",0.322131367544878,0.54335920955198,491,0.784885829866702,401.195199663812,0.746252504929243
"conc","Sec_Elbe_Lower","Lower Elbe (section)","lioness","EUS_026",0.553104370367436,0.580310316035089,491,1.01217547128487,496.978156400873,0.989726701614375
"conc","Sec_Elbe_Lower","Lower Elbe (section)","lioness","EUS_027",0.0232009016560357,0.884936287703154,491,0.467177723200053,401.55931411519,0.615424785054652
"conc","Sec_Elbe_Lower","Lower Elbe (section)","lioness","EUS_028",0.301108681270185,0.712040119712218,491,0.654473302733274,365.360949574872,0.630822619929542
"conc","Sec_Elbe_Lower","Lower Elbe (section)","lioness","EUS_029",1.46324825223466,3.7954314959938,491,1.86595638886301,1034.47119620827,2.08646367890577
"conc","Sec_Elbe_Lower","Lower Elbe (section)","lioness","EUS_030",-0.0264196418570535,1.03685303976452,491,0.565266891185024,455.376705027402,0.593302209603067
"conc","Sec_Elbe_Lower","Lower Elbe (section)","lioness","EUS_035",0.31126098262299,0.566619610367033,491,0.717127442843459,399.711454832316,0.667443923637684
"conc","Sec_Elbe_Lower","Lower Elbe (section)","lioness","EUS_036",0.401549476242213,0.465697001124021,491,0.717611999520113,370.289943313298,0.681473387372718
"conc","Sec_Elbe_Lower","Lower Elbe (section)","lioness","EUS_052",0.548781113251666,0.390848724706122,491,1.0041961563287,494.523042879889,0.977047595972046
"conc","Sec_Elbe_Lower","Lower Elbe (section)","lioness","EUS_053",0.016055924672605,1.19659113716455,491,0.540255332682962,448.192341477894,0.517996717882587
"conc","Sec_Elbe_Lower","Lower Elbe (section)","lioness","EUS_101",0.371178037630388,1.97393835655425,491,0.879553793356377,642.212468704093,0.984493718090653
"conc","Sec_Elbe_Lower","Lower Elbe (section)","lioness","EUS_156",0.0449838126780217,1.21279059203639,491,0.602483329336272,372.41466777224,0.619988849670359
"conc","Sec_Elbe_Lower","Lower Elbe (section)","lioness","EUS_157",0.204790812938418,1.17424752594621,491,0.924570250280903,475.569953659202,0.905622441026857
"conc","Sec_Elbe_Lower","Lower Elbe (section)","lioness","EUS_200",0.150295402793219,2.01855866043684,491,0.369917344187032,447.32061013972,0.409000661305829
"conc","Sec_Elbe_Lower","Lower Elbe (section)","lioness","EUS_201",0.3795365022575,0.782924194978577,491,0.952587398510756,490.36413371996,0.923892035237821
"conc","Sec_Elbe_Lower","Lower Elbe (section)","lioness","EUS_209",0.180640166522677,0.639534618796368,491,0.603771441924291,356.085448997328,0.554331481324346
"conc","Sec_Elbe_Lower","Lower Elbe (section)","lioness","EUS_214",0.50456826203851,0.610593262703487,491,0.985345916103645,492.345276008723,0.95738122579573
"conc","Sec_Elbe_Lower","Lower Elbe (section)","lioness","EUS_215",1.55170708632617,3.1330772654339,491,1.49293759754415,770.442032856071,1.69571561320257
"conc","Sec_Elbe_Lower","Lower Elbe (section)","lioness","EUS_240",-0.0452520741982041,1.34736981682357,491,0.530242945193174,409.762849788792,0.522935840186458
"conc","Sec_Elbe_Lower","Lower Elbe (section)","lioness","EUS_280",0.145318914377543,0.559145899825904,491,0.712939511945693,382.679112290498,0.675948777928794
"conc","Sec_Elbe_Lower","Lower Elbe (section)","lioness","EUS_281",0.12708562656,0.504703883772405,491,0.694208097672661,376.375532164276,0.733550258393613
"conc","Sec_Elbe_Lower","Lower Elbe (section)","lioness","EUS_282",0.16008417599607,0.544335704353131,491,0.844814950311863,417.067638333217,0.848095101801698
"conc","Sec_Elbe_Lower","Lower Elbe (section)","lioness","EUS_283",0.15464917539955,0.544528736714274,491,0.811051005648157,403.839222316621,0.834716177935222
"conc","Sec_Elbe_Lower","Lower Elbe (section)","lioness","EUS_284",0.18775351549099,0.577443938707086,491,0.841018161773058,418.833343474353,0.842341179432967
"conc","Sec_Elbe_Lower","Lower Elbe (section)","lioness","EUS_285",0.162366076928461,0.657496640987828,491,0.76845059131563,436.667078333844,0.73367787913337
"conc","Sec_Elbe_Lower","Lower Elbe (section)","lioness","EUS_286",0.116327713457601,0.562195483830097,491,0.686418875901209,371.584884536531,0.719049280181538
"conc","Sec_Elbe_Lower","Lower Elbe (section)","lioness","EUS_287",0.155061287469766,0.453051275632392,491,0.783526039399329,388.734795618648,0.801847964865958
"conc","Sec_Elbe_Lower","Lower Elbe (section)","lioness","EUS_288",0.142862536876916,0.475867590385012,491,0.739772271818276,382.783263323036,0.758592393262947
"conc","Sec_Elbe_Lower","Lower Elbe (section)","lioness","EUS_289",0.209698951396455,0.52904245468394,491,0.809680511200966,403.623677124364,0.796670488648393
"conc","Sec_Elbe_Lower","Lower Elbe (section)","lioness","EUS_290",0.136611233375971,0.48486336603672,491,0.765377573247968,388.677553934562,0.780451267503467
"conc","Sec_Elbe_Lower","Lower Elbe (section)","lioness","EUS_291",0.150540500362334,0.574540642565627,491,0.852388666641856,421.988509966815,0.850077988913045
"conc","Sec_Elbe_Lower","Lower Elbe (section)","lioness","EUS_292",0.18959840013239,0.650578829402766,491,0.846911231621835,422.39496580067,0.83129791017464
"conc","Sec_Elbe_Lower","Lower Elbe (section)","lioness","EUS_293",0.158341747237227,0.695394958704606,491,0.85402202960139,424.355730435064,0.84543383405361
"conc","Sec_Elbe_Lower","Lower Elbe (section)","lioness","EUS_294",0.141306826909655,0.615356108855266,491,0.840710954516776,418.550503679043,0.833064968392801
"conc","Sec_Elbe_Lower","Lower Elbe (section)","lioness","EUS_295",0.127570678091169,0.615825081263525,491,0.836491667011765,420.378236866241,0.83427085059018
"conc","Sec_Elbe_Lower","Lower Elbe (section)","lioness","EUS_296",0.128951063481582,0.619532687976225,491,0.826445345200623,410.830134181615,0.831006975142684
"conc","Sec_Elbe_Lower","Lower Elbe (section)","lioness","EUS_297",0.117828604992212,0.679416869321343,491,0.65945430796398,368.400662540489,0.72872851572069
"conc","Sec_Elbe_Lower","Lower Elbe (section)","lioness","EUS_298",0.224170526043943,1.25413179443359,491,0.737698823087105,437.848219558979,0.687691434828665
"conc","Sec_Elbe_Lower","Lower Elbe (section)","lioness","EUS_299",0.118303446987809,1.05750930460203,491,0.864995064663539,459.389388709075,0.849794338032625
"conc","Sec_Elbe_Lower","Lower Elbe (section)","lioness","EUS_300",0.130047087824138,0.498729163311371,491,0.739587084362465,382.746680706692,0.74871868156075
"conc","Sec_Elbe_Lower","Lower Elbe (section)","lioness","EUS_372",0.52649949507472,0.452733347278819,491,1.01167719760551,496.733504024305,0.988934946350401
"conc","Sec_Elbe_Lower","Lower Elbe (section)","lioness","EUS_373",0.353164259138547,0.713307887833466,491,1.00834349862477,495.096657824762,0.986349850267917
"conc","Sec_Elbe_Lower","Lower Elbe (section)","lioness","EUS_374",0.211052594446422,0.8227574779392,491,0.752707856350179,432.372250636608,0.720384801955835
"conc","Sec_Elbe_Lower","Lower Elbe (section)","lioness","EUS_424",0.273717121917528,0.853804466780489,491,0.948954090698381,481.90975457833,0.899478003813951
"conc","Sec_Elbe_Lower","Lower Elbe (section)","lioness","EUS_434",-0.0484593718919064,1.43012822709669,491,0.307386985046095,525.965424750511,0.511463722773177
"conc","Sec_Elbe_Lower","Lower Elbe (section)","lioness","EUS_437",0.383486718819436,1.02504462484929,491,0.994917224250365,502.110821422378,0.962303402928474
"conc","Sec_Elbe_Lower","Lower Elbe (section)","lioness","EUS_438",0.273034081822809,0.786303658084768,491,0.994108812357615,497.666738074922,0.967061722904627
"conc","Sec_Elbe_Lower","Lower Elbe (section)","lioness","EUS_439",0.189904911759464,1.10057472742705,491,0.898291719580872,497.6373513546,0.852496855945073
"conc","Sec_Elbe_Lower","Lower Elbe (section)","lioness","EUS_440",-0.151822410700028,2.8420081555924,491,0.548487679471294,470.272009694806,0.584195229394343
"conc","Sec_Elbe_Lower","Lower Elbe (section)","lioness","EUS_441",0.218900758298131,1.30093466508207,491,0.970859503096607,486.173149659679,0.957187279060194
"conc","Sec_Elbe_Lower","Lower Elbe (section)","bonobo","EUS_024",0.263756578264049,0.262852552511037,491,0.801943528951699,393.754272715284,0.800832013234126
"conc","Sec_Elbe_Lower","Lower Elbe (section)","bonobo","EUS_026",0.300670659505288,0.262086553470075,491,0.836485870274217,410.714562304641,0.837849307566873
"conc","Sec_Elbe_Lower","Lower Elbe (section)","bonobo","EUS_027",0.217767842572003,0.269012916907901,491,0.749830653260625,368.166850750967,0.780586341447826
"conc","Sec_Elbe_Lower","Lower Elbe (section)","bonobo","EUS_028",0.26334419604859,0.261935008747378,491,0.78072743350639,383.337169851638,0.782646848529878
"conc","Sec_Elbe_Lower","Lower Elbe (section)","bonobo","EUS_029",0.3102936153318,0.405724841301759,491,0.869597499593239,426.97237230028,0.88032916908631
"conc","Sec_Elbe_Lower","Lower Elbe (section)","bonobo","EUS_030",0.207656531799989,0.282662658886933,491,0.770823317160846,378.474248725975,0.782791263276166
"conc","Sec_Elbe_Lower","Lower Elbe (section)","bonobo","EUS_035",0.262204073095217,0.262061156492124,491,0.791105019662949,388.432564654508,0.788047213058013
"conc","Sec_Elbe_Lower","Lower Elbe (section)","bonobo","EUS_036",0.275214971185829,0.257183144607568,491,0.790162671370105,387.969871642722,0.78938501826943
"conc","Sec_Elbe_Lower","Lower Elbe (section)","bonobo","EUS_052",0.299651004253192,0.258788857616224,491,0.835357186892697,410.160378764314,0.835976110833004
"conc","Sec_Elbe_Lower","Lower Elbe (section)","bonobo","EUS_053",0.213750548515526,0.288056890108289,491,0.767992152847958,377.084147048348,0.772139042510985
"conc","Sec_Elbe_Lower","Lower Elbe (section)","bonobo","EUS_101",0.247885360066817,0.320655676374242,491,0.800363516447364,392.978486575656,0.808514112657205
"conc","Sec_Elbe_Lower","Lower Elbe (section)","bonobo","EUS_156",0.225491855596066,0.266980644401433,491,0.772859727228228,379.47412606906,0.782924788940895
"conc","Sec_Elbe_Lower","Lower Elbe (section)","bonobo","EUS_157",0.256481034189772,0.284123561256672,491,0.822694362139772,403.942931810628,0.824350523456424
"conc","Sec_Elbe_Lower","Lower Elbe (section)","bonobo","EUS_200",0.228748757781645,0.302340386922537,491,0.741622779519962,364.136784744301,0.755376450641627
"conc","Sec_Elbe_Lower","Lower Elbe (section)","bonobo","EUS_201",0.277253234042477,0.27339925346093,491,0.828346459757312,406.71811174084,0.829433512478812
"conc","Sec_Elbe_Lower","Lower Elbe (section)","bonobo","EUS_209",0.240469390292908,0.264852272784938,491,0.77208708936405,379.094760877748,0.769295560468806
"conc","Sec_Elbe_Lower","Lower Elbe (section)","bonobo","EUS_214",0.292511352684006,0.266918011885431,491,0.832459572311119,408.737650004759,0.832968495133286
"conc","Sec_Elbe_Lower","Lower Elbe (section)","bonobo","EUS_215",0.348423145170601,0.34545987491998,491,0.856212201570699,420.400190971213,0.866539516077407
"conc","Sec_Elbe_Lower","Lower Elbe (section)","bonobo","EUS_240",0.210262600231764,0.287239422136424,491,0.765173533031018,375.70020471823,0.772781438210546
"conc","Sec_Elbe_Lower","Lower Elbe (section)","bonobo","EUS_280",0.229980649052891,0.271176455871743,491,0.789475192684674,387.632319608175,0.788237757972961
"conc","Sec_Elbe_Lower","Lower Elbe (section)","bonobo","EUS_281",0.227126156579758,0.265259171676974,491,0.785465643421234,385.663630919826,0.797245068943041
"conc","Sec_Elbe_Lower","Lower Elbe (section)","bonobo","EUS_282",0.231803865504876,0.27988745185913,491,0.812319245757584,398.848749666974,0.817803056822193
"conc","Sec_Elbe_Lower","Lower Elbe (section)","bonobo","EUS_283",0.231451695306667,0.278560254672962,491,0.808813386279425,397.127372663197,0.816396709598192
"conc","Sec_Elbe_Lower","Lower Elbe (section)","bonobo","EUS_284",0.236098384267577,0.281369233919675,491,0.811766527548163,398.577365026148,0.81688800193394
"conc","Sec_Elbe_Lower","Lower Elbe (section)","bonobo","EUS_285",0.232912691194879,0.280139715394979,491,0.803974844998191,394.751648894112,0.805822898598151
"conc","Sec_Elbe_Lower","Lower Elbe (section)","bonobo","EUS_286",0.227748012169889,0.268590532059216,491,0.785923193635874,385.888288075214,0.796296075019799
"conc","Sec_Elbe_Lower","Lower Elbe (section)","bonobo","EUS_287",0.23153434329813,0.270287391896831,491,0.801240451917016,393.409061891255,0.809338993850617
"conc","Sec_Elbe_Lower","Lower Elbe (section)","bonobo","EUS_288",0.229419775793338,0.270018279399862,491,0.793581996140747,389.648760105107,0.801692025686577
"conc","Sec_Elbe_Lower","Lower Elbe (section)","bonobo","EUS_289",0.240205399380784,0.278510749536161,491,0.805980625989511,395.73648736085,0.808397004105343
"conc","Sec_Elbe_Lower","Lower Elbe (section)","bonobo","EUS_290",0.228440288046941,0.274954911717016,491,0.797888328433882,391.763169261036,0.805290057267673
"conc","Sec_Elbe_Lower","Lower Elbe (section)","bonobo","EUS_291",0.230421224219146,0.28593310253682,491,0.812898144218315,399.132988811192,0.816945043423013
"conc","Sec_Elbe_Lower","Lower Elbe (section)","bonobo","EUS_292",0.236286190697486,0.289136339497055,491,0.811679036039135,398.534406695215,0.813324272576569
"conc","Sec_Elbe_Lower","Lower Elbe (section)","bonobo","EUS_293",0.230544401387103,0.288294958982384,491,0.813132970605283,399.248288567194,0.816155573295825
"conc","Sec_Elbe_Lower","Lower Elbe (section)","bonobo","EUS_294",0.229002548351264,0.285709147559929,491,0.810955558510728,398.179179228768,0.814130479482193
"conc","Sec_Elbe_Lower","Lower Elbe (section)","bonobo","EUS_295",0.227017313679386,0.28651412562707,491,0.810169561457732,397.793254675746,0.814186989261432
"conc","Sec_Elbe_Lower","Lower Elbe (section)","bonobo","EUS_296",0.227079374100461,0.285472609820125,491,0.808639900940632,397.04219136185,0.813344761257416
"conc","Sec_Elbe_Lower","Lower Elbe (section)","bonobo","EUS_297",0.226405107373796,0.26182394532255,491,0.780034585252893,382.99698135917,0.797055153597134
"conc","Sec_Elbe_Lower","Lower Elbe (section)","bonobo","EUS_298",0.236940327015332,0.294352979274048,491,0.79597974576997,390.826055173055,0.792467420225467
"conc","Sec_Elbe_Lower","Lower Elbe (section)","bonobo","EUS_299",0.224998261464185,0.292501231837293,491,0.81525310389958,400.289274014694,0.817663259433409
"conc","Sec_Elbe_Lower","Lower Elbe (section)","bonobo","EUS_300",0.227881988930632,0.266400592530022,491,0.794021961459471,389.8647830766,0.800608574334736
"conc","Sec_Elbe_Lower","Lower Elbe (section)","bonobo","EUS_372",0.295937211764843,0.266513533992064,491,0.836565664159052,410.753741102095,0.837872248555445
"conc","Sec_Elbe_Lower","Lower Elbe (section)","bonobo","EUS_373",0.270697340990315,0.287178199768859,491,0.836049873499862,410.500487888432,0.837474227272257
"conc","Sec_Elbe_Lower","Lower Elbe (section)","bonobo","EUS_374",0.248674455617641,0.28595511994137,491,0.79611105149891,390.890526285965,0.796113511237583
"conc","Sec_Elbe_Lower","Lower Elbe (section)","bonobo","EUS_424",0.25933454438687,0.285044511010614,491,0.827394743586452,406.250819100948,0.824927631378784
"conc","Sec_Elbe_Lower","Lower Elbe (section)","bonobo","EUS_434",0.208068753310994,0.280139627890509,491,0.733642930558524,360.218678904235,0.77399363803168
"conc","Sec_Elbe_Lower","Lower Elbe (section)","bonobo","EUS_437",0.279924889524128,0.288699336229495,491,0.834777039862287,409.875526572383,0.835041967264173
"conc","Sec_Elbe_Lower","Lower Elbe (section)","bonobo","EUS_438",0.258095255470129,0.289907607886038,491,0.83384861798141,409.419671428872,0.834561531823744
"conc","Sec_Elbe_Lower","Lower Elbe (section)","bonobo","EUS_439",0.250579821605786,0.293179383988766,491,0.822960280896837,404.073497920347,0.822426680588583
"conc","Sec_Elbe_Lower","Lower Elbe (section)","bonobo","EUS_440",0.20287715210281,0.318569017826078,491,0.754814803076855,370.614068310736,0.760623270573735
"conc","Sec_Elbe_Lower","Lower Elbe (section)","bonobo","EUS_441",0.259952337755656,0.289342573101735,491,0.829989381797715,407.524786462678,0.832746014725584
"conc","Sec_Rhine_Upper","Upper Rhine (section)","lioness","EUS_017",0.209577440368887,0.994732326297705,177,0.917680840722074,162.429508807807,0.917137816739264
"conc","Sec_Rhine_Upper","Upper Rhine (section)","lioness","EUS_070",0.0509384105030453,1.04118960943346,177,0.924318430468183,181.231765439176,0.857626814981726
"conc","Sec_Rhine_Upper","Upper Rhine (section)","lioness","EUS_071",0.258332129083527,0.438050546545569,177,0.797910232351332,158.526499818749,0.773166696372728
"conc","Sec_Rhine_Upper","Upper Rhine (section)","lioness","EUS_072",0.0791779484454045,0.523314360249655,177,0.764295465685845,159.762364884679,0.786786802082124
"conc","Sec_Rhine_Upper","Upper Rhine (section)","lioness","EUS_073",0.108100431677969,0.562534460767154,177,0.605426990644656,145.955474377269,0.596621643811564
"conc","Sec_Rhine_Upper","Upper Rhine (section)","lioness","EUS_074",0.0396511124841531,0.955147941524359,177,1.03177109725576,200.474474915266,1.03019874178996
"conc","Sec_Rhine_Upper","Upper Rhine (section)","lioness","EUS_075",0.24101107268707,1.62881244257281,177,1.24657483396254,221.509013875004,1.1998037434172
"conc","Sec_Rhine_Upper","Upper Rhine (section)","lioness","EUS_076",0.429771908028143,1.60664225447174,177,1.12972634268721,206.161756302596,1.07468301724142
"conc","Sec_Rhine_Upper","Upper Rhine (section)","lioness","EUS_077",0.921697611462991,3.24781129566039,177,1.37463626662318,243.776464675686,1.33090190113433
"conc","Sec_Rhine_Upper","Upper Rhine (section)","lioness","EUS_078",0.153026457439246,0.44344046788955,177,0.571365400428213,145.091802833907,0.654780661221609
"conc","Sec_Rhine_Upper","Upper Rhine (section)","lioness","EUS_375",0.0791450230281001,1.11395178233721,177,0.879223923245979,157.1846796604,0.862682821593113
"conc","Sec_Rhine_Upper","Upper Rhine (section)","lioness","EUS_403",-0.0133312875147486,1.49894703873372,177,0.921573974953796,167.953764269283,0.922650494811382
"conc","Sec_Rhine_Upper","Upper Rhine (section)","lioness","EUS_404",0.318317822743326,0.358238583273835,177,0.927152663740915,164.106021482142,0.930549918133942
"conc","Sec_Rhine_Upper","Upper Rhine (section)","lioness","EUS_405",0.310510167504068,0.520674935104728,177,0.934108559003548,165.337214943628,0.94039946582583
"conc","Sec_Rhine_Upper","Upper Rhine (section)","lioness","EUS_406",0.0292546106486926,2.16005385515616,177,0.709239199362242,152.637720952829,0.807833282432999
"conc","Sec_Rhine_Upper","Upper Rhine (section)","lioness","EUS_407",0.346375817069534,0.389791294752194,177,0.919935333766815,162.828554076726,0.920330178890617
"conc","Sec_Rhine_Upper","Upper Rhine (section)","lioness","EUS_408",0.196963717234792,1.74937238058157,177,0.897035971789932,163.175385519451,0.919991065451252
"conc","Sec_Rhine_Upper","Upper Rhine (section)","lioness","EUS_409",0.28431226960942,0.519378059859937,177,0.879141720614014,155.60808454868,0.862566422666251
"conc","Sec_Rhine_Upper","Upper Rhine (section)","lioness","EUS_410",0.0194019470307473,1.52960357929152,177,0.910291764294441,167.382525389791,0.906674884517736
"conc","Sec_Rhine_Upper","Upper Rhine (section)","lioness","EUS_411",0.363530212978429,0.386609555800093,177,0.934108559003548,165.337214943628,0.94039946582583
"conc","Sec_Rhine_Upper","Upper Rhine (section)","lioness","EUS_412",0.137525667173905,0.672027938088969,177,0.882414691126218,163.552034411382,0.867200948911531
"conc","Sec_Rhine_Upper","Upper Rhine (section)","lioness","EUS_413",0.354676224317354,0.424994265064479,177,0.934108559003548,165.337214943628,0.94039946582583
"conc","Sec_Rhine_Upper","Upper Rhine (section)","lioness","EUS_414",0.214253790216789,0.597502667063712,177,0.924760491947812,163.682607074763,0.927162602874909
"conc","Sec_Rhine_Upper","Upper Rhine (section)","lioness","EUS_415",0.337865236750136,0.426887925708747,177,0.904667454119841,166.897152157852,0.898710861310501
"conc","Sec_Rhine_Upper","Upper Rhine (section)","lioness","EUS_416",0.145809151481333,1.72348192568523,177,0.695038934380537,187.416103537299,0.939579183544186
"conc","Sec_Rhine_Upper","Upper Rhine (section)","lioness","EUS_417",0.380737483355408,0.364821986813959,177,0.934108559003548,165.337214943628,0.94039946582583
"conc","Sec_Rhine_Upper","Upper Rhine (section)","lioness","EUS_418",0.00477007291120948,1.69989991592476,177,0.84786437346652,153.423411033563,0.84333064462866
"conc","Sec_Rhine_Upper","Upper Rhine (section)","lioness","EUS_419",0.352466220072814,0.449866413686566,177,0.933450293591459,165.220701965688,0.939467362002313
"conc","Sec_Rhine_Upper","Upper Rhine (section)","lioness","EUS_420",0.296911511913805,0.53412637450887,177,0.934108559003548,165.337214943628,0.94039946582583
"conc","Sec_Rhine_Upper","Upper Rhine (section)","lioness","EUS_421",0.267725873874198,0.634351559084056,177,0.934108559003548,165.337214943628,0.94039946582583
"conc","Sec_Rhine_Upper","Upper Rhine (section)","bonobo","EUS_017",0.235292618942424,0.322178804157163,177,0.906351877718113,160.424282356106,0.912762310982823
"conc","Sec_Rhine_Upper","Upper Rhine (section)","bonobo","EUS_070",0.205676256220795,0.339886665997028,177,0.908088915302912,160.731738008615,0.908786981369553
"conc","Sec_Rhine_Upper","Upper Rhine (section)","bonobo","EUS_071",0.231454047465447,0.314268465503176,177,0.891801940401469,157.84894345106,0.895290404888663
"conc","Sec_Rhine_Upper","Upper Rhine (section)","bonobo","EUS_072",0.208371812242325,0.318455862750984,177,0.888782679050953,157.314534192019,0.897867131107745
"conc","Sec_Rhine_Upper","Upper Rhine (section)","bonobo","EUS_073",0.213521607309079,0.31484802989435,177,0.869744551570417,153.944785627964,0.875745401429584
"conc","Sec_Rhine_Upper","Upper Rhine (section)","bonobo","EUS_074",0.204540247505346,0.347502264532723,177,0.916773590474375,162.268925513964,0.923184525928381
"conc","Sec_Rhine_Upper","Upper Rhine (section)","bonobo","EUS_075",0.218623884034338,0.371486886735087,177,0.931901639208912,164.946590139977,0.935247905447132
"conc","Sec_Rhine_Upper","Upper Rhine (section)","bonobo","EUS_076",0.235844778409096,0.363406131507959,177,0.924327236875119,163.605920926896,0.926650148406896
"conc","Sec_Rhine_Upper","Upper Rhine (section)","bonobo","EUS_077",0.258170515440962,0.404168780814307,177,0.937999908717512,166.025983843,0.941335932534363
"conc","Sec_Rhine_Upper","Upper Rhine (section)","bonobo","EUS_078",0.217607569641146,0.314924648557358,177,0.86461706906715,153.037221224886,0.880774451591353
"conc","Sec_Rhine_Upper","Upper Rhine (section)","bonobo","EUS_375",0.20763688001312,0.335479372358339,177,0.902193541415864,159.688256830608,0.906889772155786
"conc","Sec_Rhine_Upper","Upper Rhine (section)","bonobo","EUS_403",0.203689339134078,0.341630180961223,177,0.905893606092545,160.343168278381,0.912135365336595
"conc","Sec_Rhine_Upper","Upper Rhine (section)","bonobo","EUS_404",0.238600345634589,0.320971138374068,177,0.907656838032414,160.655260331737,0.914651275665004
"conc","Sec_Rhine_Upper","Upper Rhine (section)","bonobo","EUS_405",0.239509464828944,0.325654606531563,177,0.908543125008683,160.812133126537,0.915906607125061
"conc","Sec_Rhine_Upper","Upper Rhine (section)","bonobo","EUS_406",0.202291144051147,0.33883210216702,177,0.882242658806652,156.156950608777,0.899821757199524
"conc","Sec_Rhine_Upper","Upper Rhine (section)","bonobo","EUS_407",0.242390629574918,0.323802049368488,177,0.906653580176121,160.477683691173,0.913239415411541
"conc","Sec_Rhine_Upper","Upper Rhine (section)","bonobo","EUS_408",0.210644612436982,0.347260619578438,177,0.904537373107964,160.10311504011,0.914322957125512
"conc","Sec_Rhine_Upper","Upper Rhine (section)","bonobo","EUS_409",0.235893859057991,0.322040581033122,177,0.901151327362574,159.503784943176,0.905444184162303
"conc","Sec_Rhine_Upper","Upper Rhine (section)","bonobo","EUS_410",0.202321178478406,0.344341772905083,177,0.904757319133934,160.142045486706,0.910548125598391
"conc","Sec_Rhine_Upper","Upper Rhine (section)","bonobo","EUS_411",0.244821969258971,0.322013096863197,177,0.90852428639741,160.808798692342,0.915888712557308
"conc","Sec_Rhine_Upper","Upper Rhine (section)","bonobo","EUS_412",0.216647934754882,0.328884031392586,177,0.902552355536115,159.751766929892,0.907395210519644
"conc","Sec_Rhine_Upper","Upper Rhine (section)","bonobo","EUS_413",0.243956368320959,0.324950290341121,177,0.908533403526648,160.810412424217,0.915897372875394
"conc","Sec_Rhine_Upper","Upper Rhine (section)","bonobo","EUS_414",0.227287427287222,0.327195658745763,177,0.907307301717614,160.593392404018,0.914147207746912
"conc","Sec_Rhine_Upper","Upper Rhine (section)","bonobo","EUS_415",0.241701940189903,0.323010731951284,177,0.905477755924469,160.269562798631,0.911572604958637
"conc","Sec_Rhine_Upper","Upper Rhine (section)","bonobo","EUS_416",0.211924205532476,0.332827051726274,177,0.884699684990084,156.591844243245,0.918079373094723
"conc","Sec_Rhine_Upper","Upper Rhine (section)","bonobo","EUS_417",0.24702674668391,0.321147258227961,177,0.908534612677929,160.810626443993,0.915898521432931
"conc","Sec_Rhine_Upper","Upper Rhine (section)","bonobo","EUS_418",0.201868093697616,0.342746237268047,177,0.899375459760005,159.189456377521,0.906250246099479
"conc","Sec_Rhine_Upper","Upper Rhine (section)","bonobo","EUS_419",0.244190944634214,0.324304006877144,177,0.908468864542345,160.798989023995,0.915805017101411
"conc","Sec_Rhine_Upper","Upper Rhine (section)","bonobo","EUS_420",0.237723429664316,0.327364827065868,177,0.908561126004413,160.815319302781,0.915923705544141
"conc","Sec_Rhine_Upper","Upper Rhine (section)","bonobo","EUS_421",0.235077932021819,0.330617580513804,177,0.908530458570202,160.809891166926,0.915894575489074
"conc","Sec_Rhine_Lower","Lower Rhine (section)","lioness","EUS_084",0.057547586724903,1.09280670535998,339,0.469574720625565,291.223334095995,0.441894358232999
"conc","Sec_Rhine_Lower","Lower Rhine (section)","lioness","EUS_111",0.048280658923248,0.79610879415409,339,0.868812938036145,313.924386644663,0.864953256827797
"conc","Sec_Rhine_Lower","Lower Rhine (section)","lioness","EUS_112",0.239190745319515,1.48710039911109,339,1.0889551266351,371.063813492137,1.07294842121238
"conc","Sec_Rhine_Lower","Lower Rhine (section)","lioness","EUS_113",0.0409709534525667,0.661400358206092,339,0.907251425671617,323.291123765708,0.898575660386859
"conc","Sec_Rhine_Lower","Lower Rhine (section)","lioness","EUS_114",0.144640882052571,1.39641176557829,339,1.08895689637146,371.064413432765,1.07788727551117
"conc","Sec_Rhine_Lower","Lower Rhine (section)","lioness","EUS_115",0.129987021138747,1.49765398766669,339,1.02880033925688,350.671340570922,1.01663933752193
"conc","Sec_Rhine_Lower","Lower Rhine (section)","lioness","EUS_116",-0.012294791760193,0.811004894433704,339,0.90803200085614,317.631261672489,0.896944177139711
"conc","Sec_Rhine_Lower","Lower Rhine (section)","lioness","EUS_218",0.161375684170151,0.794785968957414,339,0.810174862486321,294.107238242804,0.801912656311203
"conc","Sec_Rhine_Lower","Lower Rhine (section)","lioness","EUS_221",0.508050610432331,2.45096871714585,339,1.04501958530219,371.883634189597,1.0396489101912
"conc","Sec_Rhine_Lower","Lower Rhine (section)","lioness","EUS_238",0.312799469201388,1.35602922055491,339,0.96099292318237,341.267319434407,0.978997411473561
"conc","Sec_Rhine_Lower","Lower Rhine (section)","lioness","EUS_239",0.515312336086469,1.68021450505517,339,1.05905109500749,360.322006222366,1.07814841121081
"conc","Sec_Rhine_Lower","Lower Rhine (section)","lioness","EUS_258",0.425178709046383,0.306198293334045,339,0.942400391130127,322.825929694668,0.942289577073119
"conc","Sec_Rhine_Lower","Lower Rhine (section)","lioness","EUS_259",0.416121924131011,0.305054336285944,339,0.950458807119719,324.113561176423,0.951217037924334
"conc","Sec_Rhine_Lower","Lower Rhine (section)","lioness","EUS_260",0.351826559401501,0.408513675390766,339,0.917621817603172,313.782610236865,0.914838804440317
"conc","Sec_Rhine_Lower","Lower Rhine (section)","lioness","EUS_261",0.0908736893973145,0.604871872847114,339,0.862252507834151,295.209286702913,0.928344037101766
"conc","Sec_Rhine_Lower","Lower Rhine (section)","lioness","EUS_262",0.0807393010478917,1.31174699134391,339,0.87234819574003,332.07464776441,0.865717459047205
"conc","Sec_Rhine_Lower","Lower Rhine (section)","lioness","EUS_263",0.0948415508253748,0.632892332233927,339,0.855307584902439,295.308672499052,0.91679457429422
"conc","Sec_Rhine_Lower","Lower Rhine (section)","lioness","EUS_264",0.0895209640740722,0.592060183752082,339,0.845638786387155,296.06851416235,0.878838566035841
"conc","Sec_Rhine_Lower","Lower Rhine (section)","lioness","EUS_265",0.312763454013633,0.500857129499908,339,0.950458807119719,324.113561176423,0.951217037924334
"conc","Sec_Rhine_Lower","Lower Rhine (section)","lioness","EUS_266",0.305978495529639,0.51331882719537,339,0.950458807119719,324.113561176423,0.951217037924334
"conc","Sec_Rhine_Lower","Lower Rhine (section)","lioness","EUS_381",0.320812289773158,0.454635613633764,339,0.932833636814673,318.138628443013,0.933552740388666
"conc","Sec_Rhine_Lower","Lower Rhine (section)","lioness","EUS_382",0.128440264996662,0.930079179602696,339,0.924642078711225,317.841654368714,0.923434956091931
"conc","Sec_Rhine_Lower","Lower Rhine (section)","lioness","EUS_383",-0.00529133373734202,1.70219373386286,339,0.871693959553634,302.651196625056,0.867669639131879
"conc","Sec_Rhine_Lower","Lower Rhine (section)","lioness","EUS_387",0.38412436355735,0.44289843757631,339,0.950458807119719,324.113561176423,0.951217037924334
"conc","Sec_Rhine_Lower","Lower Rhine (section)","lioness","EUS_388",0.381811125990838,0.45216427523633,339,0.945474897001552,324.028515805171,0.945695647303228
"conc","Sec_Rhine_Lower","Lower Rhine (section)","lioness","EUS_392",0.0764131877163836,1.22028604864638,339,0.910197592061199,313.445900542537,0.908352150478084
"conc","Sec_Rhine_Lower","Lower Rhine (section)","lioness","EUS_393",0.273739985973498,0.60906349812489,339,0.943662337388553,321.809557937558,0.943687615575101
"conc","Sec_Rhine_Lower","Lower Rhine (section)","lioness","EUS_400",0.0813233652787586,1.23120511878925,339,0.601307336038295,284.235177752525,0.589625324970316
"conc","Sec_Rhine_Lower","Lower Rhine (section)","lioness","EUS_401",0.130797020638525,0.843768931239216,339,0.936905368125001,321.48095577436,0.936201953547833
"conc","Sec_Rhine_Lower","Lower Rhine (section)","lioness","EUS_402",0.0651206041293705,1.39088177897696,339,0.850118959616389,306.610911499184,0.845174247243463
"conc","Sec_Rhine_Lower","Lower Rhine (section)","bonobo","EUS_084",0.185617336025611,0.328375088532892,339,0.852197483360038,290.797362308077,0.850976201408211
"conc","Sec_Rhine_Lower","Lower Rhine (section)","bonobo","EUS_111",0.185118067778261,0.341545328295171,339,0.901230127481266,307.419409512912,0.902469360311077
"conc","Sec_Rhine_Lower","Lower Rhine (section)","bonobo","EUS_112",0.199694087542579,0.369143840939869,339,0.924775424755355,315.401258630634,0.925264795804844
"conc","Sec_Rhine_Lower","Lower Rhine (section)","bonobo","EUS_113",0.183754244225175,0.338797206272067,339,0.906305549049677,309.13998605327,0.907167739593591
"conc","Sec_Rhine_Lower","Lower Rhine (section)","bonobo","EUS_114",0.191411822389474,0.373672270359798,339,0.924819130957107,315.416073570215,0.925739558882549
"conc","Sec_Rhine_Lower","Lower Rhine (section)","bonobo","EUS_115",0.189174234584714,0.361032002103658,339,0.919885163021053,313.743470635509,0.920565400285453
"conc","Sec_Rhine_Lower","Lower Rhine (section)","bonobo","EUS_116",0.17923708989489,0.338780332989164,339,0.907347014165977,309.493031571478,0.907763613457598
"conc","Sec_Rhine_Lower","Lower Rhine (section)","bonobo","EUS_218",0.207211523841408,0.32688268958403,339,0.891586208948028,304.150148427113,0.892176654935374
"conc","Sec_Rhine_Lower","Lower Rhine (section)","bonobo","EUS_221",0.214270355601061,0.386703033163033,339,0.915872344379209,312.383145161207,0.916526408321039
"conc","Sec_Rhine_Lower","Lower Rhine (section)","bonobo","EUS_238",0.211172941087418,0.3617090102616,339,0.908879072761693,310.0275203821,0.912417515555913
"conc","Sec_Rhine_Lower","Lower Rhine (section)","bonobo","EUS_239",0.226703553154171,0.374355982687926,339,0.917955724192535,313.147347206746,0.921284674674652
"conc","Sec_Rhine_Lower","Lower Rhine (section)","bonobo","EUS_258",0.237689726799437,0.321421778346319,339,0.910900138287646,310.697568958703,0.912676479777605
"conc","Sec_Rhine_Lower","Lower Rhine (section)","bonobo","EUS_259",0.236422353658999,0.324310561636505,339,0.912003849828933,311.071722057946,0.91390329760199
"conc","Sec_Rhine_Lower","Lower Rhine (section)","bonobo","EUS_260",0.227941472651498,0.327090807905463,339,0.907270745129787,309.467206639902,0.908654117410311
"conc","Sec_Rhine_Lower","Lower Rhine (section)","bonobo","EUS_261",0.190284311907658,0.331435640141554,339,0.899328945556232,306.774923019292,0.910923690410834
"conc","Sec_Rhine_Lower","Lower Rhine (section)","bonobo","EUS_262",0.20384402544507,0.338016370081664,339,0.900761742392469,307.260652368543,0.901600524440728
"conc","Sec_Rhine_Lower","Lower Rhine (section)","bonobo","EUS_263",0.190813802805918,0.33209658047329,339,0.898595655016587,306.526337434092,0.909539028334019
"conc","Sec_Rhine_Lower","Lower Rhine (section)","bonobo","EUS_264",0.190205925892518,0.330098411602416,339,0.897110030494955,306.022711786383,0.903890705974519
"conc","Sec_Rhine_Lower","Lower Rhine (section)","bonobo","EUS_265",0.223187104828071,0.330625453141181,339,0.911993432980498,311.068188901568,0.913893229470381
"conc","Sec_Rhine_Lower","Lower Rhine (section)","bonobo","EUS_266",0.222550476146505,0.33098607528953,339,0.911992083370999,311.067731144976,0.913891925037081
"conc","Sec_Rhine_Lower","Lower Rhine (section)","bonobo","EUS_381",0.223392993508789,0.331314571887714,339,0.909398977124068,310.188668090759,0.911284113037825
"conc","Sec_Rhine_Lower","Lower Rhine (section)","bonobo","EUS_382",0.199361093690952,0.355135475327533,339,0.90765455245127,309.597313154882,0.909196814061084
"conc","Sec_Rhine_Lower","Lower Rhine (section)","bonobo","EUS_383",0.191514086529485,0.35617798752268,339,0.900599401505426,307.205628198874,0.901799799933537
"conc","Sec_Rhine_Lower","Lower Rhine (section)","bonobo","EUS_387",0.232650284043408,0.32926851327643,339,0.911972197035379,311.060986156922,0.913872704270518
"conc","Sec_Rhine_Lower","Lower Rhine (section)","bonobo","EUS_388",0.232291212164473,0.329015821760791,339,0.911354030438277,310.851427829314,0.913187753831297
"conc","Sec_Rhine_Lower","Lower Rhine (section)","bonobo","EUS_392",0.197508536828197,0.353520457616624,339,0.905217938146001,308.771299835764,0.906631092656798
"conc","Sec_Rhine_Lower","Lower Rhine (section)","bonobo","EUS_393",0.218539988928506,0.342373922991249,339,0.911048325231825,310.747798358203,0.912845413521374
"conc","Sec_Rhine_Lower","Lower Rhine (section)","bonobo","EUS_400",0.186100007413921,0.336251176086311,339,0.864862401176018,295.090765206633,0.865264664972995
"conc","Sec_Rhine_Lower","Lower Rhine (section)","bonobo","EUS_401",0.20029917699984,0.349268924182326,339,0.910086254591895,310.421658769114,0.911777708913598
"conc","Sec_Rhine_Lower","Lower Rhine (section)","bonobo","EUS_402",0.189202857848513,0.350984240297349,339,0.89849581913562,306.492501426535,0.89967233400447
"conc","Sec_Danube_Upper","Upper Danube (section)","lioness","EUS_001",-0.112346028727736,1.48204469139041,272,0.635322078998834,274.275229104398,0.70258205649169
"conc","Sec_Danube_Upper","Upper Danube (section)","lioness","EUS_002",0.0994157256361816,0.767849222566294,272,0.647940965644101,220.999240420006,0.643043948790477
"conc","Sec_Danube_Upper","Upper Danube (section)","lioness","EUS_003",0.892990766235357,2.87328945105038,272,1.7625595891969,608.896199216287,1.47242090542021
"conc","Sec_Danube_Upper","Upper Danube (section)","lioness","EUS_004",0.0325356010829836,0.960166851798048,272,0.664056549203729,217.499549883504,0.667420003175062
"conc","Sec_Danube_Upper","Upper Danube (section)","lioness","EUS_005",0.0348347824664869,0.818811390418472,272,0.583030784897785,211.399514246382,0.617564729584538
"conc","Sec_Danube_Upper","Upper Danube (section)","lioness","EUS_006",0.1982604017345,0.543221938804912,272,0.586037548343727,225.984535266187,0.67580920841688
"conc","Sec_Danube_Upper","Upper Danube (section)","lioness","EUS_007",0.333204475398267,0.395288649232554,272,0.798759200440275,223.953965920652,0.810609461749862
"conc","Sec_Danube_Upper","Upper Danube (section)","lioness","EUS_008",0.350404528580669,0.351602861686312,272,0.779656013754594,212.477794321902,0.792284063247896
"conc","Sec_Danube_Upper","Upper Danube (section)","lioness","EUS_009",0.214208391218171,0.662047648602356,272,0.727603410063528,230.282225848366,0.784835454646912
"conc","Sec_Danube_Upper","Upper Danube (section)","lioness","EUS_010",0.437838935653052,0.394661656010211,272,0.854164690797177,235.364771223856,0.880728403734339
"conc","Sec_Danube_Upper","Upper Danube (section)","lioness","EUS_011",0.40347269315924,0.373701560805858,272,0.861077414574641,234.213056764302,0.884718451209077
"conc","Sec_Danube_Upper","Upper Danube (section)","lioness","EUS_012",0.309585760230809,0.613027681596537,272,0.766060753519334,220.685161721106,0.773897577383549
"conc","Sec_Danube_Upper","Upper Danube (section)","lioness","EUS_013",0.409448729778907,0.408577229348125,272,0.851983319586767,232.465655277837,0.867934773144936
"conc","Sec_Danube_Upper","Upper Danube (section)","lioness","EUS_051",0.195167297538874,0.89179574557904,272,0.759595246871844,244.268537463684,0.787645632157621
"conc","Sec_Danube_Upper","Upper Danube (section)","lioness","EUS_096",0.0829704337776602,0.857996477733615,272,0.523331504167111,238.981315464293,0.514652616116294
"conc","Sec_Danube_Upper","Upper Danube (section)","lioness","EUS_097",0.0950963582784652,0.843730521241744,272,0.666478651916714,213.553144492811,0.672323200314294
"conc","Sec_Danube_Upper","Upper Danube (section)","lioness","EUS_105",-0.0320758556347098,1.44770321704438,272,0.436695394712093,291.088280040154,0.452466642683694
"conc","Sec_Danube_Upper","Upper Danube (section)","lioness","EUS_164",0.0993092279348111,1.26962398501075,272,0.596627753522465,256.073355009745,0.642865029188321
"conc","Sec_Danube_Upper","Upper Danube (section)","lioness","EUS_165",0.251701122372524,0.596729874383749,272,0.667606189433021,226.61083814241,0.663985322152987
"conc","Sec_Danube_Upper","Upper Danube (section)","lioness","EUS_166",0.269906299417227,0.424090782646384,272,0.741211752492359,212.82720222442,0.734871122862112
"conc","Sec_Danube_Upper","Upper Danube (section)","lioness","EUS_168",0.159283893808251,0.45808134396506,272,0.714131758574177,203.429004356988,0.71381761643527
"conc","Sec_Danube_Upper","Upper Danube (section)","lioness","EUS_171",0.298239966022926,0.450103768724997,272,0.75372483190683,219.083314682521,0.741744966252917
"conc","Sec_Danube_Upper","Upper Danube (section)","lioness","EUS_172",0.247043495649651,0.411104328404108,272,0.713360622372847,207.600300110121,0.718127133089844
"conc","Sec_Danube_Upper","Upper Danube (section)","lioness","EUS_176",-0.128245560305869,1.81616680460055,272,0.525756355631607,304.102075611137,0.932569060399418
"conc","Sec_Danube_Upper","Upper Danube (section)","lioness","EUS_177",0.36050976907989,1.83173645315207,272,1.26076158320188,465.626392115402,1.24058834038007
"conc","Sec_Danube_Upper","Upper Danube (section)","lioness","EUS_179",0.0581960692118459,0.736664110661342,272,0.611732315915309,208.321840365401,0.595294956946839
"conc","Sec_Danube_Upper","Upper Danube (section)","lioness","EUS_182",0.019476307614411,0.888682318520752,272,0.548001076120854,222.265256471791,0.510926735610496
"conc","Sec_Danube_Upper","Upper Danube (section)","lioness","EUS_183",3.94436550581846,4.57811328008663,272,3.49992012765228,962.720198868863,3.01997917863048
"conc","Sec_Danube_Upper","Upper Danube (section)","lioness","EUS_301",0.0971955157677054,0.781288501986351,272,0.618669568667169,252.829759788475,0.56657127363225
"conc","Sec_Danube_Upper","Upper Danube (section)","lioness","EUS_302",0.152477675729538,0.506105135177954,272,0.794018398395089,217.71386717098,0.807180136159086
"conc","Sec_Danube_Upper","Upper Danube (section)","lioness","EUS_303",0.134845014192901,0.535265748066004,272,0.803782544092778,221.916782162812,0.811465527703855
"conc","Sec_Danube_Upper","Upper Danube (section)","lioness","EUS_304",0.112514531867539,0.893647599590303,272,0.714679406241464,225.069547391902,0.720288551652158
"conc","Sec_Danube_Upper","Upper Danube (section)","lioness","EUS_305",0.164178572687009,0.896547081939109,272,0.752438502640993,223.35034492821,0.747672650899751
"conc","Sec_Danube_Upper","Upper Danube (section)","lioness","EUS_306",0.165298308900854,0.65183405265073,272,0.765762495351507,214.491554088356,0.772201593951962
"conc","Sec_Danube_Upper","Upper Danube (section)","lioness","EUS_307",0.159419085927409,0.564788797562361,272,0.788444861774724,222.113191276233,0.820223240302205
"conc","Sec_Danube_Upper","Upper Danube (section)","lioness","EUS_308",0.174960580292171,0.518811044115104,272,0.793087363662658,221.791606776748,0.80202216669103
"conc","Sec_Danube_Upper","Upper Danube (section)","lioness","EUS_309",0.146885913717019,0.589256234600016,272,0.74396946449022,222.214146094367,0.752132011772544
"conc","Sec_Danube_Upper","Upper Danube (section)","lioness","EUS_334",0.0347185389946726,0.961524533563778,272,0.697526610618102,209.226604600343,0.72898427048032
"conc","Sec_Danube_Upper","Upper Danube (section)","lioness","EUS_376",0.0750237531243501,1.10855304097793,272,0.854010413043025,238.453715609603,0.870590595093696
"conc","Sec_Danube_Upper","Upper Danube (section)","lioness","EUS_377",0.0465707084329786,1.19292855624141,272,0.886481223774223,242.21894051748,0.918783367116678
"conc","Sec_Danube_Upper","Upper Danube (section)","lioness","EUS_378",0.274907713919484,0.64590271223434,272,0.833554071997318,234.050782518847,0.846440727502014
"conc","Sec_Danube_Upper","Upper Danube (section)","lioness","EUS_379",-0.0133591497177751,1.45437613599729,272,0.688251216635801,225.910230124047,0.65832440836837
"conc","Sec_Danube_Upper","Upper Danube (section)","lioness","EUS_380",0.0667479016273078,1.28298442945089,272,0.821486500072116,233.60872459819,0.834105390435815
"conc","Sec_Danube_Upper","Upper Danube (section)","bonobo","EUS_001",0.213773569051457,0.28246940189646,272,0.781407954801736,212.542963706072,0.792838277982059
"conc","Sec_Danube_Upper","Upper Danube (section)","bonobo","EUS_002",0.232955990696578,0.26413489101459,272,0.776519710158227,211.213361163038,0.782503254985439
"conc","Sec_Danube_Upper","Upper Danube (section)","bonobo","EUS_003",0.280300808764324,0.36591880299163,272,0.853588375233155,232.176038063418,0.846596327075778
"conc","Sec_Danube_Upper","Upper Danube (section)","bonobo","EUS_004",0.220627426779913,0.278801922014816,272,0.777059570146246,211.360203079779,0.785681732982296
"conc","Sec_Danube_Upper","Upper Danube (section)","bonobo","EUS_005",0.221094593127721,0.274284152485569,272,0.768132173756114,208.931951261663,0.780115151364122
"conc","Sec_Danube_Upper","Upper Danube (section)","bonobo","EUS_006",0.243989776781984,0.25786458906254,272,0.770037143068262,209.450102914567,0.786832614346178
"conc","Sec_Danube_Upper","Upper Danube (section)","bonobo","EUS_007",0.26290793185725,0.258813952390022,272,0.796817885427976,216.734464836409,0.805595697221704
"conc","Sec_Danube_Upper","Upper Danube (section)","bonobo","EUS_008",0.265121626801556,0.257627318651831,272,0.793470666950552,215.82402141055,0.802638997663382
"conc","Sec_Danube_Upper","Upper Danube (section)","bonobo","EUS_009",0.248673159751417,0.264919829331602,272,0.78943741246778,214.726976191236,0.8020766335593
"conc","Sec_Danube_Upper","Upper Danube (section)","bonobo","EUS_010",0.278089940779803,0.255102822840024,272,0.804524794628685,218.830744139002,0.815215808006733
"conc","Sec_Danube_Upper","Upper Danube (section)","bonobo","EUS_011",0.27344800071576,0.25840104912513,272,0.805549699912225,219.109518376125,0.815770164890497
"conc","Sec_Danube_Upper","Upper Danube (section)","bonobo","EUS_012",0.262937303816766,0.260659884273186,272,0.791191377263781,215.204054615749,0.799380060821339
"conc","Sec_Danube_Upper","Upper Danube (section)","bonobo","EUS_013",0.27429224864548,0.256277315331341,272,0.804388777984493,218.793747611782,0.813722018532296
"conc","Sec_Danube_Upper","Upper Danube (section)","bonobo","EUS_051",0.249961746017265,0.273216800831134,272,0.793555533276379,215.847105051175,0.804261261311849
"conc","Sec_Danube_Upper","Upper Danube (section)","bonobo","EUS_096",0.226104102760741,0.266914096286366,272,0.762934543095681,207.518195722025,0.769790140252214
"conc","Sec_Danube_Upper","Upper Danube (section)","bonobo","EUS_097",0.227182285034556,0.27087524478952,272,0.778382912312791,211.720152149079,0.786475820112176
"conc","Sec_Danube_Upper","Upper Danube (section)","bonobo","EUS_105",0.216580499520864,0.2749205776316,272,0.75788453129274,206.144592511625,0.765105409105427
"conc","Sec_Danube_Upper","Upper Danube (section)","bonobo","EUS_164",0.230191137900998,0.280510950651143,272,0.768741361404455,209.097650302012,0.779700018866854
"conc","Sec_Danube_Upper","Upper Danube (section)","bonobo","EUS_165",0.25378718980082,0.260975679902848,272,0.782395983336148,212.811707467432,0.790627372337135
"conc","Sec_Danube_Upper","Upper Danube (section)","bonobo","EUS_166",0.253564363328712,0.257804531718655,272,0.788112387961906,214.366569525638,0.794230223279727
"conc","Sec_Danube_Upper","Upper Danube (section)","bonobo","EUS_168",0.23607677323933,0.258481723143977,272,0.78334364631592,213.06947179793,0.790412820870476
"conc","Sec_Danube_Upper","Upper Danube (section)","bonobo","EUS_171",0.25842621734301,0.255202788544408,272,0.790665751156036,215.061084314442,0.79603200339853
"conc","Sec_Danube_Upper","Upper Danube (section)","bonobo","EUS_172",0.249372788381288,0.259069278124341,272,0.783760065285317,213.182737757606,0.791168450672222
"conc","Sec_Danube_Upper","Upper Danube (section)","bonobo","EUS_176",0.212867546372879,0.284585917876728,272,0.762173791111581,207.31127118235,0.809881373491955
"conc","Sec_Danube_Upper","Upper Danube (section)","bonobo","EUS_177",0.253176753050648,0.32542399085033,272,0.829549065641216,225.637345854411,0.837713554585543
"conc","Sec_Danube_Upper","Upper Danube (section)","bonobo","EUS_179",0.226075530320402,0.263807743016689,272,0.771735754673351,209.912125271152,0.777990531393166
"conc","Sec_Danube_Upper","Upper Danube (section)","bonobo","EUS_182",0.220416780995593,0.270830201258524,272,0.765372764929498,208.181392060824,0.768900343978288
"conc","Sec_Danube_Upper","Upper Danube (section)","bonobo","EUS_183",0.452117167776977,0.367833241152673,272,0.908123286996126,247.009534062946,0.904924741435642
"conc","Sec_Danube_Upper","Upper Danube (section)","bonobo","EUS_301",0.232885206079994,0.263005639330209,272,0.783947776642199,213.233795246678,0.788646384218516
"conc","Sec_Danube_Upper","Upper Danube (section)","bonobo","EUS_302",0.234955902706697,0.267961881371579,272,0.795539289117184,216.386686639874,0.804549688008842
"conc","Sec_Danube_Upper","Upper Danube (section)","bonobo","EUS_303",0.231744398169802,0.270504926221537,272,0.796997235794463,216.783248136094,0.805223352901914
"conc","Sec_Danube_Upper","Upper Danube (section)","bonobo","EUS_304",0.228328205969636,0.278840325814934,272,0.785023061747407,213.526272795295,0.792499099906321
"conc","Sec_Danube_Upper","Upper Danube (section)","bonobo","EUS_305",0.246234343078164,0.268547461930253,272,0.789092853677392,214.633256200251,0.794927100056012
"conc","Sec_Danube_Upper","Upper Danube (section)","bonobo","EUS_306",0.237901615577288,0.271169391936537,272,0.791267486509691,215.224756330636,0.799431837381543
"conc","Sec_Danube_Upper","Upper Danube (section)","bonobo","EUS_307",0.236828034913422,0.273286908225372,272,0.794781528330627,216.18057570593,0.806503512140318
"conc","Sec_Danube_Upper","Upper Danube (section)","bonobo","EUS_308",0.238599787415913,0.270600863340917,272,0.795480555402237,216.370711069408,0.803923503926641
"conc","Sec_Danube_Upper","Upper Danube (section)","bonobo","EUS_309",0.234445925781852,0.273288802512068,272,0.788160146122677,214.379559745368,0.796581287401312
"conc","Sec_Danube_Upper","Upper Danube (section)","bonobo","EUS_334",0.225805491906297,0.267889271686299,272,0.782752589046504,212.908704220649,0.793606852256067
"conc","Sec_Danube_Upper","Upper Danube (section)","bonobo","EUS_376",0.231554849523258,0.304455994119058,272,0.804567103708749,218.84225220878,0.813908667327572
"conc","Sec_Danube_Upper","Upper Danube (section)","bonobo","EUS_377",0.229226001261013,0.302436468861619,272,0.80643543443366,219.350438165955,0.816830050230483
"conc","Sec_Danube_Upper","Upper Danube (section)","bonobo","EUS_378",0.256911462596504,0.270275655609272,272,0.801957308772999,218.132387986256,0.810722241028439
"conc","Sec_Danube_Upper","Upper Danube (section)","bonobo","EUS_379",0.22248395659329,0.279812640012214,272,0.782845373729614,212.933941654455,0.78642237269254
"conc","Sec_Danube_Upper","Upper Danube (section)","bonobo","EUS_380",0.227966605717728,0.304287591741698,272,0.799381769979901,217.431841434533,0.808160166426294
"conc","Sec_Danube_Middle","Middle Danube (section)","lioness","EUS_082",0.0629064375580888,1.50063579812706,221,0.595349562456733,225.286937012527,0.561506505774984
"conc","Sec_Danube_Middle","Middle Danube (section)","lioness","EUS_103",0.286282414870852,1.0325586979641,221,0.912282470569323,217.630401660784,0.93992210643499
"conc","Sec_Danube_Middle","Middle Danube (section)","lioness","EUS_104",0.182927499057649,0.910702391553876,221,0.621499033597598,183.799932281919,0.628985367255214
"conc","Sec_Danube_Middle","Middle Danube (section)","lioness","EUS_106",-0.00716990088622125,0.889604871597543,221,0.724468910451995,203.742116510406,0.734963368271864
"conc","Sec_Danube_Middle","Middle Danube (section)","lioness","EUS_107",0.215819327454327,1.02473108633168,221,0.822183376887774,212.922292819316,0.824502380220191
"conc","Sec_Danube_Middle","Middle Danube (section)","lioness","EUS_108",0.0128548713959348,1.94612129653005,221,0.763385250465758,335.20139177661,0.901316971059106
"conc","Sec_Danube_Middle","Middle Danube (section)","lioness","EUS_109",0.0710103730100876,1.02676502023155,221,0.735928894003043,231.594902696339,0.718326806887291
"conc","Sec_Danube_Middle","Middle Danube (section)","lioness","EUS_110",0.350172108155986,1.77185739369653,221,1.17974871869272,343.645659589557,1.22304359113887
"conc","Sec_Danube_Middle","Middle Danube (section)","lioness","EUS_167",0.215913025271112,0.572374010727042,221,0.757899659573958,174.29574063976,0.758415697122233
"conc","Sec_Danube_Middle","Middle Danube (section)","lioness","EUS_169",0.265800390152631,0.832755030722753,221,0.80150888918358,184.604211722175,0.803574256656582
"conc","Sec_Danube_Middle","Middle Danube (section)","lioness","EUS_170",0.0738497023206703,1.00979428573774,221,0.539919168284577,175.064126417241,0.557753751413051
"conc","Sec_Danube_Middle","Middle Danube (section)","lioness","EUS_178",0.0662625427214235,0.761280634633094,221,0.691585819206438,176.201224375262,0.696055269206517
"conc","Sec_Danube_Middle","Middle Danube (section)","lioness","EUS_180",0.112884594417549,1.07232115892207,221,0.702791340315144,179.730244725637,0.701700658003329
"conc","Sec_Danube_Middle","Middle Danube (section)","lioness","EUS_181",2.10081705049213,3.52410171988556,221,1.90041993456552,488.275880969097,1.84755819636862
"conc","Sec_Danube_Middle","Middle Danube (section)","lioness","EUS_310",0.18486890628616,0.524436511587772,221,0.768807208552786,177.685863057943,0.769795641874774
"conc","Sec_Danube_Middle","Middle Danube (section)","lioness","EUS_311",0.0818351870928509,0.960632161180711,221,0.827147483279178,191.404100972433,0.853811493846672
"conc","Sec_Danube_Middle","Middle Danube (section)","lioness","EUS_312",0.17086053403074,1.11420529413848,221,0.804914285553704,190.737381025408,0.822274888832986
"conc","Sec_Danube_Middle","Middle Danube (section)","lioness","EUS_313",0.20134640234573,1.20660645946818,221,0.849118612931239,197.980547241358,0.877608459613313
"conc","Sec_Danube_Middle","Middle Danube (section)","lioness","EUS_314",0.119755594983916,0.649965672759776,221,0.764592791519005,181.369228053063,0.766145957658684
"conc","Sec_Danube_Middle","Middle Danube (section)","lioness","EUS_315",0.162915321028757,0.645693463713559,221,0.773922594635841,178.255241686054,0.776513203319452
"conc","Sec_Danube_Middle","Middle Danube (section)","lioness","EUS_316",0.135609713764804,0.619198023690388,221,0.751317961216307,173.791540969841,0.751091605824125
"conc","Sec_Danube_Middle","Middle Danube (section)","lioness","EUS_317",0.107089955283697,0.652278813016615,221,0.758531987970171,179.847486996447,0.758209514507616
"conc","Sec_Danube_Middle","Middle Danube (section)","lioness","EUS_318",0.118419754316919,0.579154648705422,221,0.743954700657824,175.944959646173,0.741971174524472
"conc","Sec_Danube_Middle","Middle Danube (section)","lioness","EUS_319",0.130143739108654,0.423984006267924,221,0.779716034904822,174.043343031371,0.786345242891018
"conc","Sec_Danube_Middle","Middle Danube (section)","lioness","EUS_320",0.121416093092231,0.514476221104269,221,0.731812700733245,172.936947366942,0.733255543380484
"conc","Sec_Danube_Middle","Middle Danube (section)","lioness","EUS_321",0.108446508919701,0.816815620385231,221,0.716330796860534,173.734211483208,0.723078503613836
"conc","Sec_Danube_Middle","Middle Danube (section)","lioness","EUS_322",0.11796942537383,0.493309686771239,221,0.784210760625864,177.511764581586,0.788374523532427
"conc","Sec_Danube_Middle","Middle Danube (section)","lioness","EUS_323",0.153177550240563,0.490314374526187,221,0.768975853699364,179.941132719314,0.769012692664134
"conc","Sec_Danube_Middle","Middle Danube (section)","lioness","EUS_324",0.137248939285218,0.440575972766152,221,0.768888720804699,177.198693593057,0.766648816383175
"conc","Sec_Danube_Middle","Middle Danube (section)","lioness","EUS_325",0.137683861707044,0.411675869568337,221,0.780108932078151,173.943999439202,0.785595123313585
"conc","Sec_Danube_Middle","Middle Danube (section)","lioness","EUS_326",0.146090448482925,0.458410298353464,221,0.786228172157048,176.317122786934,0.790107287330712
"conc","Sec_Danube_Middle","Middle Danube (section)","lioness","EUS_327",0.166087943463215,0.398415447816165,221,0.792391040625139,176.941384125818,0.793844091867857
"conc","Sec_Danube_Middle","Middle Danube (section)","lioness","EUS_328",0.145240287421948,0.436432196375474,221,0.780149856769146,174.920788909377,0.784180563858235
"conc","Sec_Danube_Middle","Middle Danube (section)","lioness","EUS_329",0.155628828233934,0.41819568772838,221,0.778311734465795,175.19919873144,0.777393534587418
"conc","Sec_Danube_Middle","Middle Danube (section)","lioness","EUS_330",0.219758412356974,0.427191827286424,221,0.79098678954548,177.501489460302,0.790201654833887
"conc","Sec_Danube_Middle","Middle Danube (section)","lioness","EUS_331",0.202112756607564,0.402972655713629,221,0.762730508307501,175.692147312749,0.758329908532211
"conc","Sec_Danube_Middle","Middle Danube (section)","lioness","EUS_335",0.06084264996055,0.922225782479702,221,0.572944486932774,193.540699693166,0.55200062556925
"conc","Sec_Danube_Middle","Middle Danube (section)","lioness","EUS_352",-0.0933364314527856,1.55195494006816,221,0.758373691534906,222.35208772551,0.755966249486757
"conc","Sec_Danube_Middle","Middle Danube (section)","lioness","EUS_353",0.0176361716480402,1.26361841799255,221,0.817091362616987,225.092239892004,0.815946425685619
"conc","Sec_Danube_Middle","Middle Danube (section)","lioness","EUS_354",0.164921576640488,0.983248108375345,221,0.832961722871609,202.308087084299,0.840631332108002
"conc","Sec_Danube_Middle","Middle Danube (section)","lioness","EUS_355",0.352820734236063,3.89671461167277,221,1.75131328304384,500.718340414471,1.66706212259593
"conc","Sec_Danube_Middle","Middle Danube (section)","lioness","EUS_371",0.102882606507675,0.77613338891031,221,0.617684982533367,179.972897926301,0.60006082992268
"conc","Sec_Danube_Middle","Middle Danube (section)","bonobo","EUS_082",0.164075668862292,0.286858837895917,221,0.7718439722876,172.290412085156,0.770620363982843
"conc","Sec_Danube_Middle","Middle Danube (section)","bonobo","EUS_103",0.199044705815542,0.274563030160664,221,0.808614313859163,180.53906109603,0.814595769132777
"conc","Sec_Danube_Middle","Middle Danube (section)","bonobo","EUS_104",0.185838397800054,0.270882107689392,221,0.773452527805723,172.774229978096,0.777036726393737
"conc","Sec_Danube_Middle","Middle Danube (section)","bonobo","EUS_106",0.159276898635154,0.28004310858468,221,0.787703236962335,175.923403974981,0.79161596657827
"conc","Sec_Danube_Middle","Middle Danube (section)","bonobo","EUS_107",0.190984808884775,0.273714550800715,221,0.79830114433213,178.262001334633,0.800908048467432
"conc","Sec_Danube_Middle","Middle Danube (section)","bonobo","EUS_108",0.160926997064696,0.31181295837787,221,0.789542089147678,176.328374838732,0.800543027516375
"conc","Sec_Danube_Middle","Middle Danube (section)","bonobo","EUS_109",0.165772429648859,0.291446838033588,221,0.790493524926129,176.538911078862,0.791629148944722
"conc","Sec_Danube_Middle","Middle Danube (section)","bonobo","EUS_110",0.189954275254764,0.324206871797901,221,0.81804464256782,182.628626483596,0.824461793550984
"conc","Sec_Danube_Middle","Middle Danube (section)","bonobo","EUS_167",0.188224863224797,0.264521741273932,221,0.790785764179373,176.374357378646,0.793339650078716
"conc","Sec_Danube_Middle","Middle Danube (section)","bonobo","EUS_169",0.194657967833324,0.268379671324143,221,0.797096418882797,177.902030663973,0.799867695273993
"conc","Sec_Danube_Middle","Middle Danube (section)","bonobo","EUS_170",0.167009592334277,0.276745637496264,221,0.76427854728575,170.522942019549,0.769090598327079
"conc","Sec_Danube_Middle","Middle Danube (section)","bonobo","EUS_178",0.170970280884306,0.267809356127613,221,0.781188238747795,174.376537720959,0.784277066702725
"conc","Sec_Danube_Middle","Middle Danube (section)","bonobo","EUS_180",0.178501146640358,0.279897975149755,221,0.786666031871525,175.601164186184,0.789403626071284
"conc","Sec_Danube_Middle","Middle Danube (section)","bonobo","EUS_181",0.301111473552667,0.347331790835301,221,0.848466592810503,189.244859427344,0.850376353235439
"conc","Sec_Danube_Middle","Middle Danube (section)","bonobo","EUS_310",0.18224194230977,0.271871524463866,221,0.792163496392166,176.7806987648,0.794730602180293
"conc","Sec_Danube_Middle","Middle Danube (section)","bonobo","EUS_311",0.167613571561242,0.284117193418925,221,0.798106308852665,178.128765598998,0.804040437623654
"conc","Sec_Danube_Middle","Middle Danube (section)","bonobo","EUS_312",0.176757403330431,0.286787750602206,221,0.796526046379023,177.780562713641,0.801468985966258
"conc","Sec_Danube_Middle","Middle Danube (section)","bonobo","EUS_313",0.178421275655669,0.29249387662387,221,0.799973875321919,178.542508932581,0.806195487081639
"conc","Sec_Danube_Middle","Middle Danube (section)","bonobo","EUS_314",0.175475750188062,0.273912371229677,221,0.791999036656337,176.755849968929,0.79473028680733
"conc","Sec_Danube_Middle","Middle Danube (section)","bonobo","EUS_315",0.180960379973587,0.27638658180265,221,0.792645643673699,176.891665565425,0.795437884711526
"conc","Sec_Danube_Middle","Middle Danube (section)","bonobo","EUS_316",0.176103969405327,0.276176553140378,221,0.789386412455386,176.200884497981,0.791797869446229
"conc","Sec_Danube_Middle","Middle Danube (section)","bonobo","EUS_317",0.169820636829167,0.278381963003855,221,0.790532184295554,176.451785108468,0.792943248226186
"conc","Sec_Danube_Middle","Middle Danube (section)","bonobo","EUS_318",0.173030170376049,0.276356098483084,221,0.788926777599833,176.092256819679,0.791124904965533
"conc","Sec_Danube_Middle","Middle Danube (section)","bonobo","EUS_319",0.173295283999064,0.269722963300918,221,0.793297481224339,177.035675221626,0.796737414655481
"conc","Sec_Danube_Middle","Middle Danube (section)","bonobo","EUS_320",0.172907411386448,0.269199541070152,221,0.789106927443476,176.130541527499,0.792041908142322
"conc","Sec_Danube_Middle","Middle Danube (section)","bonobo","EUS_321",0.169384352793034,0.277980448648956,221,0.785673732636335,175.37007498201,0.789181121454146
"conc","Sec_Danube_Middle","Middle Danube (section)","bonobo","EUS_322",0.172347054374851,0.273613448095924,221,0.794381867332265,177.264767651378,0.797468853924215
"conc","Sec_Danube_Middle","Middle Danube (section)","bonobo","EUS_323",0.177528070436266,0.271676166083973,221,0.792677335686451,176.832829593715,0.795181043917548
"conc","Sec_Danube_Middle","Middle Danube (section)","bonobo","EUS_324",0.174745754893642,0.273002087967982,221,0.792446779855203,176.864582014995,0.794592498947028
"conc","Sec_Danube_Middle","Middle Danube (section)","bonobo","EUS_325",0.174551254965207,0.271224251705743,221,0.793337548632657,177.03528649893,0.796606617221859
"conc","Sec_Danube_Middle","Middle Danube (section)","bonobo","EUS_326",0.176458748856994,0.273679664123474,221,0.794360161782512,177.301267041193,0.797337304027177
"conc","Sec_Danube_Middle","Middle Danube (section)","bonobo","EUS_327",0.178632673504872,0.272722154770235,221,0.795146814178963,177.475492337128,0.797770902183036
"conc","Sec_Danube_Middle","Middle Danube (section)","bonobo","EUS_328",0.176126139503533,0.27140811930097,221,0.793488693141512,177.103563800283,0.796487508432826
"conc","Sec_Danube_Middle","Middle Danube (section)","bonobo","EUS_329",0.17749823209091,0.270606190692759,221,0.793090746532248,177.016840441728,0.795364028547711
"conc","Sec_Danube_Middle","Middle Danube (section)","bonobo","EUS_330",0.186661113571591,0.268613361315278,221,0.795171790276924,177.476774654028,0.797466980945327
"conc","Sec_Danube_Middle","Middle Danube (section)","bonobo","EUS_331",0.184094401174496,0.268392585869825,221,0.791450393221272,176.484211959233,0.793275573451495
"conc","Sec_Danube_Middle","Middle Danube (section)","bonobo","EUS_335",0.169791423029427,0.272393161608845,221,0.774158087414036,172.832697892696,0.774514779598254
"conc","Sec_Danube_Middle","Middle Danube (section)","bonobo","EUS_352",0.157385258329454,0.31174364268824,221,0.79391373441794,177.202142742223,0.795292582889779
"conc","Sec_Danube_Middle","Middle Danube (section)","bonobo","EUS_353",0.169094959872837,0.304389508309034,221,0.792991500083165,176.986750670213,0.794881270096597
"conc","Sec_Danube_Middle","Middle Danube (section)","bonobo","EUS_354",0.185087420847305,0.290455796463428,221,0.800803525728628,178.704432949644,0.803487809046981
"conc","Sec_Danube_Middle","Middle Danube (section)","bonobo","EUS_355",0.175381011548897,0.356552406534864,221,0.813270089516875,181.221244381176,0.809983867770494
"conc","Sec_Danube_Middle","Middle Danube (section)","bonobo","EUS_371",0.172972217709083,0.270345144910462,221,0.777433637671399,173.543570807328,0.777498359312108
"conc","Sec_Danube_Lower","Lower Danube (section)","lioness","EUS_158",0.0378826475587902,1.11353451659714,254,0.653225557688351,206.336410895425,0.681298070375408
"conc","Sec_Danube_Lower","Lower Danube (section)","lioness","EUS_159",0.0630642063274087,0.93063190466187,254,0.679109232928755,202.209896861035,0.783173434466838
"conc","Sec_Danube_Lower","Lower Danube (section)","lioness","EUS_160",0.0809430722859383,1.14556104975793,254,0.677571390354066,220.845076827088,0.690479324100359
"conc","Sec_Danube_Lower","Lower Danube (section)","lioness","EUS_161",0.0341619765749414,1.355976452463,254,0.671932854352555,225.391210226342,0.709033285934877
"conc","Sec_Danube_Lower","Lower Danube (section)","lioness","EUS_162",0.27691668748339,0.781905269928539,254,0.668542774224263,200.127876739132,0.656664105040332
"conc","Sec_Danube_Lower","Lower Danube (section)","lioness","EUS_163",0.225626757113545,0.613268369823078,254,0.754034309054314,209.589619323857,0.755349753153496
"conc","Sec_Danube_Lower","Lower Danube (section)","lioness","EUS_173",2.10678286550724,3.55976731672942,254,1.36809203050777,388.105829764484,1.41356466029494
"conc","Sec_Danube_Lower","Lower Danube (section)","lioness","EUS_174",0.0407201643804809,1.68488401111168,254,0.500820751981262,261.242960203428,0.476895046237935
"conc","Sec_Danube_Lower","Lower Danube (section)","lioness","EUS_175",0.117832829001647,0.660889368043999,254,0.653373944068154,190.371542825436,0.66898559098412
"conc","Sec_Danube_Lower","Lower Danube (section)","lioness","EUS_332",0.150936841733958,0.560640746755741,254,0.790602359169803,212.977175681178,0.798259945509229
"conc","Sec_Danube_Lower","Lower Danube (section)","lioness","EUS_333",0.0788147738192073,0.835895954596405,254,0.758280654805749,205.134843901259,0.769582914094768
"conc","Sec_Danube_Lower","Lower Danube (section)","lioness","EUS_336",0.185453753831981,0.575867482308947,254,0.806927683573134,217.198838041682,0.797413715816553
"conc","Sec_Danube_Lower","Lower Danube (section)","lioness","EUS_337",0.143958561021399,0.588639110599912,254,0.827166891939135,220.597291326956,0.826116578866691
"conc","Sec_Danube_Lower","Lower Danube (section)","lioness","EUS_338",0.172173726879664,0.499820954851854,254,0.706050879192225,201.81835483771,0.765532405188918
"conc","Sec_Danube_Lower","Lower Danube (section)","lioness","EUS_339",0.138683381420212,0.597138456906949,254,0.70357619174078,200.47355630967,0.757775775982982
"conc","Sec_Danube_Lower","Lower Danube (section)","lioness","EUS_340",0.192332607946064,0.46923180611521,254,0.807618174457328,217.499209742512,0.797247570075005
"conc","Sec_Danube_Lower","Lower Danube (section)","lioness","EUS_341",0.20505494991797,0.530830461156199,254,0.810556029865644,220.510506889961,0.809940693305836
"conc","Sec_Danube_Lower","Lower Danube (section)","lioness","EUS_342",0.236071628824115,0.525683137582764,254,0.694933328242558,191.407389132823,0.728781134115651
"conc","Sec_Danube_Lower","Lower Danube (section)","lioness","EUS_343",0.19948078828376,0.48941260767163,254,0.826644456097106,225.931077452489,0.815096814260908
"conc","Sec_Danube_Lower","Lower Danube (section)","lioness","EUS_344",0.0928765688135815,0.62549406499769,254,0.614963819643577,188.593699324619,0.6226796953872
"conc","Sec_Danube_Lower","Lower Danube (section)","lioness","EUS_345",0.1993153717422,0.523492809249289,254,0.754246291436021,212.375878013561,0.738021917338526
"conc","Sec_Danube_Lower","Lower Danube (section)","lioness","EUS_346",0.131519285762928,1.16469025075596,254,0.666260808030422,195.712201599364,0.663457797444072
"conc","Sec_Danube_Lower","Lower Danube (section)","lioness","EUS_347",0.13867878713239,0.66982597430149,254,0.852040751747215,227.177401105457,0.840544692773443
"conc","Sec_Danube_Lower","Lower Danube (section)","lioness","EUS_348",0.1542633221238,0.595376863259756,254,0.858615368389573,228.775774066601,0.8454876721401
"conc","Sec_Danube_Lower","Lower Danube (section)","lioness","EUS_349",-0.00736017595939982,1.26746310155072,254,0.816105543155148,238.986464383776,0.781162874983559
"conc","Sec_Danube_Lower","Lower Danube (section)","lioness","EUS_350",0.122102018814927,0.764061725670075,254,0.854510963629792,227.347760432,0.850479171466815
"conc","Sec_Danube_Lower","Lower Danube (section)","lioness","EUS_351",0.166126171628757,0.587604561359453,254,0.857996817645762,228.371279494503,0.841659755147522
"conc","Sec_Danube_Lower","Lower Danube (section)","lioness","EUS_356",0.0972009972042628,0.646223494854756,254,0.617660601567282,200.629694362167,0.676247949664548
"conc","Sec_Danube_Lower","Lower Danube (section)","lioness","EUS_357",0.257651980974468,0.46202273862609,254,0.734103917352423,202.858656520822,0.744478857959624
"conc","Sec_Danube_Lower","Lower Danube (section)","lioness","EUS_358",0.366387266822395,0.458849491415343,254,0.770301348175903,212.423425539871,0.743648256674257
"conc","Sec_Danube_Lower","Lower Danube (section)","lioness","EUS_359",0.134425027050382,0.662636245645963,254,0.71380046985161,197.554374966997,0.753268855159329
"conc","Sec_Danube_Lower","Lower Danube (section)","lioness","EUS_360",0.234492035951206,1.40716396790377,254,1.13181797575996,306.042481607382,1.07352661967276
"conc","Sec_Danube_Lower","Lower Danube (section)","lioness","EUS_361",0.0616587917009012,0.74713862485587,254,0.906178870812872,254.542287853232,0.833631326423514
"conc","Sec_Danube_Lower","Lower Danube (section)","lioness","EUS_362",0.0703784090292278,0.776877044003506,254,0.930279015237846,260.436448913183,0.85514728107967
"conc","Sec_Danube_Lower","Lower Danube (section)","lioness","EUS_363",0.385324850085591,0.861883699024183,254,0.791339466381064,235.393132987427,0.872501053658926
"conc","Sec_Danube_Lower","Lower Danube (section)","lioness","EUS_364",0.419176365073018,2.02264579039413,254,1.42855668574124,380.493869054993,1.30724455833344
"conc","Sec_Danube_Lower","Lower Danube (section)","lioness","EUS_365",0.0964733534476489,0.889110056742073,254,0.99853203801386,273.400122974653,0.949353484659598
"conc","Sec_Danube_Lower","Lower Danube (section)","lioness","EUS_366",0.116977152088503,1.00949967756024,254,0.981782002828155,274.815234158937,0.915548311239536
"conc","Sec_Danube_Lower","Lower Danube (section)","lioness","EUS_367",0.304251257781835,2.62962306778941,254,1.17696061923083,340.763751481692,1.19113815352899
"conc","Sec_Danube_Lower","Lower Danube (section)","lioness","EUS_368",-0.00397173078618113,0.993875657309991,254,0.660668093326888,196.154919888573,0.664708463639805
"conc","Sec_Danube_Lower","Lower Danube (section)","lioness","EUS_369",0.262734133300569,0.871468699049833,254,0.703990928908724,225.52382919534,0.721994286595169
"conc","Sec_Danube_Lower","Lower Danube (section)","lioness","EUS_370",0.160281921573103,0.507756118425026,254,0.705543008547831,193.021542943428,0.733492017311785
"conc","Sec_Danube_Lower","Lower Danube (section)","bonobo","EUS_158",0.182060350107498,0.327150020497416,254,0.775846907887831,206.696221370639,0.777417572346597
"conc","Sec_Danube_Lower","Lower Danube (section)","bonobo","EUS_159",0.18524323533893,0.32277566317166,254,0.778674352676418,207.559984135411,0.789244372874133
"conc","Sec_Danube_Lower","Lower Danube (section)","bonobo","EUS_160",0.181895154870988,0.321847746950406,254,0.783353567734129,209.10079480365,0.784254568360658
"conc","Sec_Danube_Lower","Lower Danube (section)","bonobo","EUS_161",0.179959575951588,0.326953167467915,254,0.777312789022688,207.480946004683,0.779292337181972
"conc","Sec_Danube_Lower","Lower Danube (section)","bonobo","EUS_162",0.208321226428238,0.308771182806091,254,0.784352661688579,209.18119967585,0.783765300945878
"conc","Sec_Danube_Lower","Lower Danube (section)","bonobo","EUS_163",0.204522967571077,0.31519046622365,254,0.794069281476543,211.630943665853,0.794652153254311
"conc","Sec_Danube_Lower","Lower Danube (section)","bonobo","EUS_173",0.312971774011055,0.363877407153119,254,0.827003846739205,218.767032193776,0.823332920685969
"conc","Sec_Danube_Lower","Lower Danube (section)","bonobo","EUS_174",0.180446589181612,0.347649448629735,254,0.766779763780183,204.790848167334,0.77241281986412
"conc","Sec_Danube_Lower","Lower Danube (section)","bonobo","EUS_175",0.189160853729954,0.314161757070643,254,0.779885661604149,208.078475045408,0.782777709600781
"conc","Sec_Danube_Lower","Lower Danube (section)","bonobo","EUS_332",0.19232245690579,0.323631365676309,254,0.798808301901274,213.014580408976,0.800122490441618
"conc","Sec_Danube_Lower","Lower Danube (section)","bonobo","EUS_333",0.184477292571355,0.326793352292103,254,0.793829157991424,211.68578198127,0.795681910021051
"conc","Sec_Danube_Lower","Lower Danube (section)","bonobo","EUS_336",0.1975119996584,0.325584771591328,254,0.802077133896091,213.788642124515,0.801285837253432
"conc","Sec_Danube_Lower","Lower Danube (section)","bonobo","EUS_337",0.191460131336589,0.3325631318838,254,0.80405791066609,214.307629434955,0.803987942265033
"conc","Sec_Danube_Lower","Lower Danube (section)","bonobo","EUS_338",0.195244765668571,0.312680103574985,254,0.787623510894104,210.158015049724,0.796831142463679
"conc","Sec_Danube_Lower","Lower Danube (section)","bonobo","EUS_339",0.191657489758606,0.316692926918045,254,0.786765787081995,209.97082199378,0.795267943666866
"conc","Sec_Danube_Lower","Lower Danube (section)","bonobo","EUS_340",0.197570487272516,0.3281456282595,254,0.801357087229366,213.677314310011,0.800001449883844
"conc","Sec_Danube_Lower","Lower Danube (section)","bonobo","EUS_341",0.200122942418263,0.32780618868864,254,0.801955500617391,213.785521321477,0.80198519282322
"conc","Sec_Danube_Lower","Lower Danube (section)","bonobo","EUS_342",0.204291773697825,0.310858437909282,254,0.784839378894343,209.425317336441,0.790053961967445
"conc","Sec_Danube_Lower","Lower Danube (section)","bonobo","EUS_343",0.198777453414594,0.328437159426711,254,0.80446434318967,214.469668619118,0.802824711322221
"conc","Sec_Danube_Lower","Lower Danube (section)","bonobo","EUS_344",0.18489906720649,0.311848856661158,254,0.774794072338826,206.718933036169,0.776674010109746
"conc","Sec_Danube_Lower","Lower Danube (section)","bonobo","EUS_345",0.199147191832503,0.324361250281592,254,0.79454290977312,211.9376078449,0.792839345684304
"conc","Sec_Danube_Lower","Lower Danube (section)","bonobo","EUS_346",0.18606240553946,0.327218910500082,254,0.780686311734572,208.442475891497,0.780689359222188
"conc","Sec_Danube_Lower","Lower Danube (section)","bonobo","EUS_347",0.192301015052494,0.333448836000987,254,0.807572550544347,215.238079760112,0.806017275398058
"conc","Sec_Danube_Lower","Lower Danube (section)","bonobo","EUS_348",0.193657452229063,0.330813472845082,254,0.808526506889691,215.470203226724,0.806793169223114
"conc","Sec_Danube_Lower","Lower Danube (section)","bonobo","EUS_349",0.181102725548847,0.351230046835108,254,0.807144403581278,214.844666198214,0.804542310895316
"conc","Sec_Danube_Lower","Lower Danube (section)","bonobo","EUS_350",0.190677473982572,0.341219303672948,254,0.807511319533458,215.155932286376,0.806873997495977
"conc","Sec_Danube_Lower","Lower Danube (section)","bonobo","EUS_351",0.194814544533678,0.334296108488127,254,0.808100579639719,215.317134362125,0.805789940383792
"conc","Sec_Danube_Lower","Lower Danube (section)","bonobo","EUS_356",0.186038099362258,0.31272097357114,254,0.777602681128359,206.610156458666,0.785910724347241
"conc","Sec_Danube_Lower","Lower Danube (section)","bonobo","EUS_357",0.206878178117562,0.309578089989261,254,0.791098941630155,210.868252805136,0.792867875597648
"conc","Sec_Danube_Lower","Lower Danube (section)","bonobo","EUS_358",0.22186483873922,0.305455943869362,254,0.796372947358006,212.213082042422,0.792952592729235
"conc","Sec_Danube_Lower","Lower Danube (section)","bonobo","EUS_359",0.188019935962373,0.317511195507072,254,0.787677218721989,210.193426713523,0.793553075147521
"conc","Sec_Danube_Lower","Lower Danube (section)","bonobo","EUS_360",0.196023275971981,0.367535145053575,254,0.833571441260467,222.14336899798,0.828257321259816
"conc","Sec_Danube_Lower","Lower Danube (section)","bonobo","EUS_361",0.179564332994957,0.34052721528792,254,0.813014732656849,216.882422482761,0.804463410394752
"conc","Sec_Danube_Lower","Lower Danube (section)","bonobo","EUS_362",0.180371014671836,0.342925657450819,254,0.814769050515258,217.356261799852,0.806158076992719
"conc","Sec_Danube_Lower","Lower Danube (section)","bonobo","EUS_363",0.226131923260024,0.308092963845774,254,0.803791193530492,212.865824793419,0.807216942859761
"conc","Sec_Danube_Lower","Lower Danube (section)","bonobo","EUS_364",0.205941793553963,0.396684830224715,254,0.847797473239877,225.685717761402,0.840097508306035
"conc","Sec_Danube_Lower","Lower Danube (section)","bonobo","EUS_365",0.183723358045622,0.348491327814501,254,0.823292256387385,219.532447103682,0.818048991889711
"conc","Sec_Danube_Lower","Lower Danube (section)","bonobo","EUS_366",0.186132134272412,0.361743080721613,254,0.820202668116576,218.710787454185,0.813897804196424
"conc","Sec_Danube_Lower","Lower Danube (section)","bonobo","EUS_367",0.198976670503172,0.391618899046946,254,0.832582380221972,221.712064324984,0.831994692468944
"conc","Sec_Danube_Lower","Lower Danube (section)","bonobo","EUS_368",0.176729516110341,0.320159712270553,254,0.780108042496202,208.546012405783,0.780986579953119
"conc","Sec_Danube_Lower","Lower Danube (section)","bonobo","EUS_369",0.210472832718195,0.311226142818635,254,0.792290652738291,211.511512035801,0.794991539872979
"conc","Sec_Danube_Lower","Lower Danube (section)","bonobo","EUS_370",0.192737288710357,0.313682210140813,254,0.786119666517049,209.86420215555,0.790424226767903
