chemical_name,alt_names,casrn,inchikey,mdl_value_ng_L,n_sources,all_reported_values_ng_L,limit_types_reported,source_files
(3-Chloro-2-hydroxypropyl)trimethylammonium,,3327-22-8,XIUCEANTZSXBQQ-UHFFFAOYSA-N,50.0,1,50.0,MDL,Target_ECs_WANA_2018_v4.xlsx (Target_ECs_WANA_2018_v2)
(4-Sulfophenyl)acetic acid,,153661-28-0,KGJGWDQUGUEMIW-UHFFFAOYSA-N,0.5,1,0.5,MDL,Target_ECs_WANA_2018_v4.xlsx (Target_ECs_WANA_2018_v2)
(Benzothiazol-2-ylthio)methyl thiocyanate,,21564-17-0,TUBQDCKAWGHZPF-UHFFFAOYSA-N,0.5,2,0.5; 12.0,MDL,FFM_Holtemme_LVSPE_final_released220411_V4.xlsx (cleaned_MDL-corrected); Target_ECs_WANA_2018_v4.xlsx (Target_ECs_WANA_2018_v2)
(Methoxymethyl)triphenylphosphonium,,NOCAS,SDMCZCALYDCRBH-UHFFFAOYSA-N,0.5,2,0.5; 1.0,MDL,FFM_Holtemme_LVSPE_final_released220411_V4.xlsx (cleaned_MDL-corrected); Target_ECs_WANA_2018_v4.xlsx (Target_ECs_WANA_2018_v2)
"1,1,1-Tris(4-hydroxyphenyl)ethane",,27955-94-8,BRPSWMCDEYMRPE-UHFFFAOYSA-N,0.5,1,0.5,MDL,Target_ECs_WANA_2018_v4.xlsx (Target_ECs_WANA_2018_v2)
"1,1-dichloro-2,2-bis(4-methoxyphenyl)ethan",,7388-31-0,RBEICLNUPBZRMH-UHFFFAOYSA-N,5.503211872088054,1,5.503211872088054,MDL,Target_ECs_WANA_2018_v4.xlsx (Target_ECs_WANA_2018_v2)
"1,2,4,5-Tetrachlorobenzene",,95-94-3,JHBKHLUZVFWLAG-UHFFFAOYSA-N,1.5436581122471886,1,1.5436581122471886,MDL,Target_ECs_WANA_2018_v4.xlsx (Target_ECs_WANA_2018_v2)
"1,2,4-Triazole",,288-88-0,NSPMIYGKQJPBQR-UHFFFAOYSA-N,0.5,1,0.5,MDL,Target_ECs_WANA_2018_v4.xlsx (Target_ECs_WANA_2018_v2)
"1,2,4-Trichlorobenzene",,120-82-1,PBKONEOXTCPAFI-UHFFFAOYSA-N,6.780017741303517,1,6.780017741303517,MDL,Target_ECs_WANA_2018_v4.xlsx (Target_ECs_WANA_2018_v2)
"1,2-Benzisothiazolinone",,2634-33-5,DMSMPAJRVJJAGA-UHFFFAOYSA-N,2.0,3,2.0; 17.0,MDL,FFM_Holtemme_LVSPE_final_released220411_V4.xlsx (cleaned_MDL-corrected); FRAM_Stenungsund_biotest_Frankfurt_ESIpos_ESIneg_draft_mdl.csv; Target_ECs_WANA_2018_v4.xlsx (Target_ECs_WANA_2018_v2)
"1,2-Dichlorobenzene",,95-50-1,RFFLAFLAYFXFSW-UHFFFAOYSA-N,45.001005223536566,1,45.001005223536566,MDL,Target_ECs_WANA_2018_v4.xlsx (Target_ECs_WANA_2018_v2)
"1,3-Dichlorobenzene",,541-73-1,ZPQOPVIELGIULI-UHFFFAOYSA-N,26.115527788084023,1,26.115527788084023,MDL,Target_ECs_WANA_2018_v4.xlsx (Target_ECs_WANA_2018_v2)
"1,3-Dimethyl-2-imidazolidinone",,80-73-9,CYSGHNMQYZDMIA-UHFFFAOYSA-N,0.5,3,0.5; 20.0,MDL,FFM_Holtemme_LVSPE_final_released220411_V4.xlsx (cleaned_MDL-corrected); FRAM_Stenungsund_biotest_Frankfurt_ESIpos_ESIneg_draft_mdl.csv; Target_ECs_WANA_2018_v4.xlsx (Target_ECs_WANA_2018_v2)
"1,3-Diphenylguanidine",,102-06-7,OWRCNXZUPFZXOS-UHFFFAOYSA-N,0.1,4,0.1; 0.5; 2.0; 5.0,LOQ; MDL,FFM_Holtemme_LVSPE_final_released220411_V4.xlsx (cleaned_MDL-corrected); FRAM_Stenungsund_biotest_Frankfurt_ESIpos_ESIneg_draft_mdl.csv; MZQuant_FRAM_Stenungsund_2020_vRepository_vDRAFT.xlsx; Target_ECs_WANA_2018_v4.xlsx (Target_ECs_WANA_2018_v2)
"1,3-Diphenylurea",,102-07-8,GWEHVDNNLFDJLR-UHFFFAOYSA-N,0.5,2,0.5; 0.6,LOQ; MDL,MZQuant_FRAM_Stenungsund_2020_vRepository_vDRAFT.xlsx; Target_ECs_WANA_2018_v4.xlsx (Target_ECs_WANA_2018_v2)
"1,4-Dichlorobenzene",,106-46-7,OCJBOOLMMGQPQU-UHFFFAOYSA-N,45.866753327720915,1,45.866753327720915,MDL,Target_ECs_WANA_2018_v4.xlsx (Target_ECs_WANA_2018_v2)
"1,5-Naphthalenediamine",,2243-62-1,KQSABULTKYLFEV-UHFFFAOYSA-N,0.3,2,0.3; 0.5,LOQ; MDL,MZQuant_FRAM_Stenungsund_2020_vRepository_vDRAFT.xlsx; Target_ECs_WANA_2018_v4.xlsx (Target_ECs_WANA_2018_v2)
"1,7-Diaminophenazine",,28124-29-0,FRPNYDRHOLAYDZ-UHFFFAOYSA-N,0.5,1,0.5,MDL,Target_ECs_WANA_2018_v4.xlsx (Target_ECs_WANA_2018_v2)
"1-(3-carboxypropyl)-3,7-dimethylxanthine",,6493-07-8,WKASGTGXOGALBG-UHFFFAOYSA-N,0.5,2,0.5; 10.0,MDL,FRAM_Stenungsund_biotest_Frankfurt_ESIpos_ESIneg_draft_mdl.csv; Target_ECs_WANA_2018_v4.xlsx (Target_ECs_WANA_2018_v2)
1-(3-Chlorophenyl)-piperazine,,6640-24-0,VHFVKMTVMIZMIK-UHFFFAOYSA-N,0.5,1,0.5,MDL,Target_ECs_WANA_2018_v4.xlsx (Target_ECs_WANA_2018_v2)
1-(3-Trifluoromethylphenyl)-piperazine,,15532-75-9,KKIMDKMETPPURN-UHFFFAOYSA-N,0.5,1,0.5,MDL,Target_ECs_WANA_2018_v4.xlsx (Target_ECs_WANA_2018_v2)
1-Benzylpiperazine,,2759-28-6,IQXXEPZFOOTTBA-UHFFFAOYSA-N,0.5,2,0.5; 0.9,LOQ; MDL,MZQuant_FRAM_Stenungsund_2020_vRepository_vDRAFT.xlsx; Target_ECs_WANA_2018_v4.xlsx (Target_ECs_WANA_2018_v2)
1-Butyl-3-methyl-imidazolium,1-Butyl-3-methyl-imidazolium_M+,79917-90-1,IQQRAVYLUAZUGX-UHFFFAOYSA-N,0.1,4,0.1; 0.5; 1.0,LOQ; MDL,FFM_Holtemme_LVSPE_final_released220411_V4.xlsx (cleaned_MDL-corrected); FRAM_Stenungsund_biotest_Frankfurt_ESIpos_ESIneg_draft_mdl.csv; MZQuant_FRAM_Stenungsund_2020_vRepository_vDRAFT.xlsx; Target_ECs_WANA_2018_v4.xlsx (Target_ECs_WANA_2018_v2)
1-Chloro-2-nitrobenzene,,88-73-3,BFCFYVKQTRLZHA-UHFFFAOYSA-N,0.5,1,0.5,MDL,Target_ECs_WANA_2018_v4.xlsx (Target_ECs_WANA_2018_v2)
1-Cyclohexyl-3-phenylurea,,886-59-9,WPLYTRWMCWBZEN-UHFFFAOYSA-N,0.5,2,0.5; 1.1,LOQ; MDL,MZQuant_FRAM_Stenungsund_2020_vRepository_vDRAFT.xlsx; Target_ECs_WANA_2018_v4.xlsx (Target_ECs_WANA_2018_v2)
1-Decanesulfonic acid,,20283-21-0,KVGOXGQSTGQXDD-UHFFFAOYSA-N,0.5,1,0.5,MDL,Target_ECs_WANA_2018_v4.xlsx (Target_ECs_WANA_2018_v2)
1-Dodecanesulfonic acid,,1510-16-3,LDMOEFOXLIZJOW-UHFFFAOYSA-N,0.5,1,0.5,MDL,Target_ECs_WANA_2018_v4.xlsx (Target_ECs_WANA_2018_v2)
1-Ethyl-3-methyl-imidazolium,,65039-03-4,NJMWOUFKYKNWDW-UHFFFAOYSA-N,0.5,1,0.5,MDL,Target_ECs_WANA_2018_v4.xlsx (Target_ECs_WANA_2018_v2)
1-Hexanesulfonic acid,,13595-73-8,FYAQQULBLMNGAH-UHFFFAOYSA-N,0.5,1,0.5,MDL,Target_ECs_WANA_2018_v4.xlsx (Target_ECs_WANA_2018_v2)
1-Methylimidazole,,616-47-7,MCTWTZJPVLRJOU-UHFFFAOYSA-N,0.5,1,0.5,MDL,Target_ECs_WANA_2018_v4.xlsx (Target_ECs_WANA_2018_v2)
1-Naphthol,,90-15-3,KJCVRFUGPWSIIH-UHFFFAOYSA-N,0.5,1,0.5,MDL,Target_ECs_WANA_2018_v4.xlsx (Target_ECs_WANA_2018_v2)
1-Naphthol-5-sulfonic acid,,117-59-9,YLKCHWCYYNKADS-UHFFFAOYSA-N,0.5,1,0.5,MDL,Target_ECs_WANA_2018_v4.xlsx (Target_ECs_WANA_2018_v2)
1-Naphthylamine,,134-32-7,RUFPHBVGCFYCNW-UHFFFAOYSA-N,0.5,2,0.5; 35.0,MDL,FFM_Holtemme_LVSPE_final_released220411_V4.xlsx (cleaned_MDL-corrected); Target_ECs_WANA_2018_v4.xlsx (Target_ECs_WANA_2018_v2)
1-Nitroguanidine,,556-88-7,IDCPFAYURAQKDZ-UHFFFAOYSA-N,0.5,1,0.5,MDL,Target_ECs_WANA_2018_v4.xlsx (Target_ECs_WANA_2018_v2)
1-Phenylnaphthalene,,605-02-7,IYDMICQAKLQHLA-UHFFFAOYSA-N,18.7,1,18.7,MDL,Target_ECs_WANA_2018_v4.xlsx (Target_ECs_WANA_2018_v2)
1-Phenylnaphthalin,,91827-38-2,ONFHKXIQYYOBTO-UHFFFAOYSA-N,18.74379767785459,1,18.74379767785459,MDL,Target_ECs_WANA_2018_v4.xlsx (Target_ECs_WANA_2018_v2)
"10,11-Dihydro-10,11-dihydroxycarbamazepine",,35079-97-1,PRGQOPPDPVELEG-UHFFFAOYSA-N,1.0,3,1.0,MDL,FFM_Holtemme_LVSPE_final_released220411_V4.xlsx (cleaned_MDL-corrected); FRAM_Stenungsund_biotest_Frankfurt_ESIpos_ESIneg_draft_mdl.csv; Target_ECs_WANA_2018_v4.xlsx (Target_ECs_WANA_2018_v2)
"10,11-Dihydro-10-hydroxycarbamazepine",,29331-92-8,BMPDWHIDQYTSHX-UHFFFAOYSA-N,1.0,4,1.0,MDL,FFM_Holtemme_LVSPE_final_released220411_V4.xlsx (cleaned_MDL-corrected); FRAM_Stenungsund_biotest_Frankfurt_ESIpos_ESIneg_draft_mdl.csv; MZQuant_FRAM_Stenungsund_2020_vRepository_vDRAFT.xlsx; Target_ECs_WANA_2018_v4.xlsx (Target_ECs_WANA_2018_v2)
11-Ketotestosterone,,564-35-2,WTPMRQZHJLJSBO-XQALERBDSA-N,0.5,1,0.5,MDL,Target_ECs_WANA_2018_v4.xlsx (Target_ECs_WANA_2018_v2)
17-alpha-Estradiol,,57-91-0,VOXZDWNPVJITMN-SFFUCWETSA-N,0.5,1,0.5,MDL,Target_ECs_WANA_2018_v4.xlsx (Target_ECs_WANA_2018_v2)
17-alpha-Ethinylestradiol,,57-63-6,BFPYWIDHMRZLRN-SLHNCBLASA-N,0.5,1,0.5,MDL,Target_ECs_WANA_2018_v4.xlsx (Target_ECs_WANA_2018_v2)
17-beta-Estradiol,,50-28-2,VOXZDWNPVJITMN-ZBRFXRBCSA-N,0.5,1,0.5,MDL,Target_ECs_WANA_2018_v4.xlsx (Target_ECs_WANA_2018_v2)
17alpha-Hydroxyprogesterone,,68-96-2,DBPWSSGDRRHUNT-UHFFFAOYSA-N,0.5,1,0.5,MDL,Target_ECs_WANA_2018_v4.xlsx (Target_ECs_WANA_2018_v2)
17alpha-Methyltestosterone,,58-18-4,GCKMFJBGXUYNAG-HLXURNFRSA-N,0.5,1,0.5,MDL,Target_ECs_WANA_2018_v4.xlsx (Target_ECs_WANA_2018_v2)
1H-Benzotriazole,,95-14-7,QRUDEWIWKLJBPS-UHFFFAOYSA-N,5.0,4,5.0,MDL,FFM_Holtemme_LVSPE_final_released220411_V4.xlsx (cleaned_MDL-corrected); FRAM_Stenungsund_biotest_Frankfurt_ESIpos_ESIneg_draft_mdl.csv; MZQuant_FRAM_Stenungsund_2020_vRepository_vDRAFT.xlsx; Target_ECs_WANA_2018_v4.xlsx (Target_ECs_WANA_2018_v2)
2(4-morpholinyl)benzothiazole,,4225-26-7,VVUVJGRVEYHIHC-UHFFFAOYSA-N,0.7,3,0.7; 2.9,MDL,FFM_Holtemme_LVSPE_final_released220411_V4.xlsx (cleaned_MDL-corrected); FRAM_Stenungsund_biotest_Frankfurt_ESIpos_ESIneg_draft_mdl.csv; Target_ECs_WANA_2018_v4.xlsx (Target_ECs_WANA_2018_v2)
"2,2'-dichloro-4,4'-methylenedianiline",,NA,XXHYEEPTJWQYQU-UHFFFAOYSA-N,0.5,1,0.5,MDL,Target_ECs_WANA_2018_v4.xlsx (Target_ECs_WANA_2018_v2)
"2,2'-Dithiobisbenzanilide",,135-57-9,ZHMIOPLMFZVSHY-UHFFFAOYSA-N,0.5,1,0.5,MDL,Target_ECs_WANA_2018_v4.xlsx (Target_ECs_WANA_2018_v2)
"2,2'-Dithiobisbenzothiazole",,120-78-5,AFZSMODLJJCVPP-UHFFFAOYSA-N,0.5,1,0.5,MDL,Target_ECs_WANA_2018_v4.xlsx (Target_ECs_WANA_2018_v2)
"2,2,4-Trimethyl-1,3-pentanediol diisobutyrate","2,4-Trimethyl-1,3-pentanediol diisobutyrate",6846-50-0,OMVSWZDEEGIJJI-UHFFFAOYSA-N,0.5,2,0.5; 5.1,LOQ; MDL,MZQuant_FRAM_Stenungsund_2020_vRepository_vDRAFT.xlsx; Target_ECs_WANA_2018_v4.xlsx (Target_ECs_WANA_2018_v2)
"2,2,6,6-Tetramethyl-4 piperidone",,826-36-8,JWUXJYZVKZKLTJ-UHFFFAOYSA-N,0.5,1,0.5,MDL,Target_ECs_WANA_2018_v4.xlsx (Target_ECs_WANA_2018_v2)
"2,2,6,6-Tetramethylpiperidin-4-ol",,2403-88-5,VDVUCLWJZJHFAV-UHFFFAOYSA-N,0.5,1,0.5,MDL,Target_ECs_WANA_2018_v4.xlsx (Target_ECs_WANA_2018_v2)
"2,2-Dimethoxy-2-phenylacetophenone",,24650-42-8,KWVGIHKZDCUPEU-UHFFFAOYSA-N,0.5,1,0.5,MDL,Target_ECs_WANA_2018_v4.xlsx (Target_ECs_WANA_2018_v2)
"2,3-Epoxypropyltrimethylammonium",,3033-77-0,LRQFRDLKOBFOSG-UHFFFAOYSA-N,10.0,1,10.0,MDL,Target_ECs_WANA_2018_v4.xlsx (Target_ECs_WANA_2018_v2)
"2,4-Diaminobenzenesulfonic acid",,88-63-1,JVMSQRAXNZPDHF-UHFFFAOYSA-N,0.5,1,0.5,MDL,Target_ECs_WANA_2018_v4.xlsx (Target_ECs_WANA_2018_v2)
"2,4-Dichlorobenzoic acid",,50-84-0,ATCRIUVQKHMXSH-UHFFFAOYSA-N,0.5,1,0.5,MDL,Target_ECs_WANA_2018_v4.xlsx (Target_ECs_WANA_2018_v2)
"2,4-Dichlorophenol",,120-83-2,HFZWRUODUSTPEG-UHFFFAOYSA-N,8.0,2,8.0,MDL,FFM_Holtemme_LVSPE_final_released220411_V4.xlsx (cleaned_MDL-corrected); Target_ECs_WANA_2018_v4.xlsx (Target_ECs_WANA_2018_v2)
"2,4-Dichlorophenoxyacetic acid",,94-75-7,OVSKIKFHRZPJSS-UHFFFAOYSA-N,1.0,4,1.0,MDL,FFM_Holtemme_LVSPE_final_released220411_V4.xlsx (cleaned_MDL-corrected); FRAM_Stenungsund_biotest_Frankfurt_ESIpos_ESIneg_draft_mdl.csv; MZQuant_FRAM_Stenungsund_2020_vRepository_vDRAFT.xlsx; Target_ECs_WANA_2018_v4.xlsx (Target_ECs_WANA_2018_v2)
"2,4-Dinitrophenol",,51-28-5,UFBJCMHMOXMLKC-UHFFFAOYSA-N,2.0,3,2.0,MDL,FFM_Holtemme_LVSPE_final_released220411_V4.xlsx (cleaned_MDL-corrected); MZQuant_FRAM_Stenungsund_2020_vRepository_vDRAFT.xlsx; Target_ECs_WANA_2018_v4.xlsx (Target_ECs_WANA_2018_v2)
"2,6-Di-tert-butyl-1,4-benzoquinone",,719-22-2,RDQSIADLBQFVMY-UHFFFAOYSA-N,0.5,1,0.5,MDL,Target_ECs_WANA_2018_v4.xlsx (Target_ECs_WANA_2018_v2)
"2,6-di-tert-Butylphenol",,128-39-2,DKCPKDPYUFEZCP-UHFFFAOYSA-N,0.5,1,0.5,MDL,Target_ECs_WANA_2018_v4.xlsx (Target_ECs_WANA_2018_v2)
"2,6-Dichlorobenzamide",,2008-58-4,JHSPCUHPSIUQRB-UHFFFAOYSA-N,5.0,3,5.0; 10.0,MDL,FFM_Holtemme_LVSPE_final_released220411_V4.xlsx (cleaned_MDL-corrected); FRAM_Stenungsund_biotest_Frankfurt_ESIpos_ESIneg_draft_mdl.csv; Target_ECs_WANA_2018_v4.xlsx (Target_ECs_WANA_2018_v2)
"2,6-diisopropylnaphthalene",,24157-81-1,GWLLTEXUIOFAFE-UHFFFAOYSA-N,61.95505076759994,1,61.95505076759994,MDL,Target_ECs_WANA_2018_v4.xlsx (Target_ECs_WANA_2018_v2)
"2,6-Xylidine",,87-62-7,UFFBMTHBGFGIHF-UHFFFAOYSA-N,8.0,3,8.0; 500.0,MDL,FFM_Holtemme_LVSPE_final_released220411_V4.xlsx (cleaned_MDL-corrected); FRAM_Stenungsund_biotest_Frankfurt_ESIpos_ESIneg_draft_mdl.csv; Target_ECs_WANA_2018_v4.xlsx (Target_ECs_WANA_2018_v2)
"2,7-Naphthalenedisulfonic acid",,92-41-1,VILFVXYKHXVYAB-UHFFFAOYSA-N,0.5,1,0.5,MDL,Target_ECs_WANA_2018_v4.xlsx (Target_ECs_WANA_2018_v2)
"2,8-Diaminophenazine",,7704-40-7,CCBDBWAKDHGKNI-UHFFFAOYSA-N,0.5,1,0.5,MDL,Target_ECs_WANA_2018_v4.xlsx (Target_ECs_WANA_2018_v2)
2-(2-(2-Methoxyethoxy)ethoxy)ethanol,,112-35-6,JLGLQAWTXXGVEM-UHFFFAOYSA-N,0.3,2,0.3; 0.5,LOQ; MDL,MZQuant_FRAM_Stenungsund_2020_vRepository_vDRAFT.xlsx; Target_ECs_WANA_2018_v4.xlsx (Target_ECs_WANA_2018_v2)
2-(2-(Chlorophenyl)amino)benzaldehyde,,71758-44-6,DAAHPDZFLSFYPJ-UHFFFAOYSA-N,10.0,2,10.0,MDL,FFM_Holtemme_LVSPE_final_released220411_V4.xlsx (cleaned_MDL-corrected); Target_ECs_WANA_2018_v4.xlsx (Target_ECs_WANA_2018_v2)
2-(2-Pyridyl)ethanol,,103-74-2,BXGYBSJAZFGIPX-UHFFFAOYSA-N,0.5,2,0.5; 1.1,LOQ; MDL,MZQuant_FRAM_Stenungsund_2020_vRepository_vDRAFT.xlsx; Target_ECs_WANA_2018_v4.xlsx (Target_ECs_WANA_2018_v2)
2-(Diethylamino)-6-methylpyrimidin-4-one,,42487-72-9,NQCPECCCWDWTJJ-UHFFFAOYSA-N,0.4,2,0.4; 0.5,LOQ; MDL,MZQuant_FRAM_Stenungsund_2020_vRepository_vDRAFT.xlsx; Target_ECs_WANA_2018_v4.xlsx (Target_ECs_WANA_2018_v2)
2-(Methylthio)benzothiazole,,615-22-5,UTBVIMLZIRIFFR-UHFFFAOYSA-N,10.0,2,10.0; 14.9,MDL,FFM_Holtemme_LVSPE_final_released220411_V4.xlsx (cleaned_MDL-corrected); Target_ECs_WANA_2018_v4.xlsx (Target_ECs_WANA_2018_v2)
2-(Piperazin-1-yl)ethanamine,,140-31-8,IMUDHTPIFIBORV-UHFFFAOYSA-N,0.5,2,0.5; 180.0,MDL,FFM_Holtemme_LVSPE_final_released220411_V4.xlsx (cleaned_MDL-corrected); Target_ECs_WANA_2018_v4.xlsx (Target_ECs_WANA_2018_v2)
2-Acetonaphthone,,93-08-3,XSAYZAUNJMRRIR-UHFFFAOYSA-N,0.5,2,0.5; 100.0,MDL,FFM_Holtemme_LVSPE_final_released220411_V4.xlsx (cleaned_MDL-corrected); Target_ECs_WANA_2018_v4.xlsx (Target_ECs_WANA_2018_v2)
"2-Amido-3,5,6-trichloro-4-cyanobenzenesulfonic acid",,1418095-02-9,JNMMKKYUIIQPDG-UHFFFAOYSA-N,0.5,1,0.5,MDL,Target_ECs_WANA_2018_v4.xlsx (Target_ECs_WANA_2018_v2)
"2-Amino-1-methyl-6-phenylimidazo[4,5-b]pyridine (PhIP)",,105650-23-5,UQVKZNNCIHJZLS-UHFFFAOYSA-N,0.5,2,0.5; 3.0,MDL,FFM_Holtemme_LVSPE_final_released220411_V4.xlsx (cleaned_MDL-corrected); Target_ECs_WANA_2018_v4.xlsx (Target_ECs_WANA_2018_v2)
"2-Amino-3,8-dimethylimidazo-[4,5-f]quinoxaline (MeIQx)",,77500-04-0,DVCCCQNKIYNAKB-UHFFFAOYSA-N,0.1,3,0.1; 0.5; 5.0,LOQ; MDL,FFM_Holtemme_LVSPE_final_released220411_V4.xlsx (cleaned_MDL-corrected); MZQuant_FRAM_Stenungsund_2020_vRepository_vDRAFT.xlsx; Target_ECs_WANA_2018_v4.xlsx (Target_ECs_WANA_2018_v2)
"2-Amino-3-methyl-imidazo[4,5-f]quinoline (IQ)",,76180-96-6,ARZWATDYIYAUTA-UHFFFAOYSA-N,0.1,2,0.1; 0.5,LOQ; MDL,MZQuant_FRAM_Stenungsund_2020_vRepository_vDRAFT.xlsx; Target_ECs_WANA_2018_v4.xlsx (Target_ECs_WANA_2018_v2)
"2-Amino-9H-pyrido[2,3-b]indole (AalphaC)",,26148-68-5,FJTNLJLPLJDTRM-UHFFFAOYSA-N,0.5,2,0.5,MDL,FFM_Holtemme_LVSPE_final_released220411_V4.xlsx (cleaned_MDL-corrected); Target_ECs_WANA_2018_v4.xlsx (Target_ECs_WANA_2018_v2)
2-Aminobenzimidazole,,934-32-7,JWYUFVNJZUSCSM-UHFFFAOYSA-N,1.0,4,1.0,MDL,FFM_Holtemme_LVSPE_final_released220411_V4.xlsx (cleaned_MDL-corrected); FRAM_Stenungsund_biotest_Frankfurt_ESIpos_ESIneg_draft_mdl.csv; MZQuant_FRAM_Stenungsund_2020_vRepository_vDRAFT.xlsx; Target_ECs_WANA_2018_v4.xlsx (Target_ECs_WANA_2018_v2)
2-Aminobiphenyl,,90-41-5,TWBPWBPGNQWFSJ-UHFFFAOYSA-N,0.5,2,0.5; 5.0,MDL,FFM_Holtemme_LVSPE_final_released220411_V4.xlsx (cleaned_MDL-corrected); Target_ECs_WANA_2018_v4.xlsx (Target_ECs_WANA_2018_v2)
"2-Aminonaphthalene-1,5-disulfonic acid",,117-62-4,YAIKCRUPEVOINQ-UHFFFAOYSA-N,0.5,1,0.5,MDL,Target_ECs_WANA_2018_v4.xlsx (Target_ECs_WANA_2018_v2)
2-Aminopyridine,,504-29-0,ICSNLGPSRYBMBD-UHFFFAOYSA-N,0.5,1,0.5,MDL,Target_ECs_WANA_2018_v4.xlsx (Target_ECs_WANA_2018_v2)
2-Benzothiazolesulfonic acid,,941-57-1,ZCXGMSGCBDSEOY-UHFFFAOYSA-N,2.0,4,2.0; 10.0,MDL,FFM_Holtemme_LVSPE_final_released220411_V4.xlsx (cleaned_MDL-corrected); FRAM_Stenungsund_biotest_Frankfurt_ESIpos_ESIneg_draft_mdl.csv; MZQuant_FRAM_Stenungsund_2020_vRepository_vDRAFT.xlsx; Target_ECs_WANA_2018_v4.xlsx (Target_ECs_WANA_2018_v2)
2-Bromoaniline,,615-36-1,AOPBDRUWRLBSDB-UHFFFAOYSA-N,0.5,1,0.5,MDL,Target_ECs_WANA_2018_v4.xlsx (Target_ECs_WANA_2018_v2)
2-Chlorobenzothiazole,,615-20-3,BSQLQMLFTHJVKS-UHFFFAOYSA-N,0.5,1,0.5,MDL,Target_ECs_WANA_2018_v4.xlsx (Target_ECs_WANA_2018_v2)
2-Chloronaphthalene,,91-58-7,CGYGETOMCSJHJU-UHFFFAOYSA-N,7.468501311478244,1,7.468501311478244,MDL,Target_ECs_WANA_2018_v4.xlsx (Target_ECs_WANA_2018_v2)
2-Chloropyridine,,109-09-1,OKDGRDCXVWSXDC-UHFFFAOYSA-N,0.5,1,0.5,MDL,Target_ECs_WANA_2018_v4.xlsx (Target_ECs_WANA_2018_v2)
2-Hydroxyatrazine,,2163-68-0,NFMIMWNQWAWNDW-UHFFFAOYSA-N,5.0,3,5.0,MDL,FFM_Holtemme_LVSPE_final_released220411_V4.xlsx (cleaned_MDL-corrected); FRAM_Stenungsund_biotest_Frankfurt_ESIpos_ESIneg_draft_mdl.csv; Target_ECs_WANA_2018_v4.xlsx (Target_ECs_WANA_2018_v2)
2-Hydroxybenzothiazole,,934-34-9,YEDUAINPPJYDJZ-UHFFFAOYSA-N,0.1,3,0.1; 0.5; 50.0,LOQ; MDL,FFM_Holtemme_LVSPE_final_released220411_V4.xlsx (cleaned_MDL-corrected); MZQuant_FRAM_Stenungsund_2020_vRepository_vDRAFT.xlsx; Target_ECs_WANA_2018_v4.xlsx (Target_ECs_WANA_2018_v2)
2-Hydroxycarbamazepine,,68011-66-5,VPZIYMMSJFWLSP-UHFFFAOYSA-N,1.0,4,1.0,MDL,FFM_Holtemme_LVSPE_final_released220411_V4.xlsx (cleaned_MDL-corrected); FRAM_Stenungsund_biotest_Frankfurt_ESIpos_ESIneg_draft_mdl.csv; MZQuant_FRAM_Stenungsund_2020_vRepository_vDRAFT.xlsx; Target_ECs_WANA_2018_v4.xlsx (Target_ECs_WANA_2018_v2)
2-Hydroxycarbazole,,86-79-3,GWPGDZPXOZATKL-UHFFFAOYSA-N,0.5,2,0.5; 2.2,LOQ; MDL,MZQuant_FRAM_Stenungsund_2020_vRepository_vDRAFT.xlsx; Target_ECs_WANA_2018_v4.xlsx (Target_ECs_WANA_2018_v2)
2-Hydroxydesethylterbuthylazine,,66753-06-8,NUISVCFZNCYUIM-UHFFFAOYSA-N,0.5,2,0.5; 1.0,MDL,FFM_Holtemme_LVSPE_final_released220411_V4.xlsx (cleaned_MDL-corrected); Target_ECs_WANA_2018_v4.xlsx (Target_ECs_WANA_2018_v2)
2-Hydroxyquinoline,,59-31-4,LISFMEBWQUVKPJ-UHFFFAOYSA-N,0.1,4,0.1; 0.5; 2.0; 20.0,LOQ; MDL,FFM_Holtemme_LVSPE_final_released220411_V4.xlsx (cleaned_MDL-corrected); FRAM_Stenungsund_biotest_Frankfurt_ESIpos_ESIneg_draft_mdl.csv; MZQuant_FRAM_Stenungsund_2020_vRepository_vDRAFT.xlsx; Target_ECs_WANA_2018_v4.xlsx (Target_ECs_WANA_2018_v2)
2-Isopropyl-6-methyl-pyrimidin-4-ol,,2814-20-2,AJPIUNPJBFBUKK-UHFFFAOYSA-N,1.0,3,1.0; 1.5,MDL,FFM_Holtemme_LVSPE_final_released220411_V4.xlsx (cleaned_MDL-corrected); MZQuant_FRAM_Stenungsund_2020_vRepository_vDRAFT.xlsx; Target_ECs_WANA_2018_v4.xlsx (Target_ECs_WANA_2018_v2)
2-Isopropylthioxanthone,,5495-84-1,KTALPKYXQZGAEG-UHFFFAOYSA-N,1.0,3,1.0,MDL,FFM_Holtemme_LVSPE_final_released220411_V4.xlsx (cleaned_MDL-corrected); FRAM_Stenungsund_biotest_Frankfurt_ESIpos_ESIneg_draft_mdl.csv; Target_ECs_WANA_2018_v4.xlsx (Target_ECs_WANA_2018_v2)
2-Methylbenzothiazole,,120-75-2,DXYYSGDWQCSKKO-UHFFFAOYSA-N,1.0,3,1.0; 5.0,MDL,FFM_Holtemme_LVSPE_final_released220411_V4.xlsx (cleaned_MDL-corrected); MZQuant_FRAM_Stenungsund_2020_vRepository_vDRAFT.xlsx; Target_ECs_WANA_2018_v4.xlsx (Target_ECs_WANA_2018_v2)
2-Morpholinothiobenzothiazole,,102-77-2,MHKLKWCYGIBEQF-UHFFFAOYSA-N,1.0,2,1.0,MDL,FFM_Holtemme_LVSPE_final_released220411_V4.xlsx (cleaned_MDL-corrected); Target_ECs_WANA_2018_v4.xlsx (Target_ECs_WANA_2018_v2)
2-Naphthalene sulfonic acid,,120-18-3,KVBGVZZKJNLNJU-UHFFFAOYSA-N,8.0,2,8.0,MDL,FRAM_Stenungsund_biotest_Frankfurt_ESIpos_ESIneg_draft_mdl.csv; Target_ECs_WANA_2018_v4.xlsx (Target_ECs_WANA_2018_v2)
2-Naphthol-8-sulfonic acid,,132-57-0,HUYJTJXLNBOVFO-UHFFFAOYSA-N,0.2,3,0.2; 0.5; 5.0,LOQ; MDL,FFM_Holtemme_LVSPE_final_released220411_V4.xlsx (cleaned_MDL-corrected); MZQuant_FRAM_Stenungsund_2020_vRepository_vDRAFT.xlsx; Target_ECs_WANA_2018_v4.xlsx (Target_ECs_WANA_2018_v2)
2-Nitroaniline,,88-74-4,DPJCXCZTLWNFOH-UHFFFAOYSA-N,0.5,1,0.5,MDL,Target_ECs_WANA_2018_v4.xlsx (Target_ECs_WANA_2018_v2)
2-Octyl-4-isothiazolin-3-one,,26530-20-1,JPMIIZHYYWMHDT-UHFFFAOYSA-N,1.0,4,1.0,MDL,FFM_Holtemme_LVSPE_final_released220411_V4.xlsx (cleaned_MDL-corrected); FRAM_Stenungsund_biotest_Frankfurt_ESIpos_ESIneg_draft_mdl.csv; MZQuant_FRAM_Stenungsund_2020_vRepository_vDRAFT.xlsx; Target_ECs_WANA_2018_v4.xlsx (Target_ECs_WANA_2018_v2)
2-Oxindole,,59-48-3,JYGFTBXVXVMTGB-UHFFFAOYSA-N,0.5,2,0.5; 25.0,MDL,FFM_Holtemme_LVSPE_final_released220411_V4.xlsx (cleaned_MDL-corrected); Target_ECs_WANA_2018_v4.xlsx (Target_ECs_WANA_2018_v2)
2-Phenylphenol,,90-43-7,LLEMOWNGBBNAJR-UHFFFAOYSA-N,0.5,1,0.5,MDL,Target_ECs_WANA_2018_v4.xlsx (Target_ECs_WANA_2018_v2)
2-Thiouracil,,141-90-2,ZEMGGZBWXRYJHK-UHFFFAOYSA-N,15.0,1,15.0,MDL,Target_ECs_WANA_2018_v4.xlsx (Target_ECs_WANA_2018_v2)
2-Trifluoromethyl-benzenesulfonamide,,1869-24-5,AFFPZJFLSDVZBV-UHFFFAOYSA-N,0.5,1,0.5,MDL,Target_ECs_WANA_2018_v4.xlsx (Target_ECs_WANA_2018_v2)
"3,3'-Dichlorobenzidine",,91-94-1,HUWXDEQWWKGHRV-UHFFFAOYSA-N,0.5,2,0.5; 16.0,MDL,FFM_Holtemme_LVSPE_final_released220411_V4.xlsx (cleaned_MDL-corrected); Target_ECs_WANA_2018_v4.xlsx (Target_ECs_WANA_2018_v2)
"3,3'-Dimethylbenzidine","3,3,3'-Dimethylbenzidine",119-93-7,NUIURNJTPRWVAP-UHFFFAOYSA-N,0.5,2,0.5; 10.0,LOQ; MDL,MZQuant_FRAM_Stenungsund_2020_vRepository_vDRAFT.xlsx; Target_ECs_WANA_2018_v4.xlsx (Target_ECs_WANA_2018_v2)
"3,4,5-Trichlorophenol",,609-19-8,GBNHEBQXJVDXSW-UHFFFAOYSA-N,1.0,2,1.0,MDL,FFM_Holtemme_LVSPE_final_released220411_V4.xlsx (cleaned_MDL-corrected); Target_ECs_WANA_2018_v4.xlsx (Target_ECs_WANA_2018_v2)
"3,4-Dichlorophenylurea",,2327-02-8,CYESCLHCWJKRKM-UHFFFAOYSA-N,5.0,3,5.0; 10.0,MDL,FFM_Holtemme_LVSPE_final_released220411_V4.xlsx (cleaned_MDL-corrected); FRAM_Stenungsund_biotest_Frankfurt_ESIpos_ESIneg_draft_mdl.csv; Target_ECs_WANA_2018_v4.xlsx (Target_ECs_WANA_2018_v2)
"3,5,6-Trichloro-2-pyridinol",,6515-38-4,WCYYAQFQZQEUEN-UHFFFAOYSA-N,1.0,3,1.0,MDL,FFM_Holtemme_LVSPE_final_released220411_V4.xlsx (cleaned_MDL-corrected); MZQuant_FRAM_Stenungsund_2020_vRepository_vDRAFT.xlsx; Target_ECs_WANA_2018_v4.xlsx (Target_ECs_WANA_2018_v2)
"3,5-Dimethyl-1-hexyn-3-ol",,107-54-0,NECRQCBKTGZNMH-UHFFFAOYSA-N,0.5,1,0.5,MDL,Target_ECs_WANA_2018_v4.xlsx (Target_ECs_WANA_2018_v2)
3-Aminoacetophenon,3-Aminoacetophenone,99-03-6,CKQHAYFOPRIUOM-UHFFFAOYSA-N,0.1,3,0.1; 0.5; 35.0,LOQ; MDL,FFM_Holtemme_LVSPE_final_released220411_V4.xlsx (cleaned_MDL-corrected); MZQuant_FRAM_Stenungsund_2020_vRepository_vDRAFT.xlsx; Target_ECs_WANA_2018_v4.xlsx (Target_ECs_WANA_2018_v2)
3-bromocarbazole,,1592-95-6,LTBWKAYPXIIVPC-UHFFFAOYSA-N,125.0,1,125.0,MDL,Target_ECs_WANA_2018_v4.xlsx (Target_ECs_WANA_2018_v2)
3-Chloro-4-methylaniline,,95-74-9,RQKFYFNZSHWXAW-UHFFFAOYSA-N,0.5,1,0.5,MDL,Target_ECs_WANA_2018_v4.xlsx (Target_ECs_WANA_2018_v2)
"3-Cyclohexyl-1,1-dimethylurea",,31468-12-9,PZWXYRDNQYUIIU-UHFFFAOYSA-N,0.5,2,0.5; 104.0,LOQ; MDL,MZQuant_FRAM_Stenungsund_2020_vRepository_vDRAFT.xlsx; Target_ECs_WANA_2018_v4.xlsx (Target_ECs_WANA_2018_v2)
3-Hydroxy-2-naphthoic acid,,92-70-6,ALKYHXVLJMQRLQ-UHFFFAOYSA-N,0.5,1,0.5,MDL,Target_ECs_WANA_2018_v4.xlsx (Target_ECs_WANA_2018_v2)
"3-Hydroxy-4,4'-dichlorodiphenyl sulfone",,NA,YMKGEGFPISSLQF-UHFFFAOYSA-N,0.5,1,0.5,MDL,Target_ECs_WANA_2018_v4.xlsx (Target_ECs_WANA_2018_v2)
3-Iodopropynyl butylcarbamate,,55406-53-6,WYVVKGNFXHOCQV-UHFFFAOYSA-N,1.5,2,1.5; 2.75,MDL,FFM_Holtemme_LVSPE_final_released220411_V4.xlsx (cleaned_MDL-corrected); Target_ECs_WANA_2018_v4.xlsx (Target_ECs_WANA_2018_v2)
4'-Aminoacetanilide,,122-80-5,CHMBIJAOCISYEW-UHFFFAOYSA-N,15.0,3,15.0,MDL,FRAM_Stenungsund_biotest_Frankfurt_ESIpos_ESIneg_draft_mdl.csv; MZQuant_FRAM_Stenungsund_2020_vRepository_vDRAFT.xlsx; Target_ECs_WANA_2018_v4.xlsx (Target_ECs_WANA_2018_v2)
"4,4'-DDD",,72-54-8,AHJKRLASYNVKDZ-UHFFFAOYSA-N,10.207485466041984,1,10.207485466041984,MDL,Target_ECs_WANA_2018_v4.xlsx (Target_ECs_WANA_2018_v2)
"4,4'-DDE",,72-55-9,UCNVFOCBFJOQAL-UHFFFAOYSA-N,3.630746583547011,1,3.630746583547011,MDL,Target_ECs_WANA_2018_v4.xlsx (Target_ECs_WANA_2018_v2)
"4,4'-DDMU",,1022-22-6,LNKQQZFLNUVWQQ-UHFFFAOYSA-N,6.100711424224449,1,6.100711424224449,MDL,Target_ECs_WANA_2018_v4.xlsx (Target_ECs_WANA_2018_v2)
"4,4'-DDT",,50-29-3,YVGGHNCTFXOJCH-UHFFFAOYSA-N,2.978980241532085,1,2.978980241532085,MDL,Target_ECs_WANA_2018_v4.xlsx (Target_ECs_WANA_2018_v2)
"4,4'-Diaminostilbene-2,2'-disulfonic acid",,NA,BKKCHPZQDBOJLI-UHFFFAOYSA-N,0.5,1,0.5,MDL,Target_ECs_WANA_2018_v4.xlsx (Target_ECs_WANA_2018_v2)
"4,4'-Methylene-bis(2-methyl aniline)",,838-88-0,WECDUOXQLAIPQW-UHFFFAOYSA-N,0.5,3,0.5; 5.0; 20.0,LOQ; MDL,FFM_Holtemme_LVSPE_final_released220411_V4.xlsx (cleaned_MDL-corrected); MZQuant_FRAM_Stenungsund_2020_vRepository_vDRAFT.xlsx; Target_ECs_WANA_2018_v4.xlsx (Target_ECs_WANA_2018_v2)
"4,4'-Methylenedianiline",,101-77-9,YBRVSVVVWCFQMG-UHFFFAOYSA-N,0.3,2,0.3; 0.5,LOQ; MDL,MZQuant_FRAM_Stenungsund_2020_vRepository_vDRAFT.xlsx; Target_ECs_WANA_2018_v4.xlsx (Target_ECs_WANA_2018_v2)
"4,4'-Thiodianiline",,139-65-1,ICNFHJVPAJKPHW-UHFFFAOYSA-N,0.5,3,0.5; 50.0; 100.0,LOQ; MDL,FFM_Holtemme_LVSPE_final_released220411_V4.xlsx (cleaned_MDL-corrected); MZQuant_FRAM_Stenungsund_2020_vRepository_vDRAFT.xlsx; Target_ECs_WANA_2018_v4.xlsx (Target_ECs_WANA_2018_v2)
4-(Dimethylamino)pyridine,,1122-58-3,VHYFNPMBLIVWCW-UHFFFAOYSA-N,5.0,4,5.0,MDL,FFM_Holtemme_LVSPE_final_released220411_V4.xlsx (cleaned_MDL-corrected); FRAM_Stenungsund_biotest_Frankfurt_ESIpos_ESIneg_draft_mdl.csv; MZQuant_FRAM_Stenungsund_2020_vRepository_vDRAFT.xlsx; Target_ECs_WANA_2018_v4.xlsx (Target_ECs_WANA_2018_v2)
"4-Amino-N,N-dimethylbenzenesulfonamide",4-Amino-NN-dimethylbenzenesulfonamide,1709-59-7,BABGMPQXLCJMSK-UHFFFAOYSA-N,2.0,2,2.0,MDL,FFM_Holtemme_LVSPE_final_released220411_V4.xlsx (cleaned_MDL-corrected); Target_ECs_WANA_2018_v4.xlsx (Target_ECs_WANA_2018_v2)
4-Aminoantipyrine,,83-07-8,RLFWWDJHLFCNIJ-UHFFFAOYSA-N,2.5,4,2.5; 18.0,MDL,FFM_Holtemme_LVSPE_final_released220411_V4.xlsx (cleaned_MDL-corrected); FRAM_Stenungsund_biotest_Frankfurt_ESIpos_ESIneg_draft_mdl.csv; MZQuant_FRAM_Stenungsund_2020_vRepository_vDRAFT.xlsx; Target_ECs_WANA_2018_v4.xlsx (Target_ECs_WANA_2018_v2)
4-Aminobenzamide,,2835-68-9,QIKYZXDTTPVVAC-UHFFFAOYSA-N,20.0,2,20.0,MDL,FRAM_Stenungsund_biotest_Frankfurt_ESIpos_ESIneg_draft_mdl.csv; Target_ECs_WANA_2018_v4.xlsx (Target_ECs_WANA_2018_v2)
4-Aminodiphenylamine,,101-54-2,ATGUVEKSASEFFO-UHFFFAOYSA-N,0.5,2,0.5; 10.0,LOQ; MDL,MZQuant_FRAM_Stenungsund_2020_vRepository_vDRAFT.xlsx; Target_ECs_WANA_2018_v4.xlsx (Target_ECs_WANA_2018_v2)
"4-Androsten-11beta-ol-3,17-dione",,382-44-5,WSCUHXPGYUMQEX-KCZNZURUSA-N,0.5,1,0.5,MDL,Target_ECs_WANA_2018_v4.xlsx (Target_ECs_WANA_2018_v2)
"4-Androstene-3,17-dione",,63-05-8,AEMFNILZOJDQLW-QAGGRKNESA-N,5.0,1,5.0,MDL,Target_ECs_WANA_2018_v4.xlsx (Target_ECs_WANA_2018_v2)
4-Bromophenol,,106-41-2,GZFGOTFRPZRKDS-UHFFFAOYSA-N,50.0,1,50.0,MDL,Target_ECs_WANA_2018_v4.xlsx (Target_ECs_WANA_2018_v2)
"4-Chloro-2,5-dimethoxyaniline",,6358-64-1,YGUFQYGSBVXPMC-UHFFFAOYSA-N,0.5,1,0.5,MDL,Target_ECs_WANA_2018_v4.xlsx (Target_ECs_WANA_2018_v2)
4-Chloroaniline,,106-47-8,QSNSCYSYFYORTR-UHFFFAOYSA-N,0.5,2,0.5; 5.0,MDL,FFM_Holtemme_LVSPE_final_released220411_V4.xlsx (cleaned_MDL-corrected); Target_ECs_WANA_2018_v4.xlsx (Target_ECs_WANA_2018_v2)
4-Chlorophenol,,106-48-9,WXNZTHHGJRFXKQ-UHFFFAOYSA-N,15.0,1,15.0,MDL,Target_ECs_WANA_2018_v4.xlsx (Target_ECs_WANA_2018_v2)
4-Cumylphenol,,599-64-4,QBDSZLJBMIMQRS-UHFFFAOYSA-N,0.5,1,0.5,MDL,Target_ECs_WANA_2018_v4.xlsx (Target_ECs_WANA_2018_v2)
4-Fluorobenzoylpropionic acid,,366-77-8,WUYWHIAAQYQKPP-UHFFFAOYSA-N,10.0,1,10.0,MDL,Target_ECs_WANA_2018_v4.xlsx (Target_ECs_WANA_2018_v2)
4-Formyl-antipyrine,,950-81-2,QFYZFYDOEJZMDX-UHFFFAOYSA-N,10.0,2,10.0,MDL,FFM_Holtemme_LVSPE_final_released220411_V4.xlsx (cleaned_MDL-corrected); Target_ECs_WANA_2018_v4.xlsx (Target_ECs_WANA_2018_v2)
"4-Hydroxy-1-(2-hydroxyethyl)-2,2,6,6-tetramethylpiperidine",,52722-86-8,STEYNUVPFMIUOY-UHFFFAOYSA-N,0.5,2,0.5; 5.0,MDL,FRAM_Stenungsund_biotest_Frankfurt_ESIpos_ESIneg_draft_mdl.csv; Target_ECs_WANA_2018_v4.xlsx (Target_ECs_WANA_2018_v2)
4-Hydroxybenzotriazole,,26725-51-9,JMTMSDXUXJISAY-UHFFFAOYSA-N,5.0,4,5.0; 11.0,MDL,FFM_Holtemme_LVSPE_final_released220411_V4.xlsx (cleaned_MDL-corrected); FRAM_Stenungsund_biotest_Frankfurt_ESIpos_ESIneg_draft_mdl.csv; MZQuant_FRAM_Stenungsund_2020_vRepository_vDRAFT.xlsx; Target_ECs_WANA_2018_v4.xlsx (Target_ECs_WANA_2018_v2)
4-Hydroxycoumarin,,1076-38-6,VXIXUWQIVKSKSA-UHFFFAOYSA-N,0.5,1,0.5,MDL,Target_ECs_WANA_2018_v4.xlsx (Target_ECs_WANA_2018_v2)
4-Hydroxyquinoline,,611-36-9,PMZDQRJGMBOQBF-UHFFFAOYSA-N,0.5,2,0.5; 5.0,MDL,FRAM_Stenungsund_biotest_Frankfurt_ESIpos_ESIneg_draft_mdl.csv; Target_ECs_WANA_2018_v4.xlsx (Target_ECs_WANA_2018_v2)
4-Hydroxytamoxifen,,68392-35-8,TXUZVZSFRXZGTL-UHFFFAOYSA-N,5.0,2,5.0,MDL,FFM_Holtemme_LVSPE_final_released220411_V4.xlsx (cleaned_MDL-corrected); Target_ECs_WANA_2018_v4.xlsx (Target_ECs_WANA_2018_v2)
4-Isopropylaniline,,99-88-7,LRTFPLFDLJYEKT-UHFFFAOYSA-N,10.0,2,10.0,MDL,FFM_Holtemme_LVSPE_final_released220411_V4.xlsx (cleaned_MDL-corrected); Target_ECs_WANA_2018_v4.xlsx (Target_ECs_WANA_2018_v2)
4-Methoxybenzenesulfonic acid,,5857-42-1,IWYVYUZADLIDEY-UHFFFAOYSA-N,0.5,1,0.5,MDL,Target_ECs_WANA_2018_v4.xlsx (Target_ECs_WANA_2018_v2)
4-Methylanisole,,104-93-8,CHLICZRVGGXEOD-UHFFFAOYSA-N,0.5,1,0.5,MDL,Target_ECs_WANA_2018_v4.xlsx (Target_ECs_WANA_2018_v2)
4-Methylbenzylidene camphor,,36861-47-9,HEOCBCNFKCOKBX-UHFFFAOYSA-N,0.5,3,0.5; 2.0,MDL,FFM_Holtemme_LVSPE_final_released220411_V4.xlsx (cleaned_MDL-corrected); MZQuant_FRAM_Stenungsund_2020_vRepository_vDRAFT.xlsx; Target_ECs_WANA_2018_v4.xlsx (Target_ECs_WANA_2018_v2)
4-Methylmorpholine-N-oxide,,7529-22-8,LFTLOKWAGJYHHR-UHFFFAOYSA-N,0.5,1,0.5,MDL,Target_ECs_WANA_2018_v4.xlsx (Target_ECs_WANA_2018_v2)
4-Methylphenol,,106-44-5,IWDCLRJOBJJRNH-UHFFFAOYSA-N,0.5,1,0.5,MDL,Target_ECs_WANA_2018_v4.xlsx (Target_ECs_WANA_2018_v2)
4-Nitroguaiacol,,3251-56-7,IZLVFLOBTPURLP-UHFFFAOYSA-N,0.5,1,0.5,MDL,Target_ECs_WANA_2018_v4.xlsx (Target_ECs_WANA_2018_v2)
4-Nitrophenol,,100-02-7,BTJIUGUIPKRLHP-UHFFFAOYSA-N,0.2,3,0.2; 0.5; 10.0,LOQ; MDL,FFM_Holtemme_LVSPE_final_released220411_V4.xlsx (cleaned_MDL-corrected); MZQuant_FRAM_Stenungsund_2020_vRepository_vDRAFT.xlsx; Target_ECs_WANA_2018_v4.xlsx (Target_ECs_WANA_2018_v2)
4-Nitroquinoline-1-oxide,,56-57-5,YHQDZJICGQWFHK-UHFFFAOYSA-N,0.5,2,0.5; 10.0,MDL,FFM_Holtemme_LVSPE_final_released220411_V4.xlsx (cleaned_MDL-corrected); Target_ECs_WANA_2018_v4.xlsx (Target_ECs_WANA_2018_v2)
4-tert-Butylbenzenesulfonamide,,6292-59-7,KYDZEZNYRFJCSA-UHFFFAOYSA-N,0.5,1,0.5,MDL,Target_ECs_WANA_2018_v4.xlsx (Target_ECs_WANA_2018_v2)
4H-Cyclopenta[def]phenanthrene,,203-64-5,RKZDZWJDQTZDLD-UHFFFAOYSA-N,5.884840027993485,1,5.884840027993485,MDL,Target_ECs_WANA_2018_v4.xlsx (Target_ECs_WANA_2018_v2)
5-Amino-o-cresol,,2835-95-2,DBFYESDCPWWCHN-UHFFFAOYSA-N,0.5,1,0.5,MDL,Target_ECs_WANA_2018_v4.xlsx (Target_ECs_WANA_2018_v2)
5-Aminonaphthalene-2-sulfonic acid,,119-79-9,UWPJYQYRSWYIGZ-UHFFFAOYSA-N,0.5,1,0.5,MDL,Target_ECs_WANA_2018_v4.xlsx (Target_ECs_WANA_2018_v2)
5-Carboline,,244-69-9,RDMFHRSPDKWERA-UHFFFAOYSA-N,0.5,2,0.5; 10.0,MDL,FFM_Holtemme_LVSPE_final_released220411_V4.xlsx (cleaned_MDL-corrected); Target_ECs_WANA_2018_v4.xlsx (Target_ECs_WANA_2018_v2)
5-Chlorobenzotriazole,,94-97-3,PZBQVZFITSVHAW-UHFFFAOYSA-N,0.5,2,0.5; 2.0,MDL,FFM_Holtemme_LVSPE_final_released220411_V4.xlsx (cleaned_MDL-corrected); Target_ECs_WANA_2018_v4.xlsx (Target_ECs_WANA_2018_v2)
5-Fluorouracil,,51-21-8,GHASVSINZRGABV-UHFFFAOYSA-N,0.5,1,0.5,MDL,Target_ECs_WANA_2018_v4.xlsx (Target_ECs_WANA_2018_v2)
5-Hydroxyindole-3-acetic acid,,54-16-0,DUUGKQCEGZLZNO-UHFFFAOYSA-N,0.5,1,0.5,MDL,Target_ECs_WANA_2018_v4.xlsx (Target_ECs_WANA_2018_v2)
5-Methyl-1H-benzotriazole,,136-85-6,LRUDIIUSNGCQKF-UHFFFAOYSA-N,2.0,4,2.0; 11.0,MDL,FFM_Holtemme_LVSPE_final_released220411_V4.xlsx (cleaned_MDL-corrected); FRAM_Stenungsund_biotest_Frankfurt_ESIpos_ESIneg_draft_mdl.csv; MZQuant_FRAM_Stenungsund_2020_vRepository_vDRAFT.xlsx; Target_ECs_WANA_2018_v4.xlsx (Target_ECs_WANA_2018_v2)
"6,2-fluorotelomer sulfonic acid",6:2 fluorotelomer sulfonic acid,27619-97-2,VIONGDJUYAYOPU-UHFFFAOYSA-N,1.0,4,1.0; 5.0,MDL,FFM_Holtemme_LVSPE_final_released220411_V4.xlsx (cleaned_MDL-corrected); FRAM_Stenungsund_biotest_Frankfurt_ESIpos_ESIneg_draft_mdl.csv; MZQuant_FRAM_Stenungsund_2020_vRepository_vDRAFT.xlsx; Target_ECs_WANA_2018_v4.xlsx (Target_ECs_WANA_2018_v2)
6-beta-Hydroxycortisol,,53-35-0,GNFTWPCIRXSCQF-UJXAPRPESA-N,0.5,1,0.5,MDL,Target_ECs_WANA_2018_v4.xlsx (Target_ECs_WANA_2018_v2)
6-Ethyl-2-toluidine,,24549-06-2,JJVKJJNCIILLRP-UHFFFAOYSA-N,0.5,1,0.5,MDL,Target_ECs_WANA_2018_v4.xlsx (Target_ECs_WANA_2018_v2)
6-Mercaptopurine,,50-44-2,GLVAUDGFNGKCSF-UHFFFAOYSA-N,0.5,1,0.5,MDL,Target_ECs_WANA_2018_v4.xlsx (Target_ECs_WANA_2018_v2)
6-Propyl-2-thiouracil,,51-52-5,KNAHARQHSZJURB-UHFFFAOYSA-N,15.0,3,15.0; 50.0,MDL,FFM_Holtemme_LVSPE_final_released220411_V4.xlsx (cleaned_MDL-corrected); MZQuant_FRAM_Stenungsund_2020_vRepository_vDRAFT.xlsx; Target_ECs_WANA_2018_v4.xlsx (Target_ECs_WANA_2018_v2)
6alpha Methylprednisolone,,83-43-2,VHRSUDSXCMQTMA-PJHHCJLFSA-N,0.5,1,0.5,MDL,Target_ECs_WANA_2018_v4.xlsx (Target_ECs_WANA_2018_v2)
7-(Ethylamino)-4-methylcoumarin,,28821-18-3,OTNIKUTWXUODJZ-UHFFFAOYSA-N,0.1,3,0.1; 0.5,LOQ; MDL,FFM_Holtemme_LVSPE_final_released220411_V4.xlsx (cleaned_MDL-corrected); MZQuant_FRAM_Stenungsund_2020_vRepository_vDRAFT.xlsx; Target_ECs_WANA_2018_v4.xlsx (Target_ECs_WANA_2018_v2)
7-Amino-4-methylcoumarin,,26093-31-2,GLNDAGDHSLMOKX-UHFFFAOYSA-N,1.0,4,1.0,MDL,FFM_Holtemme_LVSPE_final_released220411_V4.xlsx (cleaned_MDL-corrected); FRAM_Stenungsund_biotest_Frankfurt_ESIpos_ESIneg_draft_mdl.csv; MZQuant_FRAM_Stenungsund_2020_vRepository_vDRAFT.xlsx; Target_ECs_WANA_2018_v4.xlsx (Target_ECs_WANA_2018_v2)
7-Diethylamino-4-methylcoumarin,,91-44-1,AFYCEAFSNDLKSX-UHFFFAOYSA-N,0.7,3,0.7,MDL,FFM_Holtemme_LVSPE_final_released220411_V4.xlsx (cleaned_MDL-corrected); FRAM_Stenungsund_biotest_Frankfurt_ESIpos_ESIneg_draft_mdl.csv; Target_ECs_WANA_2018_v4.xlsx (Target_ECs_WANA_2018_v2)
7-Hydroxymethotrexate,,5939-37-7,HODZDDDNGRLGSI-NSHDSACASA-N,25.0,2,25.0,MDL,FFM_Holtemme_LVSPE_final_released220411_V4.xlsx (cleaned_MDL-corrected); Target_ECs_WANA_2018_v4.xlsx (Target_ECs_WANA_2018_v2)
7-Oxolithocholic acid,,4651-67-6,DXOCDBGWDZAYRQ-AURDAFMXSA-N,0.5,1,0.5,MDL,Target_ECs_WANA_2018_v4.xlsx (Target_ECs_WANA_2018_v2)
9-vinylanthracene,,2444-68-0,OGOYZCQQQFAGRI-UHFFFAOYSA-N,23.135501188067128,1,23.135501188067128,MDL,Target_ECs_WANA_2018_v4.xlsx (Target_ECs_WANA_2018_v2)
Abamectin,,71751-41-2,RRZXIRBKKLTSOM-XPNPUAGNSA-N,10.0,2,10.0,MDL,FFM_Holtemme_LVSPE_final_released220411_V4.xlsx (cleaned_MDL-corrected); Target_ECs_WANA_2018_v4.xlsx (Target_ECs_WANA_2018_v2)
Acenaphthene,,83-32-9,CWRYPZZKDGJXCA-UHFFFAOYSA-N,32.97098138453258,1,32.97098138453258,MDL,Target_ECs_WANA_2018_v4.xlsx (Target_ECs_WANA_2018_v2)
Acenaphthylene,,208-96-8,HXGDTGSAIMULJN-UHFFFAOYSA-N,6.8018247317551666,1,6.8018247317551666,MDL,Target_ECs_WANA_2018_v4.xlsx (Target_ECs_WANA_2018_v2)
Acesulfame,,33665-90-6,YGCFIWIQZPHFLU-UHFFFAOYSA-N,15.0,2,15.0,MDL,FRAM_Stenungsund_biotest_Frankfurt_ESIpos_ESIneg_draft_mdl.csv; Target_ECs_WANA_2018_v4.xlsx (Target_ECs_WANA_2018_v2)
Acetaminophen,,103-90-2,RZVAJINKPMORJF-UHFFFAOYSA-N,18.0,3,18.0,MDL,FRAM_Stenungsund_biotest_Frankfurt_ESIpos_ESIneg_draft_mdl.csv; MZQuant_FRAM_Stenungsund_2020_vRepository_vDRAFT.xlsx; Target_ECs_WANA_2018_v4.xlsx (Target_ECs_WANA_2018_v2)
Acetamiprid,,135410-20-7,WCXDHFDTOYPNIE-UHFFFAOYSA-N,1.0,4,1.0,MDL,FFM_Holtemme_LVSPE_final_released220411_V4.xlsx (cleaned_MDL-corrected); FRAM_Stenungsund_biotest_Frankfurt_ESIpos_ESIneg_draft_mdl.csv; MZQuant_FRAM_Stenungsund_2020_vRepository_vDRAFT.xlsx; Target_ECs_WANA_2018_v4.xlsx (Target_ECs_WANA_2018_v2)
Acetochlor,,34256-82-1,VTNQPKFIQCLBDU-UHFFFAOYSA-N,2.0,2,2.0,MDL,FFM_Holtemme_LVSPE_final_released220411_V4.xlsx (cleaned_MDL-corrected); Target_ECs_WANA_2018_v4.xlsx (Target_ECs_WANA_2018_v2)
Acetyl-sulfamethoxazole,,21312-10-7,GXPIUNZCALHVBA-UHFFFAOYSA-N,1.0,3,1.0,MDL,FFM_Holtemme_LVSPE_final_released220411_V4.xlsx (cleaned_MDL-corrected); MZQuant_FRAM_Stenungsund_2020_vRepository_vDRAFT.xlsx; Target_ECs_WANA_2018_v4.xlsx (Target_ECs_WANA_2018_v2)
Aclonifen,,277-704-1,DDBMQDADIHOWIC-UHFFFAOYSA-N,0.5,1,0.5,MDL,Target_ECs_WANA_2018_v4.xlsx (Target_ECs_WANA_2018_v2)
Acridine,,260-94-6,DZBUGLKDJFMEHC-UHFFFAOYSA-N,0.5,2,0.5; 20.0,MDL,FFM_Holtemme_LVSPE_final_released220411_V4.xlsx (cleaned_MDL-corrected); Target_ECs_WANA_2018_v4.xlsx (Target_ECs_WANA_2018_v2)
Acridone,,578-95-0,FZEYVTFCMJSGMP-UHFFFAOYSA-N,0.1,4,0.1; 0.5; 10.0,LOQ; MDL,FFM_Holtemme_LVSPE_final_released220411_V4.xlsx (cleaned_MDL-corrected); FRAM_Stenungsund_biotest_Frankfurt_ESIpos_ESIneg_draft_mdl.csv; MZQuant_FRAM_Stenungsund_2020_vRepository_vDRAFT.xlsx; Target_ECs_WANA_2018_v4.xlsx (Target_ECs_WANA_2018_v2)
Acrinathrin,,101007-06-1,YLFSVIMMRPNPFK-WEQBUNFVSA-N,22.5,1,22.5,MDL,Target_ECs_WANA_2018_v4.xlsx (Target_ECs_WANA_2018_v2)
Acrylamide,,79-06-1,HRPVXLWXLXDGHG-UHFFFAOYSA-N,0.5,1,0.5,MDL,Target_ECs_WANA_2018_v4.xlsx (Target_ECs_WANA_2018_v2)
Acyclovir,,59277-89-3,MKUXAQIIEYXACX-UHFFFAOYSA-N,20.0,1,20.0,MDL,Target_ECs_WANA_2018_v4.xlsx (Target_ECs_WANA_2018_v2)
Adiponitrile,,111-69-3,BTGRAWJCKBQKAO-UHFFFAOYSA-N,0.5,2,0.5; 104.6,LOQ; MDL,MZQuant_FRAM_Stenungsund_2020_vRepository_vDRAFT.xlsx; Target_ECs_WANA_2018_v4.xlsx (Target_ECs_WANA_2018_v2)
Albendazole,,54965-21-8,HXHWSAZORRCQMX-UHFFFAOYSA-N,2.0,2,2.0,MDL,FFM_Holtemme_LVSPE_final_released220411_V4.xlsx (cleaned_MDL-corrected); Target_ECs_WANA_2018_v4.xlsx (Target_ECs_WANA_2018_v2)
Aldosterone,,52-39-1,PQSUYGKTWSAVDQ-ZVIOFETBSA-N,0.5,1,0.5,MDL,Target_ECs_WANA_2018_v4.xlsx (Target_ECs_WANA_2018_v2)
Aldrin,,309-00-2,QBYJBZPUGVGKQQ-SJJAEHHWSA-N,5.439772097029467,1,5.439772097029467,MDL,Target_ECs_WANA_2018_v4.xlsx (Target_ECs_WANA_2018_v2)
Allethrin,,584-79-2,ZCVAOQKBXKSDMS-UHFFFAOYSA-N,0.1,2,0.1; 0.5,LOQ; MDL,MZQuant_FRAM_Stenungsund_2020_vRepository_vDRAFT.xlsx; Target_ECs_WANA_2018_v4.xlsx (Target_ECs_WANA_2018_v2)
Allopurinol,,315-30-0,OFCNXPDARWKPPY-UHFFFAOYSA-N,0.1,2,0.1; 0.5,LOQ; MDL,MZQuant_FRAM_Stenungsund_2020_vRepository_vDRAFT.xlsx; Target_ECs_WANA_2018_v4.xlsx (Target_ECs_WANA_2018_v2)
alpha-Endosulfan,beta-Endosulfan,33213-65-9,RDYMFSUJUZBWLH-AZVNHNRSSA-N,12.252362600725629,2,12.252362600725629; 12.5,MDL,Target_ECs_WANA_2018_v4.xlsx (Target_ECs_WANA_2018_v2)
alpha-HCH,,608-73-1,JLYXXMFPNIAWKQ-SHFUYGGZSA-N,1.6972782467997993,1,1.6972782467997993,MDL,Target_ECs_WANA_2018_v4.xlsx (Target_ECs_WANA_2018_v2)
alpha-Tocopherol acetate,,58-95-7,ZAKOWWREFLAJOT-CEFNRUSXSA-N,11.669096536951933,1,11.669096536951933,MDL,Target_ECs_WANA_2018_v4.xlsx (Target_ECs_WANA_2018_v2)
Amantadine,,768-94-5,DKNWSYNQZKUICI-UHFFFAOYSA-N,2.0,4,2.0; 10.0,MDL,FFM_Holtemme_LVSPE_final_released220411_V4.xlsx (cleaned_MDL-corrected); FRAM_Stenungsund_biotest_Frankfurt_ESIpos_ESIneg_draft_mdl.csv; MZQuant_FRAM_Stenungsund_2020_vRepository_vDRAFT.xlsx; Target_ECs_WANA_2018_v4.xlsx (Target_ECs_WANA_2018_v2)
Ambrettolide,,123-69-3,NVIPUOMWGQAOIT-RQOWECAXSA-N,0.5,1,0.5,MDL,Target_ECs_WANA_2018_v4.xlsx (Target_ECs_WANA_2018_v2)
Ambroxol,,18683-91-5,JBDGDEWWOUBZPM-UHFFFAOYSA-N,1.5,2,1.5,MDL,FFM_Holtemme_LVSPE_final_released220411_V4.xlsx (cleaned_MDL-corrected); Target_ECs_WANA_2018_v4.xlsx (Target_ECs_WANA_2018_v2)
Amcinonide,,51022-69-6,ILKJAFIWWBXGDU-MOGDOJJUSA-N,0.1,2,0.1; 0.5,LOQ; MDL,MZQuant_FRAM_Stenungsund_2020_vRepository_vDRAFT.xlsx; Target_ECs_WANA_2018_v4.xlsx (Target_ECs_WANA_2018_v2)
Ametryn,,834-12-8,RQVYBGPQFYCBGX-UHFFFAOYSA-N,1.0,2,1.0,MDL,FFM_Holtemme_LVSPE_final_released220411_V4.xlsx (cleaned_MDL-corrected); Target_ECs_WANA_2018_v4.xlsx (Target_ECs_WANA_2018_v2)
Amidosulfobetaine-14,Amidosulfobetaine-14_M+,216667-08-2,UTSXERRKRAEDOV-UHFFFAOYSA-O,1.0,3,1.0,MDL,FFM_Holtemme_LVSPE_final_released220411_V4.xlsx (cleaned_MDL-corrected); FRAM_Stenungsund_biotest_Frankfurt_ESIpos_ESIneg_draft_mdl.csv; MZQuant_FRAM_Stenungsund_2020_vRepository_vDRAFT.xlsx
Amidosulfobetaine-14,,216667-08-2,UTSXERRKRAEDOV-UHFFFAOYSA-N,1.0,1,1.0,MDL,Target_ECs_WANA_2018_v4.xlsx (Target_ECs_WANA_2018_v2)
Amidosulfuron,,120923-37-7,CTTHWASMBLQOFR-UHFFFAOYSA-N,0.5,2,0.5; 20.0,MDL,FFM_Holtemme_LVSPE_final_released220411_V4.xlsx (cleaned_MDL-corrected); Target_ECs_WANA_2018_v4.xlsx (Target_ECs_WANA_2018_v2)
Aminobifenox acid,,59216-76-1,DNBRVZFQNDQJOB-UHFFFAOYSA-N,0.5,1,0.5,MDL,Target_ECs_WANA_2018_v4.xlsx (Target_ECs_WANA_2018_v2)
Amiodarone,,1951-25-3,IYIKLHRQXLHMJQ-UHFFFAOYSA-N,5.0,2,5.0,MDL,FFM_Holtemme_LVSPE_final_released220411_V4.xlsx (cleaned_MDL-corrected); Target_ECs_WANA_2018_v4.xlsx (Target_ECs_WANA_2018_v2)
Amisulpride,,71675-85-9,NTJOBXMMWNYJFB-UHFFFAOYSA-N,0.5,1,0.5,MDL,Target_ECs_WANA_2018_v4.xlsx (Target_ECs_WANA_2018_v2)
Amitriptyline,,50-48-6,KRMDCWKBEZIMAB-UHFFFAOYSA-N,1.0,4,1.0,MDL,FFM_Holtemme_LVSPE_final_released220411_V4.xlsx (cleaned_MDL-corrected); FRAM_Stenungsund_biotest_Frankfurt_ESIpos_ESIneg_draft_mdl.csv; MZQuant_FRAM_Stenungsund_2020_vRepository_vDRAFT.xlsx; Target_ECs_WANA_2018_v4.xlsx (Target_ECs_WANA_2018_v2)
Amitrole,,61-82-5,KLSJWNVTNUYHDU-UHFFFAOYSA-N,0.5,1,0.5,MDL,Target_ECs_WANA_2018_v4.xlsx (Target_ECs_WANA_2018_v2)
Amoxicillin,,26787-78-0,LSQZJLSUYDQPKJ-NJBDSQKTSA-N,0.5,1,0.5,MDL,Target_ECs_WANA_2018_v4.xlsx (Target_ECs_WANA_2018_v2)
Amphetamine,,300-62-9,KWTSXDURSIMDCE-UHFFFAOYSA-N,0.5,2,0.5; 3.6,LOQ; MDL,MZQuant_FRAM_Stenungsund_2020_vRepository_vDRAFT.xlsx; Target_ECs_WANA_2018_v4.xlsx (Target_ECs_WANA_2018_v2)
Anastrozole,,120511-73-1,YBBLVLTVTVSKRW-UHFFFAOYSA-N,1.0,3,1.0,MDL,FFM_Holtemme_LVSPE_final_released220411_V4.xlsx (cleaned_MDL-corrected); MZQuant_FRAM_Stenungsund_2020_vRepository_vDRAFT.xlsx; Target_ECs_WANA_2018_v4.xlsx (Target_ECs_WANA_2018_v2)
Androsterone,,53-41-8,QGXBDMJGAMFCBF-HLUDHZFRSA-N,5.0,1,5.0,MDL,Target_ECs_WANA_2018_v4.xlsx (Target_ECs_WANA_2018_v2)
Aniline,,62-53-3,PAYRUJLWNCNPSJ-UHFFFAOYSA-N,0.5,1,0.5,MDL,Target_ECs_WANA_2018_v4.xlsx (Target_ECs_WANA_2018_v2)
Aniline Yellow,,,QPQKUYVSJWQSDY-CCEZHUSRSA-N,10.0,1,10.0,MDL,FFM_Holtemme_LVSPE_final_released220411_V4.xlsx (cleaned_MDL-corrected)
Aniline Yellow,,60-09-3,QPQKUYVSJWQSDY-UHFFFAOYSA-N,0.5,1,0.5,MDL,Target_ECs_WANA_2018_v4.xlsx (Target_ECs_WANA_2018_v2)
Anthracene,,120-12-7,MWPLVEDNUUSJAV-UHFFFAOYSA-N,21.33674916376807,1,21.33674916376807,MDL,Target_ECs_WANA_2018_v4.xlsx (Target_ECs_WANA_2018_v2)
Atenolol,,29122-68-7,METKIMKYRPQLGS-UHFFFAOYSA-N,1.0,4,1.0,MDL,FFM_Holtemme_LVSPE_final_released220411_V4.xlsx (cleaned_MDL-corrected); FRAM_Stenungsund_biotest_Frankfurt_ESIpos_ESIneg_draft_mdl.csv; MZQuant_FRAM_Stenungsund_2020_vRepository_vDRAFT.xlsx; Target_ECs_WANA_2018_v4.xlsx (Target_ECs_WANA_2018_v2)
Atorvastatin,,134523-00-5,XUKUURHRXDUEBC-UHFFFAOYSA-N,5.0,3,5.0,MDL,FFM_Holtemme_LVSPE_final_released220411_V4.xlsx (cleaned_MDL-corrected); FRAM_Stenungsund_biotest_Frankfurt_ESIpos_ESIneg_draft_mdl.csv; MZQuant_FRAM_Stenungsund_2020_vRepository_vDRAFT.xlsx
Atorvastatin,,134523-00-5,XUKUURHRXDUEBC-KAYWLYCHSA-N,5.0,1,5.0,MDL,Target_ECs_WANA_2018_v4.xlsx (Target_ECs_WANA_2018_v2)
Atrazine,,1912-24-9,MXWJVTOOROXGIU-UHFFFAOYSA-N,1.0,3,1.0,MDL,FFM_Holtemme_LVSPE_final_released220411_V4.xlsx (cleaned_MDL-corrected); FRAM_Stenungsund_biotest_Frankfurt_ESIpos_ESIneg_draft_mdl.csv; Target_ECs_WANA_2018_v4.xlsx (Target_ECs_WANA_2018_v2)
Azelaic acid,,123-99-9,BDJRBEYXGGNYIS-UHFFFAOYSA-N,0.5,2,0.5; 26.7,LOQ; MDL,MZQuant_FRAM_Stenungsund_2020_vRepository_vDRAFT.xlsx; Target_ECs_WANA_2018_v4.xlsx (Target_ECs_WANA_2018_v2)
Azelastine,,58581-89-8,MBUVEWMHONZEQD-UHFFFAOYSA-N,2.0,3,2.0,MDL,FFM_Holtemme_LVSPE_final_released220411_V4.xlsx (cleaned_MDL-corrected); FRAM_Stenungsund_biotest_Frankfurt_ESIpos_ESIneg_draft_mdl.csv; Target_ECs_WANA_2018_v4.xlsx (Target_ECs_WANA_2018_v2)
Azinphos methyl,,86-50-0,CJJOSEISRRTUQB-UHFFFAOYSA-N,2.0,2,2.0; 5.0,MDL,FFM_Holtemme_LVSPE_final_released220411_V4.xlsx (cleaned_MDL-corrected); Target_ECs_WANA_2018_v4.xlsx (Target_ECs_WANA_2018_v2)
Azithromycin,,83905-01-5,MQTOSJVFKKJCRP-UHFFFAOYSA-N,10.0,3,10.0,MDL,FFM_Holtemme_LVSPE_final_released220411_V4.xlsx (cleaned_MDL-corrected); FRAM_Stenungsund_biotest_Frankfurt_ESIpos_ESIneg_draft_mdl.csv; Target_ECs_WANA_2018_v4.xlsx (Target_ECs_WANA_2018_v2)
Azobenzene,,,DMLAVOWQYNRWNQ-BUHFOSPRSA-N,450.0,1,450.0,MDL,FFM_Holtemme_LVSPE_final_released220411_V4.xlsx (cleaned_MDL-corrected)
Azobenzene,,103-33-3,DMLAVOWQYNRWNQ-UHFFFAOYSA-N,0.5,1,0.5,MDL,Target_ECs_WANA_2018_v4.xlsx (Target_ECs_WANA_2018_v2)
Azoxystrobin,,131860-33-8,WFDXOXNFNRHQEC-UHFFFAOYSA-N,0.65,3,0.65; 1.0,MDL,FFM_Holtemme_LVSPE_final_released220411_V4.xlsx (cleaned_MDL-corrected); FRAM_Stenungsund_biotest_Frankfurt_ESIpos_ESIneg_draft_mdl.csv; MZQuant_FRAM_Stenungsund_2020_vRepository_vDRAFT.xlsx
Azoxystrobin,,131860-33-8,WFDXOXNFNRHQEC-GHRIWEEISA-N,1.0,1,1.0,MDL,Target_ECs_WANA_2018_v4.xlsx (Target_ECs_WANA_2018_v2)
Azoxystrobin acid,,1185255-09-7,IKCXDZCEWZARFL-FOWTUZBSSA-N,0.1,3,0.1; 0.5; 2.0,LOQ; MDL,FFM_Holtemme_LVSPE_final_released220411_V4.xlsx (cleaned_MDL-corrected); MZQuant_FRAM_Stenungsund_2020_vRepository_vDRAFT.xlsx; Target_ECs_WANA_2018_v4.xlsx (Target_ECs_WANA_2018_v2)
BDE-153,,68631-49-2,RZXIRSKYBISPGF-UHFFFAOYSA-N,79.64343156266895,1,79.64343156266895,MDL,Target_ECs_WANA_2018_v4.xlsx (Target_ECs_WANA_2018_v2)
BDE-154,,207122-15-4,VHNPZYZQKWIWOD-UHFFFAOYSA-N,113.47330579456175,1,113.47330579456175,MDL,Target_ECs_WANA_2018_v4.xlsx (Target_ECs_WANA_2018_v2)
BDE-47,,5436-43-1,XYBSIYMGXVUVGY-UHFFFAOYSA-N,16.0348741358387,1,16.0348741358387,MDL,Target_ECs_WANA_2018_v4.xlsx (Target_ECs_WANA_2018_v2)
BDE-99,,60348-60-9,WHPVYXDFIXRKLN-UHFFFAOYSA-N,31.066775496286816,1,31.066775496286816,MDL,Target_ECs_WANA_2018_v4.xlsx (Target_ECs_WANA_2018_v2)
Benalaxyl,,,CJPQIRJHIZUAQP-INIZCTEOSA-N,2.0,1,2.0,MDL,FFM_Holtemme_LVSPE_final_released220411_V4.xlsx (cleaned_MDL-corrected)
Benalaxyl,,71626-11-4,CJPQIRJHIZUAQP-UHFFFAOYSA-N,2.0,1,2.0,MDL,Target_ECs_WANA_2018_v4.xlsx (Target_ECs_WANA_2018_v2)
Bendiocarb,,22781-23-3,XEGGRYVFLWGFHI-UHFFFAOYSA-N,2.0,2,2.0,MDL,FFM_Holtemme_LVSPE_final_released220411_V4.xlsx (cleaned_MDL-corrected); Target_ECs_WANA_2018_v4.xlsx (Target_ECs_WANA_2018_v2)
Bentazone,,25057-89-0,ZOMSMJKLGFBRBS-UHFFFAOYSA-N,1.0,3,1.0,MDL,FFM_Holtemme_LVSPE_final_released220411_V4.xlsx (cleaned_MDL-corrected); FRAM_Stenungsund_biotest_Frankfurt_ESIpos_ESIneg_draft_mdl.csv; Target_ECs_WANA_2018_v4.xlsx (Target_ECs_WANA_2018_v2)
Benz[a]anthracene,,56-55-3,DXBHBZVCASKNBY-UHFFFAOYSA-N,34.09003496634656,1,34.09003496634656,MDL,Target_ECs_WANA_2018_v4.xlsx (Target_ECs_WANA_2018_v2)
Benzenesulfonic acid,,98-11-3,SRSXLGNVWSONIS-UHFFFAOYSA-N,0.5,1,0.5,MDL,Target_ECs_WANA_2018_v4.xlsx (Target_ECs_WANA_2018_v2)
Benzethonium,,10172-60-8,SIYLLGKDQZGJHK-UHFFFAOYSA-N,2.0,2,2.0,MDL,FFM_Holtemme_LVSPE_final_released220411_V4.xlsx (cleaned_MDL-corrected); Target_ECs_WANA_2018_v4.xlsx (Target_ECs_WANA_2018_v2)
Benzidine,,92-87-5,HFACYLZERDEVSX-UHFFFAOYSA-N,0.5,2,0.5; 60.0,MDL,FFM_Holtemme_LVSPE_final_released220411_V4.xlsx (cleaned_MDL-corrected); Target_ECs_WANA_2018_v4.xlsx (Target_ECs_WANA_2018_v2)
Benzimidazole,,51-17-2,HYZJCKYKOHLVJF-UHFFFAOYSA-N,0.2,2,0.2; 0.5,LOQ; MDL,MZQuant_FRAM_Stenungsund_2020_vRepository_vDRAFT.xlsx; Target_ECs_WANA_2018_v4.xlsx (Target_ECs_WANA_2018_v2)
Benzo(b)fluorene,,243-17-4,HAPOJKSPCGLOOD-UHFFFAOYSA-N,11.669096536951933,1,11.669096536951933,MDL,Target_ECs_WANA_2018_v4.xlsx (Target_ECs_WANA_2018_v2)
Benzo[a]pyrene,,50-32-8,FMMWHPNWAFZXNH-UHFFFAOYSA-N,19.366863665786422,1,19.366863665786422,MDL,Target_ECs_WANA_2018_v4.xlsx (Target_ECs_WANA_2018_v2)
Benzo[b]fluoranthene,,205-99-2,FTOVXSOBNPWTSH-UHFFFAOYSA-N,18.00040208941452,1,18.00040208941452,MDL,Target_ECs_WANA_2018_v4.xlsx (Target_ECs_WANA_2018_v2)
Benzo[e]pyrene,,192-97-2,TXVHTIQJNYSSKO-UHFFFAOYSA-N,19.366863665786422,1,19.366863665786422,MDL,Target_ECs_WANA_2018_v4.xlsx (Target_ECs_WANA_2018_v2)
Benzo[ghi]perylene,,191-24-2,GYFAGKUZYNFMBN-UHFFFAOYSA-N,47.81356805000759,1,47.81356805000759,MDL,Target_ECs_WANA_2018_v4.xlsx (Target_ECs_WANA_2018_v2)
Benzo[k]fluoranthene,,207-08-9,HAXBIWFMXWRORI-UHFFFAOYSA-N,250.0,1,250.0,MDL,Target_ECs_WANA_2018_v4.xlsx (Target_ECs_WANA_2018_v2)
Benzocain,Benzocaine,94-09-7,BLFLLBZGZJTVJG-UHFFFAOYSA-N,2.0,3,2.0,MDL,FFM_Holtemme_LVSPE_final_released220411_V4.xlsx (cleaned_MDL-corrected); MZQuant_FRAM_Stenungsund_2020_vRepository_vDRAFT.xlsx; Target_ECs_WANA_2018_v4.xlsx (Target_ECs_WANA_2018_v2)
Benzophenone-3,,131-57-7,DXGLGDHPHMLXJC-UHFFFAOYSA-N,1.0,2,1.0; 2.0,MDL,FFM_Holtemme_LVSPE_final_released220411_V4.xlsx (cleaned_MDL-corrected); Target_ECs_WANA_2018_v4.xlsx (Target_ECs_WANA_2018_v2)
Benzophenone-4,,4065-45-6,CXVGEDCSTKKODG-UHFFFAOYSA-N,1.0,4,1.0,MDL,FFM_Holtemme_LVSPE_final_released220411_V4.xlsx (cleaned_MDL-corrected); FRAM_Stenungsund_biotest_Frankfurt_ESIpos_ESIneg_draft_mdl.csv; MZQuant_FRAM_Stenungsund_2020_vRepository_vDRAFT.xlsx; Target_ECs_WANA_2018_v4.xlsx (Target_ECs_WANA_2018_v2)
Benzothiazole,,95-16-9,IOJUPLGTWVMSFF-UHFFFAOYSA-N,25.0,3,25.0,MDL,FFM_Holtemme_LVSPE_final_released220411_V4.xlsx (cleaned_MDL-corrected); MZQuant_FRAM_Stenungsund_2020_vRepository_vDRAFT.xlsx; Target_ECs_WANA_2018_v4.xlsx (Target_ECs_WANA_2018_v2)
Benzoylecgonine,,519-09-5,GVGYEFKIHJTNQZ-RFQIPJPRSA-N,0.5,2,0.5; 0.7,LOQ; MDL,MZQuant_FRAM_Stenungsund_2020_vRepository_vDRAFT.xlsx; Target_ECs_WANA_2018_v4.xlsx (Target_ECs_WANA_2018_v2)
Benzyl benzoate,,120-51-4,SESFRYSPDFLNCH-UHFFFAOYSA-N,0.5,1,0.5,MDL,Target_ECs_WANA_2018_v4.xlsx (Target_ECs_WANA_2018_v2)
Benzyl-2-naphthylether,,613-62-7,WLTCCDHHWYAMCG-UHFFFAOYSA-N,0.5,1,0.5,MDL,Target_ECs_WANA_2018_v4.xlsx (Target_ECs_WANA_2018_v2)
Benzyldimethyldodecylammonium,,10328-35-5,CYDRXTMLKJDRQH-UHFFFAOYSA-N,13.5,2,13.5; 20.0,MDL,FFM_Holtemme_LVSPE_final_released220411_V4.xlsx (cleaned_MDL-corrected); Target_ECs_WANA_2018_v4.xlsx (Target_ECs_WANA_2018_v2)
Benzyldimethylhexadecylammonium,,10328-34-4,QDYLMAYUEZBUFO-UHFFFAOYSA-N,4.0,2,4.0,MDL,FFM_Holtemme_LVSPE_final_released220411_V4.xlsx (cleaned_MDL-corrected); Target_ECs_WANA_2018_v4.xlsx (Target_ECs_WANA_2018_v2)
Benzyldimethyltetradecylammonium,,5285-67-6,WNBGYVXHFTYOBY-UHFFFAOYSA-N,0.5,2,0.5,MDL,FFM_Holtemme_LVSPE_final_released220411_V4.xlsx (cleaned_MDL-corrected); Target_ECs_WANA_2018_v4.xlsx (Target_ECs_WANA_2018_v2)
beta-HCH,,319-85-7,JLYXXMFPNIAWKQ-CDRYSYESNA-N,19.922333791967628,1,19.922333791967628,MDL,Target_ECs_WANA_2018_v4.xlsx (Target_ECs_WANA_2018_v2)
Betamethasone dipropionate,,5593-20-4,CIWBQSYVNNPZIQ-UHFFFAOYSA-N,0.1,2,0.1; 0.5,LOQ; MDL,MZQuant_FRAM_Stenungsund_2020_vRepository_vDRAFT.xlsx; Target_ECs_WANA_2018_v4.xlsx (Target_ECs_WANA_2018_v2)
Betamethasone-17-valerate,,2152-44-5,SNHRLVCMMWUAJD-SUYDQAKGSA-N,0.5,1,0.5,MDL,Target_ECs_WANA_2018_v4.xlsx (Target_ECs_WANA_2018_v2)
Bethamethasone,,378-44-9,UREBDLICKHMUKA-DVTGEIKXSA-N,1.0,2,1.0,MDL,FRAM_Stenungsund_biotest_Frankfurt_ESIpos_ESIneg_draft_mdl.csv; Target_ECs_WANA_2018_v4.xlsx (Target_ECs_WANA_2018_v2)
Bezafibrate,,41859-67-0,IIBYAHWJQTYFKB-UHFFFAOYSA-N,1.0,2,1.0,MDL,FFM_Holtemme_LVSPE_final_released220411_V4.xlsx (cleaned_MDL-corrected); Target_ECs_WANA_2018_v4.xlsx (Target_ECs_WANA_2018_v2)
Bicalutamide,,90357-06-5,LKJPYSCBVHEWIU-UHFFFAOYSA-N,0.7,4,0.7,MDL,FFM_Holtemme_LVSPE_final_released220411_V4.xlsx (cleaned_MDL-corrected); FRAM_Stenungsund_biotest_Frankfurt_ESIpos_ESIneg_draft_mdl.csv; MZQuant_FRAM_Stenungsund_2020_vRepository_vDRAFT.xlsx; Target_ECs_WANA_2018_v4.xlsx (Target_ECs_WANA_2018_v2)
Bifenox free acid,,53774-07-5,IUSYSZLVZMUVDO-UHFFFAOYSA-N,1.0,2,1.0,MDL,FFM_Holtemme_LVSPE_final_released220411_V4.xlsx (cleaned_MDL-corrected); Target_ECs_WANA_2018_v4.xlsx (Target_ECs_WANA_2018_v2)
Bifenthrin,,82657-04-3,OMFRMAHOUUJSGP-IRHGGOMRSA-N,37.47577112905321,1,37.47577112905321,MDL,Target_ECs_WANA_2018_v4.xlsx (Target_ECs_WANA_2018_v2)
Bifonazol,,60628-96-8,OCAPBUJLXMYKEJ-UHFFFAOYSA-N,10.0,2,10.0; 20.0,MDL,FFM_Holtemme_LVSPE_final_released220411_V4.xlsx (cleaned_MDL-corrected); Target_ECs_WANA_2018_v4.xlsx (Target_ECs_WANA_2018_v2)
Bis(2-ethylhexyl)phosphate,,298-07-7,SEGLCEQVOFDUPX-UHFFFAOYSA-N,2.0,1,2.0,MDL,Target_ECs_WANA_2018_v4.xlsx (Target_ECs_WANA_2018_v2)
Bis(4-chlorophenyl)sulfone,,80-07-9,GPAPPPVRLPGFEQ-UHFFFAOYSA-N,0.5,1,0.5,MDL,Target_ECs_WANA_2018_v4.xlsx (Target_ECs_WANA_2018_v2)
Bisoprolol,,66722-44-9,VHYCDWMUTMEGQY-UHFFFAOYSA-N,0.7,4,0.7,MDL,FFM_Holtemme_LVSPE_final_released220411_V4.xlsx (cleaned_MDL-corrected); FRAM_Stenungsund_biotest_Frankfurt_ESIpos_ESIneg_draft_mdl.csv; MZQuant_FRAM_Stenungsund_2020_vRepository_vDRAFT.xlsx; Target_ECs_WANA_2018_v4.xlsx (Target_ECs_WANA_2018_v2)
Bisphenol A,,80-05-7,IISBACLAFKSPIT-UHFFFAOYSA-N,0.5,1,0.5,MDL,Target_ECs_WANA_2018_v4.xlsx (Target_ECs_WANA_2018_v2)
Bisphenol AF,,1478-61-1,ZFVMWEVVKGLCIJ-UHFFFAOYSA-N,0.5,1,0.5,MDL,Target_ECs_WANA_2018_v4.xlsx (Target_ECs_WANA_2018_v2)
Bisphenol B,,77-40-7,HTVITOHKHWFJKO-UHFFFAOYSA-N,0.5,1,0.5,MDL,Target_ECs_WANA_2018_v4.xlsx (Target_ECs_WANA_2018_v2)
Bisphenol BP,,1844-01-5,BATCUENAARTUKW-UHFFFAOYSA-N,0.5,1,0.5,MDL,Target_ECs_WANA_2018_v4.xlsx (Target_ECs_WANA_2018_v2)
Bisphenol C,,14868-03-2,OWEYKIWAZBBXJK-UHFFFAOYSA-N,1.0,1,1.0,LOQ,MZQuant_FRAM_Stenungsund_2020_vRepository_vDRAFT.xlsx
Bisphenol C,,79-97-0,YMTYZTXUZLQUSF-UHFFFAOYSA-N,0.5,1,0.5,MDL,Target_ECs_WANA_2018_v4.xlsx (Target_ECs_WANA_2018_v2)
Bisphenol C-dichloride,,14868-03-2,OWEYKIWAZBBXJK-UHFFFAOYSA-NÔØΩ,0.5,1,0.5,MDL,Target_ECs_WANA_2018_v4.xlsx (Target_ECs_WANA_2018_v2)
Bisphenol E,,2081-08-5,HCNHNBLSNVSJTJ-UHFFFAOYSA-N,0.5,1,0.5,MDL,Target_ECs_WANA_2018_v4.xlsx (Target_ECs_WANA_2018_v2)
Bisphenol F,,620-92-8,PXKLMJQFEQBVLD-UHFFFAOYSA-N,0.5,1,0.5,MDL,Target_ECs_WANA_2018_v4.xlsx (Target_ECs_WANA_2018_v2)
Bisphenol G,,127-54-8,IJWIRZQYWANBMP-UHFFFAOYSA-N,0.5,1,0.5,MDL,Target_ECs_WANA_2018_v4.xlsx (Target_ECs_WANA_2018_v2)
Bisphenol PH,,24038-68-4,BKTRENAPTCBBFA-UHFFFAOYSA-N,0.5,1,0.5,MDL,Target_ECs_WANA_2018_v4.xlsx (Target_ECs_WANA_2018_v2)
Bisphenol S,,80-09-1,VPWNQTHUCYMVMZ-UHFFFAOYSA-N,0.7,4,0.7,MDL,FFM_Holtemme_LVSPE_final_released220411_V4.xlsx (cleaned_MDL-corrected); FRAM_Stenungsund_biotest_Frankfurt_ESIpos_ESIneg_draft_mdl.csv; MZQuant_FRAM_Stenungsund_2020_vRepository_vDRAFT.xlsx; Target_ECs_WANA_2018_v4.xlsx (Target_ECs_WANA_2018_v2)
Bisphenol Z,,843-55-0,SDDLEVPIDBLVHC-UHFFFAOYSA-N,0.5,1,0.5,MDL,Target_ECs_WANA_2018_v4.xlsx (Target_ECs_WANA_2018_v2)
Bitertanol,,55179-31-2,VGPIBGGRCVEHQZ-UHFFFAOYSA-N,0.5,1,0.5,MDL,Target_ECs_WANA_2018_v4.xlsx (Target_ECs_WANA_2018_v2)
Boscalid,,188425-85-6,WYEMLYFITZORAB-UHFFFAOYSA-N,0.7,2,0.7,MDL,FFM_Holtemme_LVSPE_final_released220411_V4.xlsx (cleaned_MDL-corrected); Target_ECs_WANA_2018_v4.xlsx (Target_ECs_WANA_2018_v2)
Bosentan,,147536-97-8,GJPICJJJRGTNOD-UHFFFAOYSA-N,1.0,2,1.0,MDL,FFM_Holtemme_LVSPE_final_released220411_V4.xlsx (cleaned_MDL-corrected); Target_ECs_WANA_2018_v4.xlsx (Target_ECs_WANA_2018_v2)
Bromochlorophen,,15435-29-7,TYBHZVUFOINFDV-UHFFFAOYSA-N,1.0,2,1.0,MDL,FFM_Holtemme_LVSPE_final_released220411_V4.xlsx (cleaned_MDL-corrected); Target_ECs_WANA_2018_v4.xlsx (Target_ECs_WANA_2018_v2)
Bromopropylate,,18181-80-1,FOANIXZHAMJWOI-UHFFFAOYSA-N,0.5,1,0.5,MDL,Target_ECs_WANA_2018_v4.xlsx (Target_ECs_WANA_2018_v2)
Bromoxynil,,1689-84-5,UPMXNNIRAGDFEH-UHFFFAOYSA-N,1.0,2,1.0,MDL,FFM_Holtemme_LVSPE_final_released220411_V4.xlsx (cleaned_MDL-corrected); Target_ECs_WANA_2018_v4.xlsx (Target_ECs_WANA_2018_v2)
Budesonide,,51333-22-3,VOVIALXJUBGFJZ-VXKMTNQYSA-N,0.1,3,0.1; 0.5; 20.0,LOQ; MDL,FRAM_Stenungsund_biotest_Frankfurt_ESIpos_ESIneg_draft_mdl.csv; MZQuant_FRAM_Stenungsund_2020_vRepository_vDRAFT.xlsx; Target_ECs_WANA_2018_v4.xlsx (Target_ECs_WANA_2018_v2)
Bupirimate,,41483-43-6,DSKJPMWIHSOYEA-UHFFFAOYSA-N,1.0,2,1.0,MDL,FFM_Holtemme_LVSPE_final_released220411_V4.xlsx (cleaned_MDL-corrected); Target_ECs_WANA_2018_v4.xlsx (Target_ECs_WANA_2018_v2)
Bupropion,,34911-55-2,SNPPWIUOZRMYNY-UHFFFAOYSA-N,3.0,4,3.0,MDL,FFM_Holtemme_LVSPE_final_released220411_V4.xlsx (cleaned_MDL-corrected); FRAM_Stenungsund_biotest_Frankfurt_ESIpos_ESIneg_draft_mdl.csv; MZQuant_FRAM_Stenungsund_2020_vRepository_vDRAFT.xlsx; Target_ECs_WANA_2018_v4.xlsx (Target_ECs_WANA_2018_v2)
Butocarboxim,,34681-10-2,SFNPDDSJBGRXLW-UITAMQMPSA-N,0.5,1,0.5,MDL,Target_ECs_WANA_2018_v4.xlsx (Target_ECs_WANA_2018_v2)
Butylparaben,,94-26-8,QFOHBWFCKVYLES-UHFFFAOYSA-N,0.5,1,0.5,MDL,Target_ECs_WANA_2018_v4.xlsx (Target_ECs_WANA_2018_v2)
Caffeine,,58-08-2,RYYVLZVUVIJVGH-UHFFFAOYSA-N,10.0,2,10.0,MDL,FFM_Holtemme_LVSPE_final_released220411_V4.xlsx (cleaned_MDL-corrected); Target_ECs_WANA_2018_v4.xlsx (Target_ECs_WANA_2018_v2)
Candesartan,,139481-59-7,HTQMVQVXFRQIKW-UHFFFAOYSA-N,0.5,4,0.5; 1.0; 2.0; 5.0,LOQ; MDL,FFM_Holtemme_LVSPE_final_released220411_V4.xlsx (cleaned_MDL-corrected); FRAM_Stenungsund_biotest_Frankfurt_ESIpos_ESIneg_draft_mdl.csv; MZQuant_FRAM_Stenungsund_2020_vRepository_vDRAFT.xlsx; Target_ECs_WANA_2018_v4.xlsx (Target_ECs_WANA_2018_v2)
Canrenone,,976-71-6,UJVLDDZCTMKXJK-AFDHUMPMSA-N,2.0,1,2.0,MDL,Target_ECs_WANA_2018_v4.xlsx (Target_ECs_WANA_2018_v2)
Capecitabine,,154361-50-9,GAGWJHPBXLXJQN-UORFTKCHSA-N,0.5,2,0.5; 10.0,MDL,FFM_Holtemme_LVSPE_final_released220411_V4.xlsx (cleaned_MDL-corrected); Target_ECs_WANA_2018_v4.xlsx (Target_ECs_WANA_2018_v2)
Captopril,,62571-86-2,FAKRSMQSSFJEIM-RQJHMYQMSA-N,20.0,1,20.0,MDL,Target_ECs_WANA_2018_v4.xlsx (Target_ECs_WANA_2018_v2)
Carbamazepine,,298-46-4,FFGPTBGBLSHEPO-UHFFFAOYSA-N,0.75,4,0.75; 1.0,MDL,FFM_Holtemme_LVSPE_final_released220411_V4.xlsx (cleaned_MDL-corrected); FRAM_Stenungsund_biotest_Frankfurt_ESIpos_ESIneg_draft_mdl.csv; MZQuant_FRAM_Stenungsund_2020_vRepository_vDRAFT.xlsx; Target_ECs_WANA_2018_v4.xlsx (Target_ECs_WANA_2018_v2)
Carbaryl,,63-25-2,CVXBEEMKQHEXEN-UHFFFAOYSA-N,1.0,1,1.0,MDL,Target_ECs_WANA_2018_v4.xlsx (Target_ECs_WANA_2018_v2)
Carbendazim,,10605-21-7,TWFZGCMQGLPBSX-UHFFFAOYSA-N,1.0,4,1.0,MDL,FFM_Holtemme_LVSPE_final_released220411_V4.xlsx (cleaned_MDL-corrected); FRAM_Stenungsund_biotest_Frankfurt_ESIpos_ESIneg_draft_mdl.csv; MZQuant_FRAM_Stenungsund_2020_vRepository_vDRAFT.xlsx; Target_ECs_WANA_2018_v4.xlsx (Target_ECs_WANA_2018_v2)
Carbetamide,,16118-49-3,AMRQXHFXNZFDCH-SECBINFHSA-N,0.2,4,0.2; 0.5; 1.0; 2.0,LOQ; MDL,FFM_Holtemme_LVSPE_final_released220411_V4.xlsx (cleaned_MDL-corrected); FRAM_Stenungsund_biotest_Frankfurt_ESIpos_ESIneg_draft_mdl.csv; MZQuant_FRAM_Stenungsund_2020_vRepository_vDRAFT.xlsx; Target_ECs_WANA_2018_v4.xlsx (Target_ECs_WANA_2018_v2)
Carboline,,244-76-8,BPMFPOGUJAAYHL-UHFFFAOYSA-N,0.5,2,0.5; 20.0,MDL,FFM_Holtemme_LVSPE_final_released220411_V4.xlsx (cleaned_MDL-corrected); Target_ECs_WANA_2018_v4.xlsx (Target_ECs_WANA_2018_v2)
Cashmeran,,33704-61-9,MIZGSAALSYARKU-UHFFFAOYSA-N,0.5,1,0.5,MDL,Target_ECs_WANA_2018_v4.xlsx (Target_ECs_WANA_2018_v2)
Celecoxib,,169590-42-5,RZEKVGVHFLEQIL-UHFFFAOYSA-N,1.0,3,1.0,MDL,FFM_Holtemme_LVSPE_final_released220411_V4.xlsx (cleaned_MDL-corrected); MZQuant_FRAM_Stenungsund_2020_vRepository_vDRAFT.xlsx; Target_ECs_WANA_2018_v4.xlsx (Target_ECs_WANA_2018_v2)
Celestolide,,13171-00-1,IKTHMQYJOWTSJO-UHFFFAOYSA-N,0.1,2,0.1; 0.5,LOQ; MDL,MZQuant_FRAM_Stenungsund_2020_vRepository_vDRAFT.xlsx; Target_ECs_WANA_2018_v4.xlsx (Target_ECs_WANA_2018_v2)
Cetirizine,,83881-51-0,ZKLPARSLTMPFCP-UHFFFAOYSA-N,1.0,4,1.0,MDL,FFM_Holtemme_LVSPE_final_released220411_V4.xlsx (cleaned_MDL-corrected); FRAM_Stenungsund_biotest_Frankfurt_ESIpos_ESIneg_draft_mdl.csv; MZQuant_FRAM_Stenungsund_2020_vRepository_vDRAFT.xlsx; Target_ECs_WANA_2018_v4.xlsx (Target_ECs_WANA_2018_v2)
Chenodeoxycholic acid,,474-25-9,RUDATBOHQWOJDD-BSWAIDMHSA-N,0.1,2,0.1; 0.5,LOQ; MDL,MZQuant_FRAM_Stenungsund_2020_vRepository_vDRAFT.xlsx; Target_ECs_WANA_2018_v4.xlsx (Target_ECs_WANA_2018_v2)
Chloramphenicol,,56-75-7,WIIZWVCIJKGZOK-UHFFFAOYSA-N,0.5,2,0.5; 1.0,MDL,FFM_Holtemme_LVSPE_final_released220411_V4.xlsx (cleaned_MDL-corrected); Target_ECs_WANA_2018_v4.xlsx (Target_ECs_WANA_2018_v2)
Chlorfenapyr,,122453-73-0,CWFOCCVIPCEQCK-UHFFFAOYSA-N,1.0,1,1.0,MDL,Target_ECs_WANA_2018_v4.xlsx (Target_ECs_WANA_2018_v2)
Chlorfenvinphos,,470-90-6,FSAVDKDHPDSCTO-UHFFFAOYSA-N,1.0,2,1.0,MDL,FFM_Holtemme_LVSPE_final_released220411_V4.xlsx (cleaned_MDL-corrected); Target_ECs_WANA_2018_v4.xlsx (Target_ECs_WANA_2018_v2)
Chloridazon,,1698-60-8,WYKYKTKDBLFHCY-UHFFFAOYSA-N,1.0,4,1.0,MDL,FFM_Holtemme_LVSPE_final_released220411_V4.xlsx (cleaned_MDL-corrected); FRAM_Stenungsund_biotest_Frankfurt_ESIpos_ESIneg_draft_mdl.csv; MZQuant_FRAM_Stenungsund_2020_vRepository_vDRAFT.xlsx; Target_ECs_WANA_2018_v4.xlsx (Target_ECs_WANA_2018_v2)
Chlormequat,,7003-89-6,JUZXDNPBRPUIOR-UHFFFAOYSA-N,7.0,1,7.0,MDL,Target_ECs_WANA_2018_v4.xlsx (Target_ECs_WANA_2018_v2)
Chlorohexidine,,55-56-1,GHXZTYHSJHQHIJ-UHFFFAOYSA-N,0.5,1,0.5,MDL,Target_ECs_WANA_2018_v4.xlsx (Target_ECs_WANA_2018_v2)
Chlorophene,,120-32-1,NCKMMSIFQUPKCK-UHFFFAOYSA-N,2.0,2,2.0,MDL,FFM_Holtemme_LVSPE_final_released220411_V4.xlsx (cleaned_MDL-corrected); Target_ECs_WANA_2018_v4.xlsx (Target_ECs_WANA_2018_v2)
Chlorothalonil R611965,,142733-37-7,XKFUETYLBPYNKF-UHFFFAOYSA-N,0.5,1,0.5,MDL,Target_ECs_WANA_2018_v4.xlsx (Target_ECs_WANA_2018_v2)
Chlorothalonil-4-hydroxy,,28343-61-5,MDQKYGOECVSPIW-UHFFFAOYSA-N,1.0,4,1.0,MDL,FFM_Holtemme_LVSPE_final_released220411_V4.xlsx (cleaned_MDL-corrected); FRAM_Stenungsund_biotest_Frankfurt_ESIpos_ESIneg_draft_mdl.csv; MZQuant_FRAM_Stenungsund_2020_vRepository_vDRAFT.xlsx; Target_ECs_WANA_2018_v4.xlsx (Target_ECs_WANA_2018_v2)
Chlorotoluron,,15545-48-9,JXCGFZXSOMJFOA-UHFFFAOYSA-N,1.0,2,1.0,MDL,FFM_Holtemme_LVSPE_final_released220411_V4.xlsx (cleaned_MDL-corrected); Target_ECs_WANA_2018_v4.xlsx (Target_ECs_WANA_2018_v2)
Chloroxuron,,1982-47-4,IVUXTESCPZUGJC-UHFFFAOYSA-N,0.7,2,0.7,MDL,FFM_Holtemme_LVSPE_final_released220411_V4.xlsx (cleaned_MDL-corrected); Target_ECs_WANA_2018_v4.xlsx (Target_ECs_WANA_2018_v2)
Chlorpropham,,101-21-3,CWJSHJJYOPWUGX-UHFFFAOYSA-N,10.0,1,10.0,MDL,Target_ECs_WANA_2018_v4.xlsx (Target_ECs_WANA_2018_v2)
Chlorpyrifos,,2921-88-2,SBPBAQFWLVIOKP-UHFFFAOYSA-N,0.5,1,0.5,MDL,Target_ECs_WANA_2018_v4.xlsx (Target_ECs_WANA_2018_v2)
Cholic acid,,81-25-4,BHQCQFFYRZLCQQ-OELDTZBJSA-N,0.2,2,0.2; 0.5,LOQ; MDL,MZQuant_FRAM_Stenungsund_2020_vRepository_vDRAFT.xlsx; Target_ECs_WANA_2018_v4.xlsx (Target_ECs_WANA_2018_v2)
Chrysene,,218-01-9,WDECIBYCCFPHNR-UHFFFAOYSA-N,25.0,1,25.0,MDL,Target_ECs_WANA_2018_v4.xlsx (Target_ECs_WANA_2018_v2)
Ciclopirox,,29342-05-0,SCKYRAXSEDYPSA-UHFFFAOYSA-N,0.5,2,0.5; 8.0,MDL,FFM_Holtemme_LVSPE_final_released220411_V4.xlsx (cleaned_MDL-corrected); Target_ECs_WANA_2018_v4.xlsx (Target_ECs_WANA_2018_v2)
Cimetidine,,51481-61-9,AQIXAKUUQRKLND-UHFFFAOYSA-N,0.5,1,0.5,MDL,Target_ECs_WANA_2018_v4.xlsx (Target_ECs_WANA_2018_v2)
Ciprofloxacin,,85721-33-1,MYSWGUAQZAJSOK-UHFFFAOYSA-N,0.5,2,0.5; 80.0,MDL,FFM_Holtemme_LVSPE_final_released220411_V4.xlsx (cleaned_MDL-corrected); Target_ECs_WANA_2018_v4.xlsx (Target_ECs_WANA_2018_v2)
cis-Stilben,,645-49-8,PJANXHGTPQOBST-QXMHVHEDSA-N,7.442962265794958,1,7.442962265794958,MDL,Target_ECs_WANA_2018_v4.xlsx (Target_ECs_WANA_2018_v2)
Citalopram,,59729-33-8,WSEQXVZVJXJVFP-UHFFFAOYSA-N,0.7,4,0.7; 2.9101674,MDL,FFM_Holtemme_LVSPE_final_released220411_V4.xlsx (cleaned_MDL-corrected); FRAM_Stenungsund_biotest_Frankfurt_ESIpos_ESIneg_draft_mdl.csv; MZQuant_FRAM_Stenungsund_2020_vRepository_vDRAFT.xlsx; Target_ECs_WANA_2018_v4.xlsx (Target_ECs_WANA_2018_v2)
Clarithromycin,,81103-11-9,AGOYDEPGAOXOCK-UHFFFAOYSA-N,1.0,3,1.0; 2.2,MDL,FFM_Holtemme_LVSPE_final_released220411_V4.xlsx (cleaned_MDL-corrected); FRAM_Stenungsund_biotest_Frankfurt_ESIpos_ESIneg_draft_mdl.csv; MZQuant_FRAM_Stenungsund_2020_vRepository_vDRAFT.xlsx
Clarithromycin,,81103-11-9,AGOYDEPGAOXOCK-KCBOHYOISA-N,1.0,1,1.0,MDL,Target_ECs_WANA_2018_v4.xlsx (Target_ECs_WANA_2018_v2)
Climbazole,,38083-17-9,OWEGWHBOCFMBLP-UHFFFAOYSA-N,0.5,4,0.5; 1.0; 2.0; 5.0,LOQ; MDL,FFM_Holtemme_LVSPE_final_released220411_V4.xlsx (cleaned_MDL-corrected); FRAM_Stenungsund_biotest_Frankfurt_ESIpos_ESIneg_draft_mdl.csv; MZQuant_FRAM_Stenungsund_2020_vRepository_vDRAFT.xlsx; Target_ECs_WANA_2018_v4.xlsx (Target_ECs_WANA_2018_v2)
Clioquinol,,130-26-7,QCDFBFJGMNKBDO-UHFFFAOYSA-N,0.5,1,0.5,MDL,Target_ECs_WANA_2018_v4.xlsx (Target_ECs_WANA_2018_v2)
Clobetasol,,25122-41-2,FCSHDIVRCWTZOX-DVTGEIKXSA-N,0.5,3,0.5; 50.0; 500.0,LOQ; MDL,FRAM_Stenungsund_biotest_Frankfurt_ESIpos_ESIneg_draft_mdl.csv; MZQuant_FRAM_Stenungsund_2020_vRepository_vDRAFT.xlsx; Target_ECs_WANA_2018_v4.xlsx (Target_ECs_WANA_2018_v2)
Clobetasol propionate,,25122-46-7,CBGUOGMQLZIXBE-XGQKBEPLSA-N,0.5,1,0.5,MDL,Target_ECs_WANA_2018_v4.xlsx (Target_ECs_WANA_2018_v2)
Clofibrate,,637-07-0,KNHUKKLJHYUCFP-UHFFFAOYSA-N,10.0,2,10.0,MDL,FFM_Holtemme_LVSPE_final_released220411_V4.xlsx (cleaned_MDL-corrected); Target_ECs_WANA_2018_v4.xlsx (Target_ECs_WANA_2018_v2)
Clofibric acid,,882-09-7,TXCGAZHTZHNUAI-UHFFFAOYSA-N,1.0,2,1.0,MDL,FFM_Holtemme_LVSPE_final_released220411_V4.xlsx (cleaned_MDL-corrected); Target_ECs_WANA_2018_v4.xlsx (Target_ECs_WANA_2018_v2)
Clomazone,,81777-89-1,KIEDNEWSYUYDSN-UHFFFAOYSA-N,1.0,2,1.0,MDL,FFM_Holtemme_LVSPE_final_released220411_V4.xlsx (cleaned_MDL-corrected); Target_ECs_WANA_2018_v4.xlsx (Target_ECs_WANA_2018_v2)
Clonidine,,4205-90-7,GJSURZIOUXUGAL-UHFFFAOYSA-N,2.0,2,2.0,MDL,FFM_Holtemme_LVSPE_final_released220411_V4.xlsx (cleaned_MDL-corrected); Target_ECs_WANA_2018_v4.xlsx (Target_ECs_WANA_2018_v2)
Clopidogrel,,113665-84-2,GKTWGGQPFAXNFI-UHFFFAOYSA-N,1.0,3,1.0,MDL,FFM_Holtemme_LVSPE_final_released220411_V4.xlsx (cleaned_MDL-corrected); FRAM_Stenungsund_biotest_Frankfurt_ESIpos_ESIneg_draft_mdl.csv; MZQuant_FRAM_Stenungsund_2020_vRepository_vDRAFT.xlsx
Clopidogrel,,113665-84-2,GKTWGGQPFAXNFI-HNNXBMFYSA-N,1.0,1,1.0,MDL,Target_ECs_WANA_2018_v4.xlsx (Target_ECs_WANA_2018_v2)
Clothianidin,,210880-92-5,PGOOBECODWQEAB-UHFFFAOYSA-N,1.0,2,1.0,MDL,FFM_Holtemme_LVSPE_final_released220411_V4.xlsx (cleaned_MDL-corrected); Target_ECs_WANA_2018_v4.xlsx (Target_ECs_WANA_2018_v2)
Clotrimazole,,23593-75-1,VNFPBHJOKIVQEB-UHFFFAOYSA-N,8.0,4,8.0; 50.0,MDL,FFM_Holtemme_LVSPE_final_released220411_V4.xlsx (cleaned_MDL-corrected); FRAM_Stenungsund_biotest_Frankfurt_ESIpos_ESIneg_draft_mdl.csv; MZQuant_FRAM_Stenungsund_2020_vRepository_vDRAFT.xlsx; Target_ECs_WANA_2018_v4.xlsx (Target_ECs_WANA_2018_v2)
Clozapine,,5786-21-0,QZUDBNBUXVUHMW-UHFFFAOYSA-N,2.5,4,2.5,MDL,FFM_Holtemme_LVSPE_final_released220411_V4.xlsx (cleaned_MDL-corrected); FRAM_Stenungsund_biotest_Frankfurt_ESIpos_ESIneg_draft_mdl.csv; MZQuant_FRAM_Stenungsund_2020_vRepository_vDRAFT.xlsx; Target_ECs_WANA_2018_v4.xlsx (Target_ECs_WANA_2018_v2)
Cocaine,,50-36-2,ZPUCINDJVBIVPJ-LJISPDSOSA-N,0.5,1,0.5,MDL,Target_ECs_WANA_2018_v4.xlsx (Target_ECs_WANA_2018_v2)
Cortisone,,53-06-5,MFYSYFVPBJMHGN-ZPOLXVRWSA-N,8.0,2,8.0,MDL,FRAM_Stenungsund_biotest_Frankfurt_ESIpos_ESIneg_draft_mdl.csv; Target_ECs_WANA_2018_v4.xlsx (Target_ECs_WANA_2018_v2)
Cotinine,,486-56-6,UIKROCXWUNQSPJ-VIFPVBQESA-N,2.0,3,2.0,MDL,FRAM_Stenungsund_biotest_Frankfurt_ESIpos_ESIneg_draft_mdl.csv; MZQuant_FRAM_Stenungsund_2020_vRepository_vDRAFT.xlsx; Target_ECs_WANA_2018_v4.xlsx (Target_ECs_WANA_2018_v2)
Coumestrol,,479-13-0,ZZIALNLLNHEQPJ-UHFFFAOYSA-N,0.5,1,0.5,MDL,Target_ECs_WANA_2018_v4.xlsx (Target_ECs_WANA_2018_v2)
Creatinine,,60-27-5,DDRJAANPRJIHGJ-UHFFFAOYSA-N,0.5,1,0.5,MDL,Target_ECs_WANA_2018_v4.xlsx (Target_ECs_WANA_2018_v2)
Crotamiton,,483-63-6,DNTGGZPQPQTDQF-XBXARRHUSA-N,1.0,4,1.0,MDL,FFM_Holtemme_LVSPE_final_released220411_V4.xlsx (cleaned_MDL-corrected); FRAM_Stenungsund_biotest_Frankfurt_ESIpos_ESIneg_draft_mdl.csv; MZQuant_FRAM_Stenungsund_2020_vRepository_vDRAFT.xlsx; Target_ECs_WANA_2018_v4.xlsx (Target_ECs_WANA_2018_v2)
Cyanuric acid,,108-80-5,ZFSLODLOARCGLH-UHFFFAOYSA-N,0.5,1,0.5,MDL,Target_ECs_WANA_2018_v4.xlsx (Target_ECs_WANA_2018_v2)
Cyazofamid,,120116-88-3,YXKMMRDKEKCERS-UHFFFAOYSA-N,0.5,1,0.5,MDL,Target_ECs_WANA_2018_v4.xlsx (Target_ECs_WANA_2018_v2)
Cyclamate,,100-88-9,HCAJEUSONLESMK-UHFFFAOYSA-N,5.0,2,5.0,MDL,MZQuant_FRAM_Stenungsund_2020_vRepository_vDRAFT.xlsx; Target_ECs_WANA_2018_v4.xlsx (Target_ECs_WANA_2018_v2)
Cyclododecanone,,830-13-7,SXVPOSFURRDKBO-UHFFFAOYSA-N,0.5,1,0.5,MDL,Target_ECs_WANA_2018_v4.xlsx (Target_ECs_WANA_2018_v2)
Cyclohexylamine,,108-91-8,PAFZNILMFXTMIY-UHFFFAOYSA-N,0.5,1,0.5,MDL,Target_ECs_WANA_2018_v4.xlsx (Target_ECs_WANA_2018_v2)
Cyclohexylphenylketone,,712-50-5,BMFYCFSWWDXEPB-UHFFFAOYSA-N,0.5,2,0.5; 52.9,LOQ; MDL,MZQuant_FRAM_Stenungsund_2020_vRepository_vDRAFT.xlsx; Target_ECs_WANA_2018_v4.xlsx (Target_ECs_WANA_2018_v2)
Cyclophosphamide,,50-18-0,CMSMOCZEIVJLDB-UHFFFAOYSA-N,1.0,3,1.0,MDL,FFM_Holtemme_LVSPE_final_released220411_V4.xlsx (cleaned_MDL-corrected); FRAM_Stenungsund_biotest_Frankfurt_ESIpos_ESIneg_draft_mdl.csv; Target_ECs_WANA_2018_v4.xlsx (Target_ECs_WANA_2018_v2)
Cyfluthrin,,68359-37-5,QQODLKZGRKWIFG-UHFFFAOYSA-N,125.0,1,125.0,MDL,Target_ECs_WANA_2018_v4.xlsx (Target_ECs_WANA_2018_v2)
Cyhalothrin,,68085-85-8,ZXQYGBMAQZUVMI-UNOMPAQXSA-N,35.05400734027764,1,35.05400734027764,MDL,Target_ECs_WANA_2018_v4.xlsx (Target_ECs_WANA_2018_v2)
Cymoxanil,,57966-95-7,XERJKGMBORTKEO-VZUCSPMQSA-N,0.5,1,0.5,MDL,Target_ECs_WANA_2018_v4.xlsx (Target_ECs_WANA_2018_v2)
Cypermethrin,,52315-07-8,KAATUXNTWXVJKI-UHFFFAOYSA-N,107.13176244424787,1,107.13176244424787,MDL,Target_ECs_WANA_2018_v4.xlsx (Target_ECs_WANA_2018_v2)
Cyproconazole,,94361-06-5,UFNOUKDBUJZYDE-UHFFFAOYSA-N,0.7,2,0.7; 0.85,MDL,FFM_Holtemme_LVSPE_final_released220411_V4.xlsx (cleaned_MDL-corrected); Target_ECs_WANA_2018_v4.xlsx (Target_ECs_WANA_2018_v2)
Cyprodinil,,121552-61-2,HAORKNGNJCEJBX-UHFFFAOYSA-N,0.5,3,0.5; 1.5; 5.0,MDL,FFM_Holtemme_LVSPE_final_released220411_V4.xlsx (cleaned_MDL-corrected); FRAM_Stenungsund_biotest_Frankfurt_ESIpos_ESIneg_draft_mdl.csv; Target_ECs_WANA_2018_v4.xlsx (Target_ECs_WANA_2018_v2)
Cyproterone,,2098-66-0,DUSHUSLJJMDGTE-ZJPMUUANSA-N,2.5,1,2.5,MDL,Target_ECs_WANA_2018_v4.xlsx (Target_ECs_WANA_2018_v2)
Cyromazine,,66215-27-8,LVQDKIWDGQRHTE-UHFFFAOYSA-N,2.0,2,2.0,MDL,FFM_Holtemme_LVSPE_final_released220411_V4.xlsx (cleaned_MDL-corrected); Target_ECs_WANA_2018_v4.xlsx (Target_ECs_WANA_2018_v2)
Daidzein,,486-66-8,ZQSIJRDFPHDXIC-UHFFFAOYSA-N,1.0,3,1.0,MDL,FFM_Holtemme_LVSPE_final_released220411_V4.xlsx (cleaned_MDL-corrected); MZQuant_FRAM_Stenungsund_2020_vRepository_vDRAFT.xlsx; Target_ECs_WANA_2018_v4.xlsx (Target_ECs_WANA_2018_v2)
Daminozide,,1596-84-5,NOQGZXFMHARMLW-UHFFFAOYSA-N,0.5,1,0.5,MDL,Target_ECs_WANA_2018_v4.xlsx (Target_ECs_WANA_2018_v2)
DCOIT,,64359-81-5,PORQOHRXAJJKGK-UHFFFAOYSA-N,1.0,2,1.0,MDL,FFM_Holtemme_LVSPE_final_released220411_V4.xlsx (cleaned_MDL-corrected); Target_ECs_WANA_2018_v4.xlsx (Target_ECs_WANA_2018_v2)
decahydronaphthalene,,91-17-8,NNBZCPXTIHJBJL-UHFFFAOYSA-N,345.89414668690506,1,345.89414668690506,MDL,Target_ECs_WANA_2018_v4.xlsx (Target_ECs_WANA_2018_v2)
Decylsulfate,,142-98-3,CSMFSDCPJHNZRY-UHFFFAOYSA-N,0.8,4,0.8; 1.0,MDL,FFM_Holtemme_LVSPE_final_released220411_V4.xlsx (cleaned_MDL-corrected); FRAM_Stenungsund_biotest_Frankfurt_ESIpos_ESIneg_draft_mdl.csv; MZQuant_FRAM_Stenungsund_2020_vRepository_vDRAFT.xlsx; Target_ECs_WANA_2018_v4.xlsx (Target_ECs_WANA_2018_v2)
DEET,,134-62-3,MMOXZBCLCQITDF-UHFFFAOYSA-N,0.7,4,0.7; 1.93,MDL,FFM_Holtemme_LVSPE_final_released220411_V4.xlsx (cleaned_MDL-corrected); FRAM_Stenungsund_biotest_Frankfurt_ESIpos_ESIneg_draft_mdl.csv; MZQuant_FRAM_Stenungsund_2020_vRepository_vDRAFT.xlsx; Target_ECs_WANA_2018_v4.xlsx (Target_ECs_WANA_2018_v2)
DEET carboxylic acid,,72236-23-8,PXXLQQDIFVPNMP-UHFFFAOYSA-N,0.5,2,0.5; 0.8,LOQ; MDL,MZQuant_FRAM_Stenungsund_2020_vRepository_vDRAFT.xlsx; Target_ECs_WANA_2018_v4.xlsx (Target_ECs_WANA_2018_v2)
delta-HCH,gamma-HCH,319-86-8,JLYXXMFPNIAWKQ-UHFFFAOYSA-N,2.709402302120149,2,2.709402302120149; 9.28990792261597,MDL,Target_ECs_WANA_2018_v4.xlsx (Target_ECs_WANA_2018_v2)
Deltamethrin,,52918-63-5,OWZREIFADZCYQD-NSHGMRRFSA-N,87.42570600152631,1,87.42570600152631,MDL,Target_ECs_WANA_2018_v4.xlsx (Target_ECs_WANA_2018_v2)
Demeton-S-methyl sulfoxide,,301-12-2,PMCVMORKVPSKHZ-UHFFFAOYSA-N,0.5,1,0.5,MDL,Target_ECs_WANA_2018_v4.xlsx (Target_ECs_WANA_2018_v2)
Denatonium,Denatonium_M+,47324-98-1,ZFQMTVNLDNXRNQ-UHFFFAOYSA-O,1.0,4,1.0,MDL,FFM_Holtemme_LVSPE_final_released220411_V4.xlsx (cleaned_MDL-corrected); FRAM_Stenungsund_biotest_Frankfurt_ESIpos_ESIneg_draft_mdl.csv; MZQuant_FRAM_Stenungsund_2020_vRepository_vDRAFT.xlsx; Target_ECs_WANA_2018_v4.xlsx (Target_ECs_WANA_2018_v2)
Deoxycholic acid,,83-44-3,KXGVEGMKQFWNSR-LLQZFEROSA-N,0.5,1,0.5,MDL,Target_ECs_WANA_2018_v4.xlsx (Target_ECs_WANA_2018_v2)
Desethyl-napropamide,,38641-90-6,ZYSGLIDSUFDSLC-UHFFFAOYNA-N,0.5,1,0.5,MDL,Target_ECs_WANA_2018_v4.xlsx (Target_ECs_WANA_2018_v2)
Desethylatrazine,,6190-65-4,DFWFIQKMSFGDCQ-UHFFFAOYSA-N,0.7,4,0.7,MDL,FFM_Holtemme_LVSPE_final_released220411_V4.xlsx (cleaned_MDL-corrected); FRAM_Stenungsund_biotest_Frankfurt_ESIpos_ESIneg_draft_mdl.csv; MZQuant_FRAM_Stenungsund_2020_vRepository_vDRAFT.xlsx; Target_ECs_WANA_2018_v4.xlsx (Target_ECs_WANA_2018_v2)
Desethylterbutylazine,,30125-63-4,LMKQNTMFZLAJDV-UHFFFAOYSA-N,1.0,3,1.0,MDL,FFM_Holtemme_LVSPE_final_released220411_V4.xlsx (cleaned_MDL-corrected); FRAM_Stenungsund_biotest_Frankfurt_ESIpos_ESIneg_draft_mdl.csv; Target_ECs_WANA_2018_v4.xlsx (Target_ECs_WANA_2018_v2)
Desisopropylatrazine,,1007-28-9,IVENSCMCQBJAKW-UHFFFAOYSA-N,2.5,3,2.5,MDL,FFM_Holtemme_LVSPE_final_released220411_V4.xlsx (cleaned_MDL-corrected); FRAM_Stenungsund_biotest_Frankfurt_ESIpos_ESIneg_draft_mdl.csv; Target_ECs_WANA_2018_v4.xlsx (Target_ECs_WANA_2018_v2)
Desloratadine,,100643-71-8,JAUOIFJMECXRGI-UHFFFAOYSA-N,5.0,2,5.0; 15.0,MDL,FFM_Holtemme_LVSPE_final_released220411_V4.xlsx (cleaned_MDL-corrected); Target_ECs_WANA_2018_v4.xlsx (Target_ECs_WANA_2018_v2)
Desmethylchlorotoluron,,22175-22-0,GUMFWXBSFOHZDC-UHFFFAOYSA-N,0.5,1,0.5,MDL,Target_ECs_WANA_2018_v4.xlsx (Target_ECs_WANA_2018_v2)
Desonide,,638-94-8,WBGKWQHBNHJJPZ-LECWWXJVSA-N,0.5,1,0.5,MDL,Target_ECs_WANA_2018_v4.xlsx (Target_ECs_WANA_2018_v2)
Desphenyl chloridazon,,6339-19-1,FEWPCPCEGBPTAL-UHFFFAOYSA-N,20.0,1,20.0,MDL,Target_ECs_WANA_2018_v4.xlsx (Target_ECs_WANA_2018_v2)
Dexamethasone,,50-02-2,UREBDLICKHMUKA-CXSFZGCWSA-N,1.0,1,1.0,MDL,Target_ECs_WANA_2018_v4.xlsx (Target_ECs_WANA_2018_v2)
Dexamethasone-21-acetate,,1177-87-3,AKUJBENLRBOFTD-RPRRAYFGSA-N,0.5,1,0.5,MDL,Target_ECs_WANA_2018_v4.xlsx (Target_ECs_WANA_2018_v2)
Dextromethorphan,,125-71-3,MKXZASYAUGDDCJ-NJAFHUGGSA-N,0.5,1,0.5,MDL,Target_ECs_WANA_2018_v4.xlsx (Target_ECs_WANA_2018_v2)
Di-n-butyl phosphate,,107-66-4,JYFHYPJRHGVZDY-UHFFFAOYSA-N,0.1,2,0.1; 0.5,LOQ; MDL,MZQuant_FRAM_Stenungsund_2020_vRepository_vDRAFT.xlsx; Target_ECs_WANA_2018_v4.xlsx (Target_ECs_WANA_2018_v2)
Diacetylethylenediamine,,871-78-3,WNYIBZHOMJZDKN-UHFFFAOYSA-N,0.1,2,0.1; 0.5,LOQ; MDL,MZQuant_FRAM_Stenungsund_2020_vRepository_vDRAFT.xlsx; Target_ECs_WANA_2018_v4.xlsx (Target_ECs_WANA_2018_v2)
Diatrizoate,,117-96-4,YVPYQUNUQOZFHG-UHFFFAOYSA-N,0.5,1,0.5,MDL,Target_ECs_WANA_2018_v4.xlsx (Target_ECs_WANA_2018_v2)
Diazepam,,439-14-5,AAOVKJBEBIDNHE-UHFFFAOYSA-N,0.7,4,0.7,MDL,FFM_Holtemme_LVSPE_final_released220411_V4.xlsx (cleaned_MDL-corrected); FRAM_Stenungsund_biotest_Frankfurt_ESIpos_ESIneg_draft_mdl.csv; MZQuant_FRAM_Stenungsund_2020_vRepository_vDRAFT.xlsx; Target_ECs_WANA_2018_v4.xlsx (Target_ECs_WANA_2018_v2)
Diazinon,,333-41-5,FHIVAFMUCKRCQO-UHFFFAOYSA-N,0.5,2,0.5; 0.7,MDL,FFM_Holtemme_LVSPE_final_released220411_V4.xlsx (cleaned_MDL-corrected); Target_ECs_WANA_2018_v4.xlsx (Target_ECs_WANA_2018_v2)
Diazoxon,,962-58-3,VBLJFQYCTRKKKF-UHFFFAOYSA-N,0.5,1,0.5,MDL,Target_ECs_WANA_2018_v4.xlsx (Target_ECs_WANA_2018_v2)
"Dibenz[a,h]anthracene",,53-70-3,LHRCREOYAASXPZ-UHFFFAOYSA-N,37.56515532451285,1,37.56515532451285,MDL,Target_ECs_WANA_2018_v4.xlsx (Target_ECs_WANA_2018_v2)
Dibenzyl ether,,103-50-4,MHDVGSVTJDSBDK-UHFFFAOYSA-N,0.5,1,0.5,MDL,Target_ECs_WANA_2018_v4.xlsx (Target_ECs_WANA_2018_v2)
Dibutyl sebacate,,109-43-3,PYGXAGIECVVIOZ-UHFFFAOYSA-N,0.5,1,0.5,MDL,Target_ECs_WANA_2018_v4.xlsx (Target_ECs_WANA_2018_v2)
Dibutylhydroxytoluene,,128-37-0,NLZUEZXRPGMBCV-UHFFFAOYSA-N,0.5,1,0.5,MDL,Target_ECs_WANA_2018_v4.xlsx (Target_ECs_WANA_2018_v2)
Dichlorophen,,97-23-4,MDNWOSOZYLHTCG-UHFFFAOYSA-N,1.0,2,1.0,MDL,FFM_Holtemme_LVSPE_final_released220411_V4.xlsx (cleaned_MDL-corrected); Target_ECs_WANA_2018_v4.xlsx (Target_ECs_WANA_2018_v2)
Dichlorprop,,120-36-5,MZHCENGPTKEIGP-UHFFFAOYSA-N,1.0,2,1.0,MDL,FFM_Holtemme_LVSPE_final_released220411_V4.xlsx (cleaned_MDL-corrected); Target_ECs_WANA_2018_v4.xlsx (Target_ECs_WANA_2018_v2)
Dichlorvos,,62-73-7,OEBRKCOSUFCWJD-UHFFFAOYSA-N,7.0,2,7.0; 20.0,MDL,FFM_Holtemme_LVSPE_final_released220411_V4.xlsx (cleaned_MDL-corrected); Target_ECs_WANA_2018_v4.xlsx (Target_ECs_WANA_2018_v2)
Diclofenac,,15307-86-5,DCOPUUMXTXDBNB-UHFFFAOYSA-N,1.0,4,1.0,MDL,FFM_Holtemme_LVSPE_final_released220411_V4.xlsx (cleaned_MDL-corrected); FRAM_Stenungsund_biotest_Frankfurt_ESIpos_ESIneg_draft_mdl.csv; MZQuant_FRAM_Stenungsund_2020_vRepository_vDRAFT.xlsx; Target_ECs_WANA_2018_v4.xlsx (Target_ECs_WANA_2018_v2)
Dicofol,,115-32-2,UOAMTSKGCBMZTC-UHFFFAOYSA-N,18.137726698488738,1,18.137726698488738,MDL,Target_ECs_WANA_2018_v4.xlsx (Target_ECs_WANA_2018_v2)
Dicyclohexyl sulfosuccinate,,137361-04-7,QPSVFNQMURAADJ-UHFFFAOYSA-N,0.1,4,0.1; 0.5; 2.0; 5.0,LOQ; MDL,FFM_Holtemme_LVSPE_final_released220411_V4.xlsx (cleaned_MDL-corrected); FRAM_Stenungsund_biotest_Frankfurt_ESIpos_ESIneg_draft_mdl.csv; MZQuant_FRAM_Stenungsund_2020_vRepository_vDRAFT.xlsx; Target_ECs_WANA_2018_v4.xlsx (Target_ECs_WANA_2018_v2)
Dicyclohexylphthalate,,84-61-7,VOWAEIGWURALJQ-UHFFFAOYSA-N,0.5,2,0.5; 1.0,MDL,FFM_Holtemme_LVSPE_final_released220411_V4.xlsx (cleaned_MDL-corrected); Target_ECs_WANA_2018_v4.xlsx (Target_ECs_WANA_2018_v2)
Dicyclohexylurea,,2387-23-7,ADFXKUOMJKEIND-UHFFFAOYSA-N,0.5,2,0.5; 10.3,LOQ; MDL,MZQuant_FRAM_Stenungsund_2020_vRepository_vDRAFT.xlsx; Target_ECs_WANA_2018_v4.xlsx (Target_ECs_WANA_2018_v2)
Didecyldimethylammonium,,20256-56-8,JGFDZZLUDWMUQH-UHFFFAOYSA-N,15.0,2,15.0; 16.0,MDL,FFM_Holtemme_LVSPE_final_released220411_V4.xlsx (cleaned_MDL-corrected); Target_ECs_WANA_2018_v4.xlsx (Target_ECs_WANA_2018_v2)
Dieldrin,,60-57-1,DFBKLUNHFCTMDC-PICURKEMSA-N,11.507079184483382,1,11.507079184483382,MDL,Target_ECs_WANA_2018_v4.xlsx (Target_ECs_WANA_2018_v2)
Diethofencarb,,87130-20-9,LNJNFVJKDJYTEU-UHFFFAOYSA-N,0.5,2,0.5; 4.6,LOQ; MDL,MZQuant_FRAM_Stenungsund_2020_vRepository_vDRAFT.xlsx; Target_ECs_WANA_2018_v4.xlsx (Target_ECs_WANA_2018_v2)
Diethyleneglycolmonomethylether,,NA,IKFVBAIJLDNTQW-UHFFFAOYSA-M,0.5,1,0.5,MDL,Target_ECs_WANA_2018_v4.xlsx (Target_ECs_WANA_2018_v2)
Diethylstilbestrol,,56-53-1,RGLYKWWBQGJZGM-ISLYRVAYSA-N,0.5,1,0.5,MDL,Target_ECs_WANA_2018_v4.xlsx (Target_ECs_WANA_2018_v2)
Difenoconazole,,119446-68-3,BQYJATMQXGBDHF-UHFFFAOYSA-N,0.7,3,0.7,MDL,FFM_Holtemme_LVSPE_final_released220411_V4.xlsx (cleaned_MDL-corrected); MZQuant_FRAM_Stenungsund_2020_vRepository_vDRAFT.xlsx; Target_ECs_WANA_2018_v4.xlsx (Target_ECs_WANA_2018_v2)
Diflubenzuron,,35367-38-5,QQQYTWIFVNKMRW-UHFFFAOYSA-N,10.0,2,10.0,MDL,FFM_Holtemme_LVSPE_final_released220411_V4.xlsx (cleaned_MDL-corrected); Target_ECs_WANA_2018_v4.xlsx (Target_ECs_WANA_2018_v2)
Diflufenican,,83164-33-4,WYEHFWKAOXOVJD-UHFFFAOYSA-N,10.0,2,10.0,MDL,FFM_Holtemme_LVSPE_final_released220411_V4.xlsx (cleaned_MDL-corrected); Target_ECs_WANA_2018_v4.xlsx (Target_ECs_WANA_2018_v2)
Diglyme,,111-96-6,SBZXBUIDTXKZTM-UHFFFAOYSA-N,50.0,1,50.0,MDL,Target_ECs_WANA_2018_v4.xlsx (Target_ECs_WANA_2018_v2)
Dihydrotestosterone,,521-18-6,NVKAWKQGWWIWPM-ABEVXSGRSA-N,5.0,1,5.0,MDL,Target_ECs_WANA_2018_v4.xlsx (Target_ECs_WANA_2018_v2)
Diisopropyl sebacate,,7491-02-3,XFKBBSZEQRFVSL-UHFFFAOYSA-N,0.5,1,0.5,MDL,Target_ECs_WANA_2018_v4.xlsx (Target_ECs_WANA_2018_v2)
Dimethachlor,,50563-36-5,SCCDDNKJYDZXMM-UHFFFAOYSA-N,0.7,3,0.7,MDL,FFM_Holtemme_LVSPE_final_released220411_V4.xlsx (cleaned_MDL-corrected); FRAM_Stenungsund_biotest_Frankfurt_ESIpos_ESIneg_draft_mdl.csv; Target_ECs_WANA_2018_v4.xlsx (Target_ECs_WANA_2018_v2)
Dimethachlor CGA369873,,NOCAS,ZNKNVJGSYJFDHT-UHFFFAOYSA-N,0.5,3,0.5; 5.0,LOQ; MDL,FFM_Holtemme_LVSPE_final_released220411_V4.xlsx (cleaned_MDL-corrected); MZQuant_FRAM_Stenungsund_2020_vRepository_vDRAFT.xlsx; Target_ECs_WANA_2018_v4.xlsx (Target_ECs_WANA_2018_v2)
Dimethachlor ESA,,NOCAS,RVSCDWJKJDBFRS-UHFFFAOYSA-N,1.0,3,1.0,MDL,FFM_Holtemme_LVSPE_final_released220411_V4.xlsx (cleaned_MDL-corrected); MZQuant_FRAM_Stenungsund_2020_vRepository_vDRAFT.xlsx; Target_ECs_WANA_2018_v4.xlsx (Target_ECs_WANA_2018_v2)
Dimethachlor OA,,1086384-49-7,MHGMSAFPNAKIRZ-UHFFFAOYSA-N,2.0,2,2.0,MDL,FFM_Holtemme_LVSPE_final_released220411_V4.xlsx (cleaned_MDL-corrected); Target_ECs_WANA_2018_v4.xlsx (Target_ECs_WANA_2018_v2)
Dimethenamid,,87674-68-8,JLYFCTQDENRSOL-UHFFFAOYSA-N,1.0,2,1.0,MDL,FFM_Holtemme_LVSPE_final_released220411_V4.xlsx (cleaned_MDL-corrected); Target_ECs_WANA_2018_v4.xlsx (Target_ECs_WANA_2018_v2)
Dimethenamid ESA,,205939-58-8,YMYKMSAZEZQEER-UHFFFAOYSA-N,0.5,3,0.5; 1.0; 2.0,LOQ; MDL,FFM_Holtemme_LVSPE_final_released220411_V4.xlsx (cleaned_MDL-corrected); MZQuant_FRAM_Stenungsund_2020_vRepository_vDRAFT.xlsx; Target_ECs_WANA_2018_v4.xlsx (Target_ECs_WANA_2018_v2)
Dimethenamid OA,,380412-59-9,HOYCASTVMCEOTP-UHFFFAOYSA-N,0.5,3,0.5; 1.5; 20.0,MDL,FFM_Holtemme_LVSPE_final_released220411_V4.xlsx (cleaned_MDL-corrected); FRAM_Stenungsund_biotest_Frankfurt_ESIpos_ESIneg_draft_mdl.csv; Target_ECs_WANA_2018_v4.xlsx (Target_ECs_WANA_2018_v2)
Dimethoate,,60-51-5,MCWXGJITAZMZEV-UHFFFAOYSA-N,1.0,2,1.0,MDL,FFM_Holtemme_LVSPE_final_released220411_V4.xlsx (cleaned_MDL-corrected); Target_ECs_WANA_2018_v4.xlsx (Target_ECs_WANA_2018_v2)
Dimethyl terephthalate,,120-61-6,WOZVHXUHUFLZGK-UHFFFAOYSA-N,0.5,1,0.5,MDL,Target_ECs_WANA_2018_v4.xlsx (Target_ECs_WANA_2018_v2)
Dimethyl-5-sulfoisophthalate,,138-25-0,HTXMGVTWXZBZNC-UHFFFAOYSA-N,0.1,4,0.1; 0.5; 2.0; 10.0,LOQ; MDL,FFM_Holtemme_LVSPE_final_released220411_V4.xlsx (cleaned_MDL-corrected); FRAM_Stenungsund_biotest_Frankfurt_ESIpos_ESIneg_draft_mdl.csv; MZQuant_FRAM_Stenungsund_2020_vRepository_vDRAFT.xlsx; Target_ECs_WANA_2018_v4.xlsx (Target_ECs_WANA_2018_v2)
Dimethylaminophenazone,,58-15-1,RMMXTBMQSGEXHJ-UHFFFAOYSA-N,1.0,4,1.0; 2.5,MDL,FFM_Holtemme_LVSPE_final_released220411_V4.xlsx (cleaned_MDL-corrected); FRAM_Stenungsund_biotest_Frankfurt_ESIpos_ESIneg_draft_mdl.csv; MZQuant_FRAM_Stenungsund_2020_vRepository_vDRAFT.xlsx; Target_ECs_WANA_2018_v4.xlsx (Target_ECs_WANA_2018_v2)
Dimethyldithiophosphate,,756-80-9,CZGGKXNYNPJFAX-UHFFFAOYSA-N,0.5,1,0.5,MDL,Target_ECs_WANA_2018_v4.xlsx (Target_ECs_WANA_2018_v2)
Dimoxystrobin,,149961-52-4,WXUZAHCNPWONDH-DYTRJAOYSA-N,0.5,2,0.5,MDL,FFM_Holtemme_LVSPE_final_released220411_V4.xlsx (cleaned_MDL-corrected); Target_ECs_WANA_2018_v4.xlsx (Target_ECs_WANA_2018_v2)
DINCH,,166412-78-8,HORIEOQXBKUKGQ-UHFFFAOYSA-N,0.5,2,0.5; 40.0,MDL,FFM_Holtemme_LVSPE_final_released220411_V4.xlsx (cleaned_MDL-corrected); Target_ECs_WANA_2018_v4.xlsx (Target_ECs_WANA_2018_v2)
Dinoseb,,88-85-7,OWZPCEFYPSAJFR-UHFFFAOYSA-N,0.4,3,0.4; 0.5; 2.0,MDL,FFM_Holtemme_LVSPE_final_released220411_V4.xlsx (cleaned_MDL-corrected); FRAM_Stenungsund_biotest_Frankfurt_ESIpos_ESIneg_draft_mdl.csv; Target_ECs_WANA_2018_v4.xlsx (Target_ECs_WANA_2018_v2)
dioctyldiphenylamine,,101-67-7,QAPVYZRWKDXNDK-UHFFFAOYSA-N,5.1543311369352995,1,5.1543311369352995,MDL,Target_ECs_WANA_2018_v4.xlsx (Target_ECs_WANA_2018_v2)
Dioctylsulfosuccinate,,10041-19-7,HNSDLXPSAYFUHK-UHFFFAOYSA-N,0.5,1,0.5,MDL,Target_ECs_WANA_2018_v4.xlsx (Target_ECs_WANA_2018_v2)
Diphenhydramine,,58-73-1,ZZVUWRFHKOJYTH-UHFFFAOYSA-N,2.0,3,2.0; 3.0,MDL,FFM_Holtemme_LVSPE_final_released220411_V4.xlsx (cleaned_MDL-corrected); FRAM_Stenungsund_biotest_Frankfurt_ESIpos_ESIneg_draft_mdl.csv; Target_ECs_WANA_2018_v4.xlsx (Target_ECs_WANA_2018_v2)
diphenyl sulfone,,127-63-9,KZTYYGOKRVBIMI-UHFFFAOYSA-N,5.4255584694673775,1,5.4255584694673775,MDL,Target_ECs_WANA_2018_v4.xlsx (Target_ECs_WANA_2018_v2)
Diphenylamine,,122-39-4,DMBHHRLKUKUOEG-UHFFFAOYSA-N,0.5,1,0.5,MDL,Target_ECs_WANA_2018_v4.xlsx (Target_ECs_WANA_2018_v2)
Diphenylether,,101-84-8,USIUVYZYUHIAEV-UHFFFAOYSA-N,0.5,1,0.5,MDL,Target_ECs_WANA_2018_v4.xlsx (Target_ECs_WANA_2018_v2)
Diphenylmethane,,101-81-5,CZZYITDELCSZES-UHFFFAOYSA-N,45.573455817149345,1,45.573455817149345,MDL,Target_ECs_WANA_2018_v4.xlsx (Target_ECs_WANA_2018_v2)
Diphenylphosphate,,838-85-7,ASMQGLCHMVWBQR-UHFFFAOYSA-N,1.0,4,1.0,MDL,FFM_Holtemme_LVSPE_final_released220411_V4.xlsx (cleaned_MDL-corrected); FRAM_Stenungsund_biotest_Frankfurt_ESIpos_ESIneg_draft_mdl.csv; MZQuant_FRAM_Stenungsund_2020_vRepository_vDRAFT.xlsx; Target_ECs_WANA_2018_v4.xlsx (Target_ECs_WANA_2018_v2)
Diphenylphosphine oxide,,4559-70-0,ASUOLLHGALPRFK-UHFFFAOYSA-N,5.0,2,5.0; 35.0,LOQ; MDL,FFM_Holtemme_LVSPE_final_released220411_V4.xlsx (cleaned_MDL-corrected); MZQuant_FRAM_Stenungsund_2020_vRepository_vDRAFT.xlsx
Diphenylphosphine oxide,,4559-70-0,YFPJFKYCVYXDJK-UHFFFAOYSA-N,0.5,1,0.5,MDL,Target_ECs_WANA_2018_v4.xlsx (Target_ECs_WANA_2018_v2)
Disulfoton,,298-04-4,DOFZAZXDOSGAJZ-UHFFFAOYSA-N,0.5,1,0.5,MDL,Target_ECs_WANA_2018_v4.xlsx (Target_ECs_WANA_2018_v2)
Diuron,,330-54-1,XMTQQYYKAHVGBJ-UHFFFAOYSA-N,1.0,4,1.0,MDL,FFM_Holtemme_LVSPE_final_released220411_V4.xlsx (cleaned_MDL-corrected); FRAM_Stenungsund_biotest_Frankfurt_ESIpos_ESIneg_draft_mdl.csv; MZQuant_FRAM_Stenungsund_2020_vRepository_vDRAFT.xlsx; Target_ECs_WANA_2018_v4.xlsx (Target_ECs_WANA_2018_v2)
Dodecane-12-lactam,,947-04-6,JHWNWJKBPDFINM-UHFFFAOYSA-N,0.3,2,0.3; 0.5,LOQ; MDL,MZQuant_FRAM_Stenungsund_2020_vRepository_vDRAFT.xlsx; Target_ECs_WANA_2018_v4.xlsx (Target_ECs_WANA_2018_v2)
Dodecyl sulfate,,151-41-7,MOTZDAYCYVMXPC-UHFFFAOYSA-N,0.5,1,0.5,MDL,Target_ECs_WANA_2018_v4.xlsx (Target_ECs_WANA_2018_v2)
Dodecylbenzenesulfonic acid,,27176-87-0,WBIQQQGBSDOWNP-UHFFFAOYSA-N,0.5,1,0.5,MDL,Target_ECs_WANA_2018_v4.xlsx (Target_ECs_WANA_2018_v2)
Dodemorph,,1593-77-7,JMXKCYUTURMERF-UHFFFAOYSA-N,1.0,2,1.0,MDL,FFM_Holtemme_LVSPE_final_released220411_V4.xlsx (cleaned_MDL-corrected); Target_ECs_WANA_2018_v4.xlsx (Target_ECs_WANA_2018_v2)
Domperidone,,57808-66-9,FGXWKSZFVQUSTL-UHFFFAOYSA-N,2.0,2,2.0,MDL,FFM_Holtemme_LVSPE_final_released220411_V4.xlsx (cleaned_MDL-corrected); Target_ECs_WANA_2018_v4.xlsx (Target_ECs_WANA_2018_v2)
Drospirenone,,67392-87-4,METQSPRSQINEEU-HXCATZOESA-N,1.0,1,1.0,MDL,Target_ECs_WANA_2018_v4.xlsx (Target_ECs_WANA_2018_v2)
Duloxetine,,116539-59-4,ZEUITGRIYCTCEM-UHFFFAOYSA-N,10.0,2,10.0,MDL,FFM_Holtemme_LVSPE_final_released220411_V4.xlsx (cleaned_MDL-corrected); MZQuant_FRAM_Stenungsund_2020_vRepository_vDRAFT.xlsx
Duloxetine,,116539-59-4,ZEUITGRIYCTCEM-KRWDZBQOSA-N,10.0,1,10.0,MDL,Target_ECs_WANA_2018_v4.xlsx (Target_ECs_WANA_2018_v2)
Dydrogesterone,,152-62-5,JGMOKGBVKVMRFX-HQZYFCCVSA-N,1.0,2,1.0,MDL,MZQuant_FRAM_Stenungsund_2020_vRepository_vDRAFT.xlsx; Target_ECs_WANA_2018_v4.xlsx (Target_ECs_WANA_2018_v2)
Ebastin,,90729-43-4,MJJALKDDGIKVBE-UHFFFAOYSA-N,2.0,2,2.0,MDL,FFM_Holtemme_LVSPE_final_released220411_V4.xlsx (cleaned_MDL-corrected); Target_ECs_WANA_2018_v4.xlsx (Target_ECs_WANA_2018_v2)
EDDP,,30223-73-5,AJRJPORIQGYFMT-PVOVUMCXSA-N,5.0,4,5.0; 15.0,MDL,FFM_Holtemme_LVSPE_final_released220411_V4.xlsx (cleaned_MDL-corrected); FRAM_Stenungsund_biotest_Frankfurt_ESIpos_ESIneg_draft_mdl.csv; MZQuant_FRAM_Stenungsund_2020_vRepository_vDRAFT.xlsx; Target_ECs_WANA_2018_v4.xlsx (Target_ECs_WANA_2018_v2)
Efavirenz,,,XPOQHMRABVBWPR-UHFFFAOYSA-N,1.0,1,1.0,MDL,FFM_Holtemme_LVSPE_final_released220411_V4.xlsx (cleaned_MDL-corrected)
Efavirenz,,154598-52-4,XPOQHMRABVBWPR-ZDUSSCGKSA-N,1.0,1,1.0,MDL,Target_ECs_WANA_2018_v4.xlsx (Target_ECs_WANA_2018_v2)
Emamectin B1a,,,CXEGAUYXQAKHKJ-NSBHKLITSA-N,2.0,1,2.0,MDL,FFM_Holtemme_LVSPE_final_released220411_V4.xlsx (cleaned_MDL-corrected)
Emamectin B1a,,119791-41-2,CXEGAUYXQAKHKJ-COFQVFHOSA-N,0.5,1,0.5,MDL,Target_ECs_WANA_2018_v4.xlsx (Target_ECs_WANA_2018_v2)
Enalapril,,75847-73-3,GBXSMTUPTTWBMN-XIRDDKMYSA-N,2.0,3,2.0,MDL,FFM_Holtemme_LVSPE_final_released220411_V4.xlsx (cleaned_MDL-corrected); MZQuant_FRAM_Stenungsund_2020_vRepository_vDRAFT.xlsx; Target_ECs_WANA_2018_v4.xlsx (Target_ECs_WANA_2018_v2)
Endosulfan sulfate,,1031-07-8,AAPVQEMYVNZIOO-UHFFFAOYSA-N,25.906121692122426,1,25.906121692122426,MDL,Target_ECs_WANA_2018_v4.xlsx (Target_ECs_WANA_2018_v2)
Endrin,,72-20-8,DFBKLUNHFCTMDC-UHFFFAOYSA-N,88.87698531648469,1,88.87698531648469,MDL,Target_ECs_WANA_2018_v4.xlsx (Target_ECs_WANA_2018_v2)
Endrin aldehyde,,7421-93-4,HCTWZIFNBBCVGM-UHFFFAOYSA-N,88.31447275119055,1,88.31447275119055,MDL,Target_ECs_WANA_2018_v4.xlsx (Target_ECs_WANA_2018_v2)
Endrin ketone,,53494-70-5,IZHZFAQWVKBTSL-UHFFFAOYSA-N,16.21104240521335,1,16.21104240521335,MDL,Target_ECs_WANA_2018_v4.xlsx (Target_ECs_WANA_2018_v2)
Enoxolone,,471-53-4,MPDGHEJMBKOTSU-YKLVYJNSSA-N,0.5,1,0.5,MDL,Target_ECs_WANA_2018_v4.xlsx (Target_ECs_WANA_2018_v2)
Enrofloxacin,,93106-60-6,SPFYMRJSYKOXGV-UHFFFAOYSA-N,20.0,2,20.0,MDL,FFM_Holtemme_LVSPE_final_released220411_V4.xlsx (cleaned_MDL-corrected); Target_ECs_WANA_2018_v4.xlsx (Target_ECs_WANA_2018_v2)
Ephedrine,,299-42-3,KWGRBVOPPLSCSI-WPRPVWTQSA-N,0.5,2,0.5; 5.1,LOQ; MDL,MZQuant_FRAM_Stenungsund_2020_vRepository_vDRAFT.xlsx; Target_ECs_WANA_2018_v4.xlsx (Target_ECs_WANA_2018_v2)
Epiandrosterone,,481-29-8,QGXBDMJGAMFCBF-LUJOEAJASA-N,50.0,1,50.0,MDL,Target_ECs_WANA_2018_v4.xlsx (Target_ECs_WANA_2018_v2)
Epoxiconazole,,,ZMYFCFLJBGAQRS-UHFFFAOYSA-N,0.7,1,0.7,MDL,FFM_Holtemme_LVSPE_final_released220411_V4.xlsx (cleaned_MDL-corrected)
Epoxiconazole,,133855-98-8,ZMYFCFLJBGAQRS-IAGOWNOFSA-N,0.7,1,0.7,MDL,Target_ECs_WANA_2018_v4.xlsx (Target_ECs_WANA_2018_v2)
Eprosartan,,133040-01-4,OROAFUQRIXKEMV-LDADJPATSA-N,0.5,2,0.5; 0.6,LOQ; MDL,MZQuant_FRAM_Stenungsund_2020_vRepository_vDRAFT.xlsx; Target_ECs_WANA_2018_v4.xlsx (Target_ECs_WANA_2018_v2)
epsilon-Caprolactam,,105-60-2,JBKVHLHDHHXQEQ-UHFFFAOYSA-N,0.5,2,0.5; 48.5,LOQ; MDL,MZQuant_FRAM_Stenungsund_2020_vRepository_vDRAFT.xlsx; Target_ECs_WANA_2018_v4.xlsx (Target_ECs_WANA_2018_v2)
Equilenin,,517-09-9,PDRGHUMCVRDZLQ-WMZOPIPTSA-N,0.5,1,0.5,MDL,Target_ECs_WANA_2018_v4.xlsx (Target_ECs_WANA_2018_v2)
Equilin,,474-86-2,WKRLQDKEXYKHJB-HFTRVMKXSA-N,0.5,2,0.5; 4.8,LOQ; MDL,MZQuant_FRAM_Stenungsund_2020_vRepository_vDRAFT.xlsx; Target_ECs_WANA_2018_v4.xlsx (Target_ECs_WANA_2018_v2)
Erucamide,,112-84-5,UAUDZVJPLUQNMU-KTKRTIGZSA-N,0.5,1,0.5,MDL,Target_ECs_WANA_2018_v4.xlsx (Target_ECs_WANA_2018_v2)
Erythromycin,,114-07-8,ULGZDMOVFRHVEP-RWJQBGPGSA-N,5.0,1,5.0,MDL,Target_ECs_WANA_2018_v4.xlsx (Target_ECs_WANA_2018_v2)
Esfenvalerate,,66230-04-4,NYPJDWWKZLNGGM-RPWUZVMVSA-N,127.5,1,127.5,MDL,Target_ECs_WANA_2018_v4.xlsx (Target_ECs_WANA_2018_v2)
Estriol,,50-27-1,PROQIPRRNZUXQM-ZXXIGWHRSA-N,0.5,1,0.5,MDL,Target_ECs_WANA_2018_v4.xlsx (Target_ECs_WANA_2018_v2)
Estrone,,53-16-7,DNXHEGUUPJUMQT-CBZIJGRNSA-N,0.5,1,0.5,MDL,Target_ECs_WANA_2018_v4.xlsx (Target_ECs_WANA_2018_v2)
Ethion,,563-12-2,RIZMRRKBZQXFOY-UHFFFAOYSA-N,1.0,2,1.0,MDL,FFM_Holtemme_LVSPE_final_released220411_V4.xlsx (cleaned_MDL-corrected); Target_ECs_WANA_2018_v4.xlsx (Target_ECs_WANA_2018_v2)
Ethofumesate,,26225-79-6,IRCMYGHHKLLGHV-UHFFFAOYSA-N,1.0,2,1.0,MDL,FFM_Holtemme_LVSPE_final_released220411_V4.xlsx (cleaned_MDL-corrected); Target_ECs_WANA_2018_v4.xlsx (Target_ECs_WANA_2018_v2)
Ethyl 4-(dimethylamino)benzoate,,10287-53-3,FZUGPQWGEGAKET-UHFFFAOYSA-N,0.7,2,0.7; 1.65,MDL,FFM_Holtemme_LVSPE_final_released220411_V4.xlsx (cleaned_MDL-corrected); Target_ECs_WANA_2018_v4.xlsx (Target_ECs_WANA_2018_v2)
Ethyl azinphos,,2642-71-9,RQVGAIADHNPSME-UHFFFAOYSA-N,1.0,2,1.0,MDL,FFM_Holtemme_LVSPE_final_released220411_V4.xlsx (cleaned_MDL-corrected); Target_ECs_WANA_2018_v4.xlsx (Target_ECs_WANA_2018_v2)
Ethylene glycol diphenylether,,104-66-5,XCSGHNKDXGYELG-UHFFFAOYSA-N,0.5,1,0.5,MDL,Target_ECs_WANA_2018_v4.xlsx (Target_ECs_WANA_2018_v2)
Ethylenethiourea,,96-45-7,PDQAZBWRQCGBEV-UHFFFAOYSA-N,0.5,1,0.5,MDL,Target_ECs_WANA_2018_v4.xlsx (Target_ECs_WANA_2018_v2)
Ethylparaben,,120-47-8,NUVBSKCKDOMJSU-UHFFFAOYSA-N,25.0,1,25.0,MDL,Target_ECs_WANA_2018_v4.xlsx (Target_ECs_WANA_2018_v2)
Etofenprox,,80844-07-1,YREQHYQNNWYQCJ-UHFFFAOYSA-N,0.5,2,0.5; 1.0,MDL,FFM_Holtemme_LVSPE_final_released220411_V4.xlsx (cleaned_MDL-corrected); Target_ECs_WANA_2018_v4.xlsx (Target_ECs_WANA_2018_v2)
Etoposide,,,VJJPUSNTGOMMGY-UHFFFAOYSA-N,20.0,1,20.0,MDL,FFM_Holtemme_LVSPE_final_released220411_V4.xlsx (cleaned_MDL-corrected)
Etoposide,,33419-42-0,VJJPUSNTGOMMGY-MRVIYFEKSA-N,0.5,1,0.5,MDL,Target_ECs_WANA_2018_v4.xlsx (Target_ECs_WANA_2018_v2)
Exemestane,,107868-30-4,BFYIZQONLCFLEV-DAELLWKTSA-N,1.0,1,1.0,MDL,Target_ECs_WANA_2018_v4.xlsx (Target_ECs_WANA_2018_v2)
Famoxadone,,131807-57-3,PCCSBWNGDMYFCW-UHFFFAOYSA-N,0.5,1,0.5,MDL,Target_ECs_WANA_2018_v4.xlsx (Target_ECs_WANA_2018_v2)
Fenofibrate,,49562-28-9,YMTINGFKWWXKFG-UHFFFAOYSA-N,5.0,2,5.0,MDL,FFM_Holtemme_LVSPE_final_released220411_V4.xlsx (cleaned_MDL-corrected); Target_ECs_WANA_2018_v4.xlsx (Target_ECs_WANA_2018_v2)
Fenoxycarb,,72490-01-8,HJUFTIJOISQSKQ-UHFFFAOYSA-N,2.0,2,2.0,MDL,FFM_Holtemme_LVSPE_final_released220411_V4.xlsx (cleaned_MDL-corrected); Target_ECs_WANA_2018_v4.xlsx (Target_ECs_WANA_2018_v2)
Fenpropidin,,67306-00-7,MGNFYQILYYYUBS-UHFFFAOYSA-N,1.0,2,1.0,MDL,FFM_Holtemme_LVSPE_final_released220411_V4.xlsx (cleaned_MDL-corrected); Target_ECs_WANA_2018_v4.xlsx (Target_ECs_WANA_2018_v2)
Fenpropimorph,,67564-91-4,RYAUSSKQMZRMAI-ALOPSCKCSA-N,1.0,3,1.0,MDL,FFM_Holtemme_LVSPE_final_released220411_V4.xlsx (cleaned_MDL-corrected); MZQuant_FRAM_Stenungsund_2020_vRepository_vDRAFT.xlsx; Target_ECs_WANA_2018_v4.xlsx (Target_ECs_WANA_2018_v2)
Fenpyroximate,,149054-53-5,YYJNOYZRYGDPNH-MFKUBSTISA-N,0.5,1,0.5,MDL,Target_ECs_WANA_2018_v4.xlsx (Target_ECs_WANA_2018_v2)
Fenthion,,55-38-9,PNVJTZOFSHSLTO-UHFFFAOYSA-N,5.0,2,5.0,MDL,FFM_Holtemme_LVSPE_final_released220411_V4.xlsx (cleaned_MDL-corrected); Target_ECs_WANA_2018_v4.xlsx (Target_ECs_WANA_2018_v2)
Fenuron,,101-42-8,XXOYNJXVWVNOOJ-UHFFFAOYSA-N,0.7,4,0.7,MDL,FFM_Holtemme_LVSPE_final_released220411_V4.xlsx (cleaned_MDL-corrected); FRAM_Stenungsund_biotest_Frankfurt_ESIpos_ESIneg_draft_mdl.csv; MZQuant_FRAM_Stenungsund_2020_vRepository_vDRAFT.xlsx; Target_ECs_WANA_2018_v4.xlsx (Target_ECs_WANA_2018_v2)
Finasteride,,98319-26-7,DBEPLOCGEIEOCV-WSBQPABSSA-N,1.0,2,1.0,MDL,FFM_Holtemme_LVSPE_final_released220411_V4.xlsx (cleaned_MDL-corrected); Target_ECs_WANA_2018_v4.xlsx (Target_ECs_WANA_2018_v2)
Fipronil,,120068-37-3,ZOCSXAVNDGMNBV-UHFFFAOYSA-N,0.5,3,0.5,MDL,FFM_Holtemme_LVSPE_final_released220411_V4.xlsx (cleaned_MDL-corrected); MZQuant_FRAM_Stenungsund_2020_vRepository_vDRAFT.xlsx; Target_ECs_WANA_2018_v4.xlsx (Target_ECs_WANA_2018_v2)
Fipronil desulfinyl,,205650-65-3,JWKXVHLIRTVXLD-UHFFFAOYSA-N,0.7,2,0.7,MDL,FFM_Holtemme_LVSPE_final_released220411_V4.xlsx (cleaned_MDL-corrected); Target_ECs_WANA_2018_v4.xlsx (Target_ECs_WANA_2018_v2)
Fipronil sulfide,,120067-83-6,FQXWEKADCSXYOC-UHFFFAOYSA-N,0.7,2,0.7,MDL,FFM_Holtemme_LVSPE_final_released220411_V4.xlsx (cleaned_MDL-corrected); Target_ECs_WANA_2018_v4.xlsx (Target_ECs_WANA_2018_v2)
Fipronil sulfone,,120068-36-2,LGHZJDKSVUTELU-UHFFFAOYSA-N,0.7,2,0.7,MDL,FFM_Holtemme_LVSPE_final_released220411_V4.xlsx (cleaned_MDL-corrected); Target_ECs_WANA_2018_v4.xlsx (Target_ECs_WANA_2018_v2)
Fluazinam,,79622-59-6,UZCGKGPEKUCDTF-UHFFFAOYSA-N,0.5,1,0.5,MDL,Target_ECs_WANA_2018_v4.xlsx (Target_ECs_WANA_2018_v2)
Fluconazole,,86386-73-4,RFHAOTPXVQNOHP-UHFFFAOYSA-N,2.0,4,2.0; 12.2,MDL,FFM_Holtemme_LVSPE_final_released220411_V4.xlsx (cleaned_MDL-corrected); FRAM_Stenungsund_biotest_Frankfurt_ESIpos_ESIneg_draft_mdl.csv; MZQuant_FRAM_Stenungsund_2020_vRepository_vDRAFT.xlsx; Target_ECs_WANA_2018_v4.xlsx (Target_ECs_WANA_2018_v2)
Fludrocortisone-21-acetate,,514-36-3,SYWHXTATXSMDSB-GSLJADNHSA-N,0.5,1,0.5,MDL,Target_ECs_WANA_2018_v4.xlsx (Target_ECs_WANA_2018_v2)
Flufenacet,,142459-58-3,IANUJLZYFUDJIH-UHFFFAOYSA-N,1.0,4,1.0,MDL,FFM_Holtemme_LVSPE_final_released220411_V4.xlsx (cleaned_MDL-corrected); FRAM_Stenungsund_biotest_Frankfurt_ESIpos_ESIneg_draft_mdl.csv; MZQuant_FRAM_Stenungsund_2020_vRepository_vDRAFT.xlsx; Target_ECs_WANA_2018_v4.xlsx (Target_ECs_WANA_2018_v2)
Flufenoxuron,,101463-69-8,RYLHNOVXKPXDIP-UHFFFAOYSA-N,1.0,2,1.0; 5.0,MDL,FFM_Holtemme_LVSPE_final_released220411_V4.xlsx (cleaned_MDL-corrected); Target_ECs_WANA_2018_v4.xlsx (Target_ECs_WANA_2018_v2)
Flumequine,,42835-25-6,DPSPPJIUMHPXMA-UHFFFAOYSA-N,10.0,2,10.0,MDL,FFM_Holtemme_LVSPE_final_released220411_V4.xlsx (cleaned_MDL-corrected); Target_ECs_WANA_2018_v4.xlsx (Target_ECs_WANA_2018_v2)
Flumethasone,,2135-17-3,WXURHACBFYSXBI-GQKYHHCASA-N,0.5,1,0.5,MDL,Target_ECs_WANA_2018_v4.xlsx (Target_ECs_WANA_2018_v2)
Flumioxazin,,103361-09-7,FOUWCSDKDDHKQP-UHFFFAOYSA-N,0.5,2,0.5; 50.0,MDL,FFM_Holtemme_LVSPE_final_released220411_V4.xlsx (cleaned_MDL-corrected); Target_ECs_WANA_2018_v4.xlsx (Target_ECs_WANA_2018_v2)
Flunisolide,,3385-03-3,XSFJVAJPIHIPKU-XWCQMRHXSA-N,0.1,3,0.1; 0.5; 100.0,LOQ; MDL,FRAM_Stenungsund_biotest_Frankfurt_ESIpos_ESIneg_draft_mdl.csv; MZQuant_FRAM_Stenungsund_2020_vRepository_vDRAFT.xlsx; Target_ECs_WANA_2018_v4.xlsx (Target_ECs_WANA_2018_v2)
Fluocinolone acetonide,,67-73-2,FEBLZLNTKCEFIT-VSXGLTOVSA-N,0.5,1,0.5,MDL,Target_ECs_WANA_2018_v4.xlsx (Target_ECs_WANA_2018_v2)
Fluoranthene,,206-44-0,GVEPBJHOBDJJJI-UHFFFAOYSA-N,17.29375775356691,1,17.29375775356691,MDL,Target_ECs_WANA_2018_v4.xlsx (Target_ECs_WANA_2018_v2)
Fluorene,,86-73-7,NIHNNTQXNPWCJQ-UHFFFAOYSA-N,33.789915104874304,1,33.789915104874304,MDL,Target_ECs_WANA_2018_v4.xlsx (Target_ECs_WANA_2018_v2)
Fluorometholone,,426-13-1,FAOZLTXFLGPHNG-KNAQIMQKSA-N,0.1,2,0.1; 0.5,LOQ; MDL,MZQuant_FRAM_Stenungsund_2020_vRepository_vDRAFT.xlsx; Target_ECs_WANA_2018_v4.xlsx (Target_ECs_WANA_2018_v2)
Fluoxastrobin,,361377-29-9,UFEODZBUAFNAEU-NLRVBDNBSA-N,1.0,2,1.0,MDL,FFM_Holtemme_LVSPE_final_released220411_V4.xlsx (cleaned_MDL-corrected); Target_ECs_WANA_2018_v4.xlsx (Target_ECs_WANA_2018_v2)
Fluoxetine,,54910-89-3,RTHCYVBBDHJXIQ-UHFFFAOYSA-N,0.5,1,0.5,MDL,Target_ECs_WANA_2018_v4.xlsx (Target_ECs_WANA_2018_v2)
Flupentixol,,53772-82-0,NJMYODHXAKYRHW-DVZOWYKESA-N,0.5,1,0.5,MDL,Target_ECs_WANA_2018_v4.xlsx (Target_ECs_WANA_2018_v2)
Flupyrsulfuron-methyl,,144740-53-4,DTVOKYWXACGVGO-UHFFFAOYSA-N,0.5,1,0.5,MDL,Target_ECs_WANA_2018_v4.xlsx (Target_ECs_WANA_2018_v2)
Flurtamone,,96525-23-4,NYRMIJKDBAQCHC-UHFFFAOYSA-N,1.0,2,1.0,MDL,FFM_Holtemme_LVSPE_final_released220411_V4.xlsx (cleaned_MDL-corrected); Target_ECs_WANA_2018_v4.xlsx (Target_ECs_WANA_2018_v2)
Flusilazole,,85509-19-9,FQKUGOMFVDPBIZ-UHFFFAOYSA-N,1.0,3,1.0,MDL,FFM_Holtemme_LVSPE_final_released220411_V4.xlsx (cleaned_MDL-corrected); FRAM_Stenungsund_biotest_Frankfurt_ESIpos_ESIneg_draft_mdl.csv; Target_ECs_WANA_2018_v4.xlsx (Target_ECs_WANA_2018_v2)
Flutamide,,13311-84-7,MKXKFYHWDHIYRV-UHFFFAOYSA-N,1.0,2,1.0,MDL,FFM_Holtemme_LVSPE_final_released220411_V4.xlsx (cleaned_MDL-corrected); Target_ECs_WANA_2018_v4.xlsx (Target_ECs_WANA_2018_v2)
Fluticasone propionate,,80474-14-2,WMWTYOKRWGGJOA-CENSZEJFSA-N,0.1,2,0.1; 0.5,LOQ; MDL,MZQuant_FRAM_Stenungsund_2020_vRepository_vDRAFT.xlsx; Target_ECs_WANA_2018_v4.xlsx (Target_ECs_WANA_2018_v2)
Fluvalinate,,69409-94-5,INISTDXBRIBGOC-UHFFFAOYSA-N,250.0,1,250.0,MDL,Target_ECs_WANA_2018_v4.xlsx (Target_ECs_WANA_2018_v2)
Fluvoxamine,,54739-18-3,CJOFXWAVKWHTFT-UHFFFAOYSA-N,2.0,3,2.0,MDL,FFM_Holtemme_LVSPE_final_released220411_V4.xlsx (cleaned_MDL-corrected); FRAM_Stenungsund_biotest_Frankfurt_ESIpos_ESIneg_draft_mdl.csv; MZQuant_FRAM_Stenungsund_2020_vRepository_vDRAFT.xlsx
Fluvoxamine,,54739-18-3,CJOFXWAVKWHTFT-XSFVSMFZSA-N,2.0,1,2.0,MDL,Target_ECs_WANA_2018_v4.xlsx (Target_ECs_WANA_2018_v2)
Foramsulfuron,,173159-57-4,PXDNXJSDGQBLKS-UHFFFAOYSA-N,0.5,1,0.5,MDL,Target_ECs_WANA_2018_v4.xlsx (Target_ECs_WANA_2018_v2)
Formetanate,,22259-30-9,RMFNNCGOSPBBAD-UHFFFAOYSA-N,0.5,2,0.5,LOQ; MDL,MZQuant_FRAM_Stenungsund_2020_vRepository_vDRAFT.xlsx; Target_ECs_WANA_2018_v4.xlsx (Target_ECs_WANA_2018_v2)
Furosemide,,54-31-9,ZZUFCTLCJUWOSV-UHFFFAOYSA-N,1.0,4,1.0; 2.0,MDL,FFM_Holtemme_LVSPE_final_released220411_V4.xlsx (cleaned_MDL-corrected); FRAM_Stenungsund_biotest_Frankfurt_ESIpos_ESIneg_draft_mdl.csv; MZQuant_FRAM_Stenungsund_2020_vRepository_vDRAFT.xlsx; Target_ECs_WANA_2018_v4.xlsx (Target_ECs_WANA_2018_v2)
Gabapentin,,60142-96-3,UGJMXCAKCUNAIE-UHFFFAOYSA-N,20.0,3,20.0,MDL,FRAM_Stenungsund_biotest_Frankfurt_ESIpos_ESIneg_draft_mdl.csv; MZQuant_FRAM_Stenungsund_2020_vRepository_vDRAFT.xlsx; Target_ECs_WANA_2018_v4.xlsx (Target_ECs_WANA_2018_v2)
Gabapentin-Lactam,,64744-50-9,JAWPQJDOQPSNIQ-UHFFFAOYSA-N,0.1,4,0.1; 0.5; 5.0,LOQ; MDL,FFM_Holtemme_LVSPE_final_released220411_V4.xlsx (cleaned_MDL-corrected); FRAM_Stenungsund_biotest_Frankfurt_ESIpos_ESIneg_draft_mdl.csv; MZQuant_FRAM_Stenungsund_2020_vRepository_vDRAFT.xlsx; Target_ECs_WANA_2018_v4.xlsx (Target_ECs_WANA_2018_v2)
Galaxolide,,1222-05-5,ONKNPOPIGWHAQC-UHFFFAOYSA-N,0.5,1,0.5,MDL,Target_ECs_WANA_2018_v4.xlsx (Target_ECs_WANA_2018_v2)
Gemfibrozil,,25812-30-0,HEMJJKBWTPKOJG-UHFFFAOYSA-N,50.0,2,50.0,MDL,MZQuant_FRAM_Stenungsund_2020_vRepository_vDRAFT.xlsx; Target_ECs_WANA_2018_v4.xlsx (Target_ECs_WANA_2018_v2)
Genistein,,446-72-0,TZBJGXHYKVUXJN-UHFFFAOYSA-N,1.0,3,1.0,MDL,FFM_Holtemme_LVSPE_final_released220411_V4.xlsx (cleaned_MDL-corrected); MZQuant_FRAM_Stenungsund_2020_vRepository_vDRAFT.xlsx; Target_ECs_WANA_2018_v4.xlsx (Target_ECs_WANA_2018_v2)
Gestoden,,60282-87-3,SIGSPDASOTUPFS-XUDSTZEESA-N,1.0,1,1.0,MDL,Target_ECs_WANA_2018_v4.xlsx (Target_ECs_WANA_2018_v2)
Glibenclamide,,10238-21-8,ZNNLBTZKUZBEKO-UHFFFAOYSA-N,2.0,2,2.0,MDL,FFM_Holtemme_LVSPE_final_released220411_V4.xlsx (cleaned_MDL-corrected); Target_ECs_WANA_2018_v4.xlsx (Target_ECs_WANA_2018_v2)
Glimepiride,,93479-97-1,WIGIZIANZCJQQY-UHFFFAOYSA-N,1.0,3,1.0,MDL,FFM_Holtemme_LVSPE_final_released220411_V4.xlsx (cleaned_MDL-corrected); MZQuant_FRAM_Stenungsund_2020_vRepository_vDRAFT.xlsx; Target_ECs_WANA_2018_v4.xlsx (Target_ECs_WANA_2018_v2)
Guanylurea,,141-83-3,SQSPRWMERUQXNE-UHFFFAOYSA-N,0.5,1,0.5,MDL,Target_ECs_WANA_2018_v4.xlsx (Target_ECs_WANA_2018_v2)
Habanolide,,34902-57-3,KHLFMZDGADSQGR-ACCUITESSA-N,0.5,1,0.5,MDL,Target_ECs_WANA_2018_v4.xlsx (Target_ECs_WANA_2018_v2)
Haloxyfop,,69806-34-4,GOCUAJYOYBLQRH-UHFFFAOYSA-N,0.5,1,0.5,MDL,Target_ECs_WANA_2018_v4.xlsx (Target_ECs_WANA_2018_v2)
Harman,,486-84-0,PSFDQSOCUJVVGF-UHFFFAOYSA-N,0.1,4,0.1; 0.5; 1.0,LOQ; MDL,FFM_Holtemme_LVSPE_final_released220411_V4.xlsx (cleaned_MDL-corrected); FRAM_Stenungsund_biotest_Frankfurt_ESIpos_ESIneg_draft_mdl.csv; MZQuant_FRAM_Stenungsund_2020_vRepository_vDRAFT.xlsx; Target_ECs_WANA_2018_v4.xlsx (Target_ECs_WANA_2018_v2)
Harmine,,442-51-3,BXNJHAXVSOCGBA-UHFFFAOYSA-N,0.1,3,0.1; 0.5,LOQ; MDL,FFM_Holtemme_LVSPE_final_released220411_V4.xlsx (cleaned_MDL-corrected); MZQuant_FRAM_Stenungsund_2020_vRepository_vDRAFT.xlsx; Target_ECs_WANA_2018_v4.xlsx (Target_ECs_WANA_2018_v2)
Heptachlor,,76-44-8,FRCCEHPWNOQAEU-UHFFFAOYSA-N,30.51208014178473,1,30.51208014178473,MDL,Target_ECs_WANA_2018_v4.xlsx (Target_ECs_WANA_2018_v2)
Hexa(methoxymethyl)melamine,,3089-11-0,BNCADMBVWNPPIZ-UHFFFAOYSA-N,1.0,3,1.0,MDL,FFM_Holtemme_LVSPE_final_released220411_V4.xlsx (cleaned_MDL-corrected); MZQuant_FRAM_Stenungsund_2020_vRepository_vDRAFT.xlsx; Target_ECs_WANA_2018_v4.xlsx (Target_ECs_WANA_2018_v2)
Hexabromobenzene,,87-82-1,CAYGQBVSOZLICD-UHFFFAOYSA-N,29.49944812540119,1,29.49944812540119,MDL,Target_ECs_WANA_2018_v4.xlsx (Target_ECs_WANA_2018_v2)
Hexachlorobenzene,,118-74-1,CKAPSXZOOQJIBF-UHFFFAOYSA-N,5.895268338587043,1,5.895268338587043,MDL,Target_ECs_WANA_2018_v4.xlsx (Target_ECs_WANA_2018_v2)
Hexachlorobutadiene,,87-68-3,RWNKSTSCBHKHTB-UHFFFAOYSA-N,50.0,1,50.0,MDL,Target_ECs_WANA_2018_v4.xlsx (Target_ECs_WANA_2018_v2)
Hexachlorocyclopentadiene,,77-47-4,VUNCWTMEJYMOOR-UHFFFAOYSA-N,500.0,1,500.0,MDL,Target_ECs_WANA_2018_v4.xlsx (Target_ECs_WANA_2018_v2)
Hexachloroethane,,67-72-1,VHHHONWQHHHLTI-UHFFFAOYSA-N,175.21488637315974,1,175.21488637315974,MDL,Target_ECs_WANA_2018_v4.xlsx (Target_ECs_WANA_2018_v2)
Hexachloropropene,,1888-71-7,VFDYKPARTDCDCU-UHFFFAOYSA-N,196.52997369225767,1,196.52997369225767,MDL,Target_ECs_WANA_2018_v4.xlsx (Target_ECs_WANA_2018_v2)
Hexadecylpyridinium,,7773-52-6,NEUSVAOJNUQRTM-UHFFFAOYSA-N,10.0,2,10.0; 17.5,MDL,FFM_Holtemme_LVSPE_final_released220411_V4.xlsx (cleaned_MDL-corrected); Target_ECs_WANA_2018_v4.xlsx (Target_ECs_WANA_2018_v2)
Hexadecyltrimethylammonium,,6899-10-1,RLGQACBPNDBWTB-UHFFFAOYSA-N,1.0,2,1.0; 10.0,MDL,FFM_Holtemme_LVSPE_final_released220411_V4.xlsx (cleaned_MDL-corrected); Target_ECs_WANA_2018_v4.xlsx (Target_ECs_WANA_2018_v2)
Hexamethylenediamine,,124-09-4,NAQMVNRVTILPCV-UHFFFAOYSA-N,0.5,1,0.5,MDL,Target_ECs_WANA_2018_v4.xlsx (Target_ECs_WANA_2018_v2)
Hexazinone,,51235-04-2,CAWXEEYDBZRFPE-UHFFFAOYSA-N,0.5,2,0.5; 1.0,MDL,FFM_Holtemme_LVSPE_final_released220411_V4.xlsx (cleaned_MDL-corrected); Target_ECs_WANA_2018_v4.xlsx (Target_ECs_WANA_2018_v2)
Homosalate,,118-56-9,WSSJONWNBBTCMG-UHFFFAOYSA-N,0.5,1,0.5,MDL,Target_ECs_WANA_2018_v4.xlsx (Target_ECs_WANA_2018_v2)
Hydrochlorothiazide,,58-93-5,JZUFKLXOESDKRF-UHFFFAOYSA-N,1.0,3,1.0,MDL,FFM_Holtemme_LVSPE_final_released220411_V4.xlsx (cleaned_MDL-corrected); MZQuant_FRAM_Stenungsund_2020_vRepository_vDRAFT.xlsx; Target_ECs_WANA_2018_v4.xlsx (Target_ECs_WANA_2018_v2)
Hydrocortisonacetate,,50-03-3,ALEXXDVDDISNDU-JZYPGELDSA-N,10.0,1,10.0,MDL,Target_ECs_WANA_2018_v4.xlsx (Target_ECs_WANA_2018_v2)
Hydrocortisone,,50-23-7,JYGXADMDTFJGBT-VWUMJDOOSA-N,2.5,1,2.5,MDL,Target_ECs_WANA_2018_v4.xlsx (Target_ECs_WANA_2018_v2)
Hydroxychloroquine,,118-42-3,XXSMGPRMXLTPCZ-UHFFFAOYSA-N,10.0,1,10.0,MDL,Target_ECs_WANA_2018_v4.xlsx (Target_ECs_WANA_2018_v2)
Ibuprofen,,15687-27-1,HEFNNWSXXWATRW-UHFFFAOYSA-N,0.5,1,0.5,MDL,Target_ECs_WANA_2018_v4.xlsx (Target_ECs_WANA_2018_v2)
Icaridin,,119515-38-7,QLHULAHOXSSASE-UHFFFAOYSA-N,1.0,3,1.0; 1.5,MDL,FFM_Holtemme_LVSPE_final_released220411_V4.xlsx (cleaned_MDL-corrected); FRAM_Stenungsund_biotest_Frankfurt_ESIpos_ESIneg_draft_mdl.csv; Target_ECs_WANA_2018_v4.xlsx (Target_ECs_WANA_2018_v2)
Ifosfamide,,3778-73-2,HOMGKSMUEGBAAB-UHFFFAOYSA-N,1.0,2,1.0,MDL,FFM_Holtemme_LVSPE_final_released220411_V4.xlsx (cleaned_MDL-corrected); Target_ECs_WANA_2018_v4.xlsx (Target_ECs_WANA_2018_v2)
Imatinib,,152459-95-5,KTUFNOKKBVMGRW-UHFFFAOYSA-N,20.0,1,20.0,MDL,Target_ECs_WANA_2018_v4.xlsx (Target_ECs_WANA_2018_v2)
Imazalil,,35554-44-0,PZBPKYOVPCNPJY-UHFFFAOYSA-N,1.0,4,1.0,MDL,FFM_Holtemme_LVSPE_final_released220411_V4.xlsx (cleaned_MDL-corrected); FRAM_Stenungsund_biotest_Frankfurt_ESIpos_ESIneg_draft_mdl.csv; MZQuant_FRAM_Stenungsund_2020_vRepository_vDRAFT.xlsx; Target_ECs_WANA_2018_v4.xlsx (Target_ECs_WANA_2018_v2)
Imazapyr,,81334-34-1,CLQMBPJKHLGMQK-UHFFFAOYSA-N,0.1,3,0.1; 0.5; 1.0,LOQ; MDL,FFM_Holtemme_LVSPE_final_released220411_V4.xlsx (cleaned_MDL-corrected); MZQuant_FRAM_Stenungsund_2020_vRepository_vDRAFT.xlsx; Target_ECs_WANA_2018_v4.xlsx (Target_ECs_WANA_2018_v2)
Imidacloprid,,138261-41-3,YWTYJOPNNQFBPC-UHFFFAOYSA-N,0.75,4,0.75; 1.0,MDL,FFM_Holtemme_LVSPE_final_released220411_V4.xlsx (cleaned_MDL-corrected); FRAM_Stenungsund_biotest_Frankfurt_ESIpos_ESIneg_draft_mdl.csv; MZQuant_FRAM_Stenungsund_2020_vRepository_vDRAFT.xlsx; Target_ECs_WANA_2018_v4.xlsx (Target_ECs_WANA_2018_v2)
Imidacloprid-guanidine,,115970-17-7,UEQZFAGVRGWPDK-UHFFFAOYSA-N,1.0,2,1.0,MDL,FFM_Holtemme_LVSPE_final_released220411_V4.xlsx (cleaned_MDL-corrected); Target_ECs_WANA_2018_v4.xlsx (Target_ECs_WANA_2018_v2)
Imidacloprid-urea,,120868-66-8,ADWTYURAFSWNSU-UHFFFAOYSA-N,1.0,2,1.0,MDL,FFM_Holtemme_LVSPE_final_released220411_V4.xlsx (cleaned_MDL-corrected); Target_ECs_WANA_2018_v4.xlsx (Target_ECs_WANA_2018_v2)
Iminostilbene,,256-96-2,LCGTWRLJTMHIQZ-UHFFFAOYSA-N,0.7,3,0.7,MDL,FFM_Holtemme_LVSPE_final_released220411_V4.xlsx (cleaned_MDL-corrected); MZQuant_FRAM_Stenungsund_2020_vRepository_vDRAFT.xlsx; Target_ECs_WANA_2018_v4.xlsx (Target_ECs_WANA_2018_v2)
"Indeno[1,2,3-cd]pyrene",,193-39-5,SXQBHARYMNFBPS-UHFFFAOYSA-N,88.64820516047878,1,88.64820516047878,MDL,Target_ECs_WANA_2018_v4.xlsx (Target_ECs_WANA_2018_v2)
Indole-3-acetic acid,,87-51-4,SEOVTRFCIGRIMH-UHFFFAOYSA-N,0.5,1,0.5,MDL,Target_ECs_WANA_2018_v4.xlsx (Target_ECs_WANA_2018_v2)
Indole-3-acrylic acid,,29953-71-7,JUFCFYAQXLCTSV-UHFFFAOYSA-N,0.5,1,0.5,MDL,Target_ECs_WANA_2018_v4.xlsx (Target_ECs_WANA_2018_v2)
Indometacin,,53-86-1,CGIGDMFJXJATDK-UHFFFAOYSA-N,2.0,3,2.0,MDL,FFM_Holtemme_LVSPE_final_released220411_V4.xlsx (cleaned_MDL-corrected); MZQuant_FRAM_Stenungsund_2020_vRepository_vDRAFT.xlsx; Target_ECs_WANA_2018_v4.xlsx (Target_ECs_WANA_2018_v2)
Indoxacarb,,173584-44-6,VBCVPMMZEGZULK-NRFANRHFSA-N,0.5,2,0.5; 2.0,MDL,FFM_Holtemme_LVSPE_final_released220411_V4.xlsx (cleaned_MDL-corrected); Target_ECs_WANA_2018_v4.xlsx (Target_ECs_WANA_2018_v2)
Iohexol,,66108-95-0,NTHXOOBQLCIOLC-UHFFFAOYSA-N,0.5,1,0.5,MDL,Target_ECs_WANA_2018_v4.xlsx (Target_ECs_WANA_2018_v2)
Iopamidol,,60166-93-0,XQZXYNRDCRIARQ-LURJTMIESA-N,0.5,1,0.5,MDL,Target_ECs_WANA_2018_v4.xlsx (Target_ECs_WANA_2018_v2)
Irgarol,,28159-98-0,HDHLIWCXDDZUFH-UHFFFAOYSA-N,0.65,4,0.65; 1.0,MDL,FFM_Holtemme_LVSPE_final_released220411_V4.xlsx (cleaned_MDL-corrected); FRAM_Stenungsund_biotest_Frankfurt_ESIpos_ESIneg_draft_mdl.csv; MZQuant_FRAM_Stenungsund_2020_vRepository_vDRAFT.xlsx; Target_ECs_WANA_2018_v4.xlsx (Target_ECs_WANA_2018_v2)
ISO E Super,,54464-57-2,FVUGZKDGWGKCFE-UHFFFAOYSA-N,50.0,2,50.0; 400.0,MDL,FFM_Holtemme_LVSPE_final_released220411_V4.xlsx (cleaned_MDL-corrected); Target_ECs_WANA_2018_v4.xlsx (Target_ECs_WANA_2018_v2)
Isophorone,,78-59-1,HJOVHMDZYOCNQW-UHFFFAOYSA-N,0.1,2,0.1; 0.5,LOQ; MDL,MZQuant_FRAM_Stenungsund_2020_vRepository_vDRAFT.xlsx; Target_ECs_WANA_2018_v4.xlsx (Target_ECs_WANA_2018_v2)
Isophorone diamine,,2855-13-2,RNLHGQLZWXBQNY-UHFFFAOYSA-N,20.0,3,20.0; 45.0,MDL,FFM_Holtemme_LVSPE_final_released220411_V4.xlsx (cleaned_MDL-corrected); MZQuant_FRAM_Stenungsund_2020_vRepository_vDRAFT.xlsx; Target_ECs_WANA_2018_v4.xlsx (Target_ECs_WANA_2018_v2)
Isophthalic acid,,121-91-5,QQVIHTHCMHWDBS-UHFFFAOYSA-N,0.5,1,0.5,MDL,Target_ECs_WANA_2018_v4.xlsx (Target_ECs_WANA_2018_v2)
Isoproturon,,34123-59-6,PUIYMUZLKQOUOZ-UHFFFAOYSA-N,0.5,4,0.5,MDL,FFM_Holtemme_LVSPE_final_released220411_V4.xlsx (cleaned_MDL-corrected); FRAM_Stenungsund_biotest_Frankfurt_ESIpos_ESIneg_draft_mdl.csv; MZQuant_FRAM_Stenungsund_2020_vRepository_vDRAFT.xlsx; Target_ECs_WANA_2018_v4.xlsx (Target_ECs_WANA_2018_v2)
Isopyrazam,,881685-58-1,XTDZGXBTXBEZDN-UHFFFAOYSA-N,0.5,1,0.5,MDL,Target_ECs_WANA_2018_v4.xlsx (Target_ECs_WANA_2018_v2)
Isoxaben,,82558-50-7,PMHURSZHKKJGBM-UHFFFAOYSA-N,0.3,2,0.3; 0.5,MDL,FFM_Holtemme_LVSPE_final_released220411_V4.xlsx (cleaned_MDL-corrected); Target_ECs_WANA_2018_v4.xlsx (Target_ECs_WANA_2018_v2)
Isoxaflutole,,141112-29-0,OYIKARCXOQLFHF-UHFFFAOYSA-N,0.5,1,0.5,MDL,Target_ECs_WANA_2018_v4.xlsx (Target_ECs_WANA_2018_v2)
Ivermectin B1a,,71827-03-7,AZSNMRSAGSSBNP-XPNPUAGNSA-N,0.5,3,0.5; 10.0,LOQ; MDL,FFM_Holtemme_LVSPE_final_released220411_V4.xlsx (cleaned_MDL-corrected); MZQuant_FRAM_Stenungsund_2020_vRepository_vDRAFT.xlsx; Target_ECs_WANA_2018_v4.xlsx (Target_ECs_WANA_2018_v2)
Ketamine,,6740-88-1,YQEZLKZALYSWHR-UHFFFAOYSA-N,5.0,4,5.0,MDL,FFM_Holtemme_LVSPE_final_released220411_V4.xlsx (cleaned_MDL-corrected); FRAM_Stenungsund_biotest_Frankfurt_ESIpos_ESIneg_draft_mdl.csv; MZQuant_FRAM_Stenungsund_2020_vRepository_vDRAFT.xlsx; Target_ECs_WANA_2018_v4.xlsx (Target_ECs_WANA_2018_v2)
Ketoconazole,,65277-42-1,XMAYWYJOQHXEEK-OZXSUGGESA-N,10.0,3,10.0,MDL,FFM_Holtemme_LVSPE_final_released220411_V4.xlsx (cleaned_MDL-corrected); MZQuant_FRAM_Stenungsund_2020_vRepository_vDRAFT.xlsx; Target_ECs_WANA_2018_v4.xlsx (Target_ECs_WANA_2018_v2)
Ketoprofen,,22071-15-4,DKYWVDODHFEZIM-UHFFFAOYSA-N,1.0,3,1.0,MDL,FFM_Holtemme_LVSPE_final_released220411_V4.xlsx (cleaned_MDL-corrected); MZQuant_FRAM_Stenungsund_2020_vRepository_vDRAFT.xlsx; Target_ECs_WANA_2018_v4.xlsx (Target_ECs_WANA_2018_v2)
Kresoxim-methyl,,143390-89-0,ZOTBXTZVPHCKPN-ZPHPHTNESA-N,0.1,2,0.1; 0.5,LOQ; MDL,FFM_Holtemme_LVSPE_final_released220411_V4.xlsx (cleaned_MDL-corrected); MZQuant_FRAM_Stenungsund_2020_vRepository_vDRAFT.xlsx
Kresoxim-methyl,,143390-89-0,ZOTBXTZVPHCKPN-HTXNQAPBSA-N,0.5,1,0.5,MDL,Target_ECs_WANA_2018_v4.xlsx (Target_ECs_WANA_2018_v2)
L-Thyroxine,,51-48-9,XUIIKFGFIJCVMT-LBPRGKRZSA-N,15.0,2,15.0; 20.0,MDL,FFM_Holtemme_LVSPE_final_released220411_V4.xlsx (cleaned_MDL-corrected); Target_ECs_WANA_2018_v4.xlsx (Target_ECs_WANA_2018_v2)
Labetalol,,36894-69-6,SGUAFYQXFOLMHL-UHFFFAOYSA-N,0.1,4,0.1; 0.5; 2.0; 110.0,LOQ; MDL,FFM_Holtemme_LVSPE_final_released220411_V4.xlsx (cleaned_MDL-corrected); FRAM_Stenungsund_biotest_Frankfurt_ESIpos_ESIneg_draft_mdl.csv; MZQuant_FRAM_Stenungsund_2020_vRepository_vDRAFT.xlsx; Target_ECs_WANA_2018_v4.xlsx (Target_ECs_WANA_2018_v2)
Lamotrigine,,84057-84-1,PYZRQGJRPPTADH-UHFFFAOYSA-N,0.1,4,0.1; 0.4; 0.5; 200.0,LOQ; MDL,FFM_Holtemme_LVSPE_final_released220411_V4.xlsx (cleaned_MDL-corrected); FRAM_Stenungsund_biotest_Frankfurt_ESIpos_ESIneg_draft_mdl.csv; MZQuant_FRAM_Stenungsund_2020_vRepository_vDRAFT.xlsx; Target_ECs_WANA_2018_v4.xlsx (Target_ECs_WANA_2018_v2)
Lapatinib,,231277-92-2,BCFGMOOMADDAQU-UHFFFAOYSA-N,0.5,1,0.5,MDL,Target_ECs_WANA_2018_v4.xlsx (Target_ECs_WANA_2018_v2)
Lauramidopropylbetaine,,4292-10-8,MRUAUOIMASANKQ-UHFFFAOYSA-O,0.1,2,0.1; 100.0,LOQ; MDL,FFM_Holtemme_LVSPE_final_released220411_V4.xlsx (cleaned_MDL-corrected); MZQuant_FRAM_Stenungsund_2020_vRepository_vDRAFT.xlsx
Lauramidopropylbetaine,,4292-10-8,MRUAUOIMASANKQ-UHFFFAOYSA-N,0.5,1,0.5,MDL,Target_ECs_WANA_2018_v4.xlsx (Target_ECs_WANA_2018_v2)
Lauric isopropanolamide,,142-54-1,MMBILEWCGWTAOV-UHFFFAOYSA-N,1.0,3,1.0,MDL,FFM_Holtemme_LVSPE_final_released220411_V4.xlsx (cleaned_MDL-corrected); FRAM_Stenungsund_biotest_Frankfurt_ESIpos_ESIneg_draft_mdl.csv; Target_ECs_WANA_2018_v4.xlsx (Target_ECs_WANA_2018_v2)
Lauryl diethanolamide,,120-40-1,AOMUHOFOVNGZAN-UHFFFAOYSA-N,4.0,2,4.0; 5.0,MDL,FFM_Holtemme_LVSPE_final_released220411_V4.xlsx (cleaned_MDL-corrected); Target_ECs_WANA_2018_v4.xlsx (Target_ECs_WANA_2018_v2)
Lenacil,,2164-08-1,ZTMKADLOSYKWCA-UHFFFAOYSA-N,1.0,3,1.0,MDL,FFM_Holtemme_LVSPE_final_released220411_V4.xlsx (cleaned_MDL-corrected); MZQuant_FRAM_Stenungsund_2020_vRepository_vDRAFT.xlsx; Target_ECs_WANA_2018_v4.xlsx (Target_ECs_WANA_2018_v2)
Lidocaine,,137-58-6,NNJVILVZKWQKPM-UHFFFAOYSA-N,2.0,4,2.0; 5.0,MDL,FFM_Holtemme_LVSPE_final_released220411_V4.xlsx (cleaned_MDL-corrected); FRAM_Stenungsund_biotest_Frankfurt_ESIpos_ESIneg_draft_mdl.csv; MZQuant_FRAM_Stenungsund_2020_vRepository_vDRAFT.xlsx; Target_ECs_WANA_2018_v4.xlsx (Target_ECs_WANA_2018_v2)
Lincomycin,,154-21-2,OJMMVQQUTAEWLP-KIDUDLJLSA-N,8.5,2,8.5; 10.0,MDL,FFM_Holtemme_LVSPE_final_released220411_V4.xlsx (cleaned_MDL-corrected); Target_ECs_WANA_2018_v4.xlsx (Target_ECs_WANA_2018_v2)
Linuron,,330-55-2,XKJMBINCVNINCA-UHFFFAOYSA-N,2.0,2,2.0,MDL,FFM_Holtemme_LVSPE_final_released220411_V4.xlsx (cleaned_MDL-corrected); Target_ECs_WANA_2018_v4.xlsx (Target_ECs_WANA_2018_v2)
Loperamide,,53179-11-6,RDOIQAHITMMDAJ-UHFFFAOYSA-N,1.0,3,1.0,MDL,FFM_Holtemme_LVSPE_final_released220411_V4.xlsx (cleaned_MDL-corrected); FRAM_Stenungsund_biotest_Frankfurt_ESIpos_ESIneg_draft_mdl.csv; Target_ECs_WANA_2018_v4.xlsx (Target_ECs_WANA_2018_v2)
Lorazepam,,846-49-1,DIWRORZWFLOCLC-UHFFFAOYSA-N,2.0,2,2.0,MDL,FFM_Holtemme_LVSPE_final_released220411_V4.xlsx (cleaned_MDL-corrected); Target_ECs_WANA_2018_v4.xlsx (Target_ECs_WANA_2018_v2)
Losartan,,114798-26-4,PSIFNNKUMBGKDQ-UHFFFAOYSA-N,2.0,4,2.0; 2.2,MDL,FFM_Holtemme_LVSPE_final_released220411_V4.xlsx (cleaned_MDL-corrected); FRAM_Stenungsund_biotest_Frankfurt_ESIpos_ESIneg_draft_mdl.csv; MZQuant_FRAM_Stenungsund_2020_vRepository_vDRAFT.xlsx; Target_ECs_WANA_2018_v4.xlsx (Target_ECs_WANA_2018_v2)
Losartan Carboxylic acid,,124750-92-1,ZEUXAIYYDDCIRX-UHFFFAOYSA-N,0.2,2,0.2; 0.5,LOQ; MDL,MZQuant_FRAM_Stenungsund_2020_vRepository_vDRAFT.xlsx; Target_ECs_WANA_2018_v4.xlsx (Target_ECs_WANA_2018_v2)
m-Terphenyl,,92-06-8,YJTKZCDBKVTVBY-UHFFFAOYSA-N,20.37220670262933,1,20.37220670262933,MDL,Target_ECs_WANA_2018_v4.xlsx (Target_ECs_WANA_2018_v2)
m-Xylene-4-sulfonic acid,,88-61-9,CHZLVSBMXZSPNN-UHFFFAOYSA-N,0.1,4,0.1; 0.5; 5.0; 50.0,LOQ; MDL,FFM_Holtemme_LVSPE_final_released220411_V4.xlsx (cleaned_MDL-corrected); FRAM_Stenungsund_biotest_Frankfurt_ESIpos_ESIneg_draft_mdl.csv; MZQuant_FRAM_Stenungsund_2020_vRepository_vDRAFT.xlsx; Target_ECs_WANA_2018_v4.xlsx (Target_ECs_WANA_2018_v2)
MCPA,,94-74-6,WHKUVVPPKQRRBV-UHFFFAOYSA-N,1.0,3,1.0,MDL,FFM_Holtemme_LVSPE_final_released220411_V4.xlsx (cleaned_MDL-corrected); MZQuant_FRAM_Stenungsund_2020_vRepository_vDRAFT.xlsx; Target_ECs_WANA_2018_v4.xlsx (Target_ECs_WANA_2018_v2)
Mebendazole,,31431-39-7,OPXLLQIJSORQAM-UHFFFAOYSA-N,1.5,3,1.5,MDL,FFM_Holtemme_LVSPE_final_released220411_V4.xlsx (cleaned_MDL-corrected); FRAM_Stenungsund_biotest_Frankfurt_ESIpos_ESIneg_draft_mdl.csv; Target_ECs_WANA_2018_v4.xlsx (Target_ECs_WANA_2018_v2)
Mebeverine,,3625-06-7,VYVKHNNGDFVQGA-UHFFFAOYSA-N,1.0,2,1.0,MDL,FFM_Holtemme_LVSPE_final_released220411_V4.xlsx (cleaned_MDL-corrected); Target_ECs_WANA_2018_v4.xlsx (Target_ECs_WANA_2018_v2)
Mecoprop,,93-65-2,WNTGYJSOUMFZEP-UHFFFAOYSA-N,1.0,3,1.0,MDL,FFM_Holtemme_LVSPE_final_released220411_V4.xlsx (cleaned_MDL-corrected); MZQuant_FRAM_Stenungsund_2020_vRepository_vDRAFT.xlsx; Target_ECs_WANA_2018_v4.xlsx (Target_ECs_WANA_2018_v2)
Medroxyprogesterone,,520-85-4,FRQMUZJSZHZSGN-HBNHAYAOSA-N,1.0,1,1.0,MDL,Target_ECs_WANA_2018_v4.xlsx (Target_ECs_WANA_2018_v2)
Medroxyprogesterone acetate,Medroxyprogesteroneacetate,71-58-9,PSGAAPLEWMOORI-PEINSRQWSA-N,1.0,2,1.0,MDL,MZQuant_FRAM_Stenungsund_2020_vRepository_vDRAFT.xlsx; Target_ECs_WANA_2018_v4.xlsx (Target_ECs_WANA_2018_v2)
Mefenamic acid,,61-68-7,HYYBABOKPJLUIN-UHFFFAOYSA-N,1.0,2,1.0,MDL,FFM_Holtemme_LVSPE_final_released220411_V4.xlsx (cleaned_MDL-corrected); Target_ECs_WANA_2018_v4.xlsx (Target_ECs_WANA_2018_v2)
Megestrol-17-acetate,,595-33-5,RQZAXGRLVPAYTJ-GQFGMJRRSA-N,1.0,1,1.0,MDL,Target_ECs_WANA_2018_v4.xlsx (Target_ECs_WANA_2018_v2)
Melamine,,108-78-1,JDSHMPZPIAZGSV-UHFFFAOYSA-N,0.1,2,0.1; 0.5,LOQ; MDL,MZQuant_FRAM_Stenungsund_2020_vRepository_vDRAFT.xlsx; Target_ECs_WANA_2018_v4.xlsx (Target_ECs_WANA_2018_v2)
Melatonin,,73-31-4,DRLFMBDRBRZALE-UHFFFAOYSA-N,0.5,1,0.5,MDL,Target_ECs_WANA_2018_v4.xlsx (Target_ECs_WANA_2018_v2)
Melperon,,3575-80-2,DKMFBWQBDIGMHM-UHFFFAOYSA-N,5.0,2,5.0,MDL,FFM_Holtemme_LVSPE_final_released220411_V4.xlsx (cleaned_MDL-corrected); Target_ECs_WANA_2018_v4.xlsx (Target_ECs_WANA_2018_v2)
Memantine,,19982-08-2,BUGYDGFZZOZRHP-UHFFFAOYSA-N,1.0,4,1.0,MDL,FFM_Holtemme_LVSPE_final_released220411_V4.xlsx (cleaned_MDL-corrected); FRAM_Stenungsund_biotest_Frankfurt_ESIpos_ESIneg_draft_mdl.csv; MZQuant_FRAM_Stenungsund_2020_vRepository_vDRAFT.xlsx; Target_ECs_WANA_2018_v4.xlsx (Target_ECs_WANA_2018_v2)
Mephedrone,,1189805-46-6,YELGFTGWJGBAQU-UHFFFAOYSA-N,0.5,1,0.5,MDL,Target_ECs_WANA_2018_v4.xlsx (Target_ECs_WANA_2018_v2)
Mepiquat,,15302-91-7,NNCAWEWCFVZOGF-UHFFFAOYSA-N,10.0,2,10.0; 35.0,MDL,FFM_Holtemme_LVSPE_final_released220411_V4.xlsx (cleaned_MDL-corrected); Target_ECs_WANA_2018_v4.xlsx (Target_ECs_WANA_2018_v2)
Mesotrione MNBA,,110964-79-9,QNOUABMNRMROSL-UHFFFAOYSA-N,0.5,1,0.5,MDL,Target_ECs_WANA_2018_v4.xlsx (Target_ECs_WANA_2018_v2)
Metaflumizone,,139968-49-3,MIFOMMKAVSCNKQ-QNKGDIEWSA-N,0.5,1,0.5,MDL,Target_ECs_WANA_2018_v4.xlsx (Target_ECs_WANA_2018_v2)
Metalaxyl,,57837-19-1,ZQEIXNIJLIKNTD-UHFFFAOYSA-N,1.0,4,1.0,MDL,FFM_Holtemme_LVSPE_final_released220411_V4.xlsx (cleaned_MDL-corrected); FRAM_Stenungsund_biotest_Frankfurt_ESIpos_ESIneg_draft_mdl.csv; MZQuant_FRAM_Stenungsund_2020_vRepository_vDRAFT.xlsx; Target_ECs_WANA_2018_v4.xlsx (Target_ECs_WANA_2018_v2)
Metalaxyl CGA108906,,104390-56-9,WFTHOCDLKYPFJX-UHFFFAOYSA-N,0.5,2,0.5; 1.2,LOQ; MDL,MZQuant_FRAM_Stenungsund_2020_vRepository_vDRAFT.xlsx; Target_ECs_WANA_2018_v4.xlsx (Target_ECs_WANA_2018_v2)
Metamitron,,41394-05-2,VHCNQEUWZYOAEV-UHFFFAOYSA-N,1.0,4,1.0,MDL,FFM_Holtemme_LVSPE_final_released220411_V4.xlsx (cleaned_MDL-corrected); FRAM_Stenungsund_biotest_Frankfurt_ESIpos_ESIneg_draft_mdl.csv; MZQuant_FRAM_Stenungsund_2020_vRepository_vDRAFT.xlsx; Target_ECs_WANA_2018_v4.xlsx (Target_ECs_WANA_2018_v2)
Metamitron-desamino,,36993-94-9,OUSYWCQYMPDAEO-UHFFFAOYSA-N,0.5,1,0.5,MDL,Target_ECs_WANA_2018_v4.xlsx (Target_ECs_WANA_2018_v2)
Metazachlor,,67129-08-2,STEPQTYSZVCJPV-UHFFFAOYSA-N,0.7,2,0.7,MDL,FFM_Holtemme_LVSPE_final_released220411_V4.xlsx (cleaned_MDL-corrected); Target_ECs_WANA_2018_v4.xlsx (Target_ECs_WANA_2018_v2)
Metazachlor BH 479-11,,1242182-77-9,GFGYMDAFJMPNCC-UHFFFAOYSA-N,0.5,2,0.5,MDL,FFM_Holtemme_LVSPE_final_released220411_V4.xlsx (cleaned_MDL-corrected); Target_ECs_WANA_2018_v4.xlsx (Target_ECs_WANA_2018_v2)
Metazachlor BH 479-9,,1246215-97-3,DYCHUHSHQIYFAI-UHFFFAOYSA-N,0.5,3,0.5; 2.0; 8.0,LOQ; MDL,FFM_Holtemme_LVSPE_final_released220411_V4.xlsx (cleaned_MDL-corrected); MZQuant_FRAM_Stenungsund_2020_vRepository_vDRAFT.xlsx; Target_ECs_WANA_2018_v4.xlsx (Target_ECs_WANA_2018_v2)
Metazachlor BH479-12,,1367578-41-3,DFJUHFNLKWOTIZ-UHFFFAOYSA-N,0.1,2,0.1; 0.5,LOQ; MDL,MZQuant_FRAM_Stenungsund_2020_vRepository_vDRAFT.xlsx; Target_ECs_WANA_2018_v4.xlsx (Target_ECs_WANA_2018_v2)
Metazachlor ESA,,172960-62-2,IPVCSECPEVHQOV-UHFFFAOYSA-N,1.0,4,1.0,MDL,FFM_Holtemme_LVSPE_final_released220411_V4.xlsx (cleaned_MDL-corrected); FRAM_Stenungsund_biotest_Frankfurt_ESIpos_ESIneg_draft_mdl.csv; MZQuant_FRAM_Stenungsund_2020_vRepository_vDRAFT.xlsx; Target_ECs_WANA_2018_v4.xlsx (Target_ECs_WANA_2018_v2)
Metazachlor OA,,1231244-60-2,PHMHHVKFXZNTKU-UHFFFAOYSA-N,0.1,4,0.1; 0.5; 7.0; 50.0,LOQ; MDL,FFM_Holtemme_LVSPE_final_released220411_V4.xlsx (cleaned_MDL-corrected); FRAM_Stenungsund_biotest_Frankfurt_ESIpos_ESIneg_draft_mdl.csv; MZQuant_FRAM_Stenungsund_2020_vRepository_vDRAFT.xlsx; Target_ECs_WANA_2018_v4.xlsx (Target_ECs_WANA_2018_v2)
Metconazole,,125116-23-6,XWPZUHJBOLQNMN-UHFFFAOYSA-N,1.0,2,1.0,MDL,FFM_Holtemme_LVSPE_final_released220411_V4.xlsx (cleaned_MDL-corrected); Target_ECs_WANA_2018_v4.xlsx (Target_ECs_WANA_2018_v2)
Metformin,,657-24-9,XZWYZXLIPXDOLR-UHFFFAOYSA-N,10.0,3,10.0; 12.0,MDL,FFM_Holtemme_LVSPE_final_released220411_V4.xlsx (cleaned_MDL-corrected); MZQuant_FRAM_Stenungsund_2020_vRepository_vDRAFT.xlsx; Target_ECs_WANA_2018_v4.xlsx (Target_ECs_WANA_2018_v2)
Methacrylamide,,79-39-0,FQPSGWSUVKBHSU-UHFFFAOYSA-N,0.5,1,0.5,MDL,Target_ECs_WANA_2018_v4.xlsx (Target_ECs_WANA_2018_v2)
Methadone,,76-99-3,USSIQXCVUWKGNF-UHFFFAOYSA-N,0.5,2,0.5,LOQ; MDL,MZQuant_FRAM_Stenungsund_2020_vRepository_vDRAFT.xlsx; Target_ECs_WANA_2018_v4.xlsx (Target_ECs_WANA_2018_v2)
Methamphetamine,,537-46-2,MYWUZJCMWCOHBA-VIFPVBQESA-N,0.5,2,0.5; 2.1,LOQ; MDL,MZQuant_FRAM_Stenungsund_2020_vRepository_vDRAFT.xlsx; Target_ECs_WANA_2018_v4.xlsx (Target_ECs_WANA_2018_v2)
Methanesulfonic acid,,75-75-2,AFVFQIVMOAPDHO-UHFFFAOYSA-N,0.5,1,0.5,MDL,Target_ECs_WANA_2018_v4.xlsx (Target_ECs_WANA_2018_v2)
Methenamine,,100-97-0,VKYKSIONXSXAKP-UHFFFAOYSA-N,0.5,1,0.5,MDL,Target_ECs_WANA_2018_v4.xlsx (Target_ECs_WANA_2018_v2)
Methimazol,,60-56-0,PMRYVIKBURPHAH-UHFFFAOYSA-N,200.0,1,200.0,MDL,Target_ECs_WANA_2018_v4.xlsx (Target_ECs_WANA_2018_v2)
Methiocarb,,2032-65-7,YFBPRJGDJKVWAH-UHFFFAOYSA-N,1.0,2,1.0,MDL,FFM_Holtemme_LVSPE_final_released220411_V4.xlsx (cleaned_MDL-corrected); Target_ECs_WANA_2018_v4.xlsx (Target_ECs_WANA_2018_v2)
Methiocarb sulfone,,2179-25-1,RJBJMKAMQIOAML-UHFFFAOYSA-N,0.5,2,0.5; 2.5,LOQ; MDL,MZQuant_FRAM_Stenungsund_2020_vRepository_vDRAFT.xlsx; Target_ECs_WANA_2018_v4.xlsx (Target_ECs_WANA_2018_v2)
Methiocarb sulfoxide,,2635-10-1,FNCMBMZOZQAWJA-UHFFFAOYSA-N,0.5,1,0.5,MDL,Target_ECs_WANA_2018_v4.xlsx (Target_ECs_WANA_2018_v2)
Methiocarb-sulfoxide phenol,,22454-92-8,ZHBBDQFXEDCQFI-UHFFFAOYSA-N,0.5,2,0.5; 2.0,MDL,FFM_Holtemme_LVSPE_final_released220411_V4.xlsx (cleaned_MDL-corrected); Target_ECs_WANA_2018_v4.xlsx (Target_ECs_WANA_2018_v2)
Methocarbamol,,532-03-6,GNXFOGHNGIVQEH-MRVPVSSYSA-N,0.5,1,0.5,MDL,Target_ECs_WANA_2018_v4.xlsx (Target_ECs_WANA_2018_v2)
Methomyl,,16752-77-5,UHXUZOCRWCRNSJ-QPJJXVBHSA-N,0.5,1,0.5,MDL,Target_ECs_WANA_2018_v4.xlsx (Target_ECs_WANA_2018_v2)
Methotrexate,,59-05-2,FBOZXECLQNJBKD-ZDUSSCGKSA-N,15.0,2,15.0; 20.0,MDL,FFM_Holtemme_LVSPE_final_released220411_V4.xlsx (cleaned_MDL-corrected); Target_ECs_WANA_2018_v4.xlsx (Target_ECs_WANA_2018_v2)
Methoxychlor,,72-43-5,IAKOZHOLGAGEJT-UHFFFAOYSA-N,54.24489250422192,1,54.24489250422192,MDL,Target_ECs_WANA_2018_v4.xlsx (Target_ECs_WANA_2018_v2)
Methyl diethanolamine,,105-59-9,CRVGTESFCCXCTH-UHFFFAOYSA-N,0.5,1,0.5,MDL,Target_ECs_WANA_2018_v4.xlsx (Target_ECs_WANA_2018_v2)
Methylchloroisothiazolinone,,26172-55-4,DHNRXBZYEKSXIM-UHFFFAOYSA-N,20.0,1,20.0,MDL,Target_ECs_WANA_2018_v4.xlsx (Target_ECs_WANA_2018_v2)
Methyldesphenylchloridazon,,17254-80-7,XNSGCNYTNLWRKM-UHFFFAOYSA-N,0.5,3,0.5; 1.75; 20.0,MDL,FFM_Holtemme_LVSPE_final_released220411_V4.xlsx (cleaned_MDL-corrected); FRAM_Stenungsund_biotest_Frankfurt_ESIpos_ESIneg_draft_mdl.csv; Target_ECs_WANA_2018_v4.xlsx (Target_ECs_WANA_2018_v2)
Methylparaben,,99-76-3,LXCFILQKKLGQFO-UHFFFAOYSA-N,0.5,1,0.5,MDL,Target_ECs_WANA_2018_v4.xlsx (Target_ECs_WANA_2018_v2)
methylphenylsulfone,,3112-85-4,JCDWETOKTFWTHA-UHFFFAOYSA-N,61.754419642553835,1,61.754419642553835,MDL,Target_ECs_WANA_2018_v4.xlsx (Target_ECs_WANA_2018_v2)
methyltolylsulfone,,3185-99-7,YYDNBUBMBZRNQQ-UHFFFAOYSA-N,67.90055063287593,1,67.90055063287593,MDL,Target_ECs_WANA_2018_v4.xlsx (Target_ECs_WANA_2018_v2)
Methyltriphenylphosphonium,,15912-74-0,AZFQCTBZOPUVOW-UHFFFAOYSA-N,0.5,2,0.5,MDL,FFM_Holtemme_LVSPE_final_released220411_V4.xlsx (cleaned_MDL-corrected); Target_ECs_WANA_2018_v4.xlsx (Target_ECs_WANA_2018_v2)
Metobromuron,,3060-89-7,WLFDQEVORAMCIM-UHFFFAOYSA-N,0.5,3,0.5; 5.0,LOQ; MDL,FFM_Holtemme_LVSPE_final_released220411_V4.xlsx (cleaned_MDL-corrected); MZQuant_FRAM_Stenungsund_2020_vRepository_vDRAFT.xlsx; Target_ECs_WANA_2018_v4.xlsx (Target_ECs_WANA_2018_v2)
Metolachlor,,51218-45-2,WVQBLGZPHOPPFO-UHFFFAOYSA-N,0.7,3,0.7,MDL,FFM_Holtemme_LVSPE_final_released220411_V4.xlsx (cleaned_MDL-corrected); FRAM_Stenungsund_biotest_Frankfurt_ESIpos_ESIneg_draft_mdl.csv; Target_ECs_WANA_2018_v4.xlsx (Target_ECs_WANA_2018_v2)
Metolachlor CGA 357704,,1217465-10-5,IMFSUYMDPTXKCC-UHFFFAOYSA-N,0.1,1,0.1,LOQ,MZQuant_FRAM_Stenungsund_2020_vRepository_vDRAFT.xlsx
Metolachlor CGA 357704,,1217465-10-5,IMFSUYMDPTXKCC-VIFPVBQESA-N,0.5,1,0.5,MDL,Target_ECs_WANA_2018_v4.xlsx (Target_ECs_WANA_2018_v2)
Metolachlor CGA 368208,,1173021-76-5,QPVPJECIHVSBLZ-UHFFFAOYSA-N,0.5,3,0.5; 20.0,LOQ; MDL,FRAM_Stenungsund_biotest_Frankfurt_ESIpos_ESIneg_draft_mdl.csv; MZQuant_FRAM_Stenungsund_2020_vRepository_vDRAFT.xlsx; Target_ECs_WANA_2018_v4.xlsx (Target_ECs_WANA_2018_v2)
Metolachlor ESA,Metolachlor_ESA,171118-09-5,CIGKZVUEZXGYSV-UHFFFAOYSA-N,0.1,4,0.1; 1.0,LOQ; MDL,FFM_Holtemme_LVSPE_final_released220411_V4.xlsx (cleaned_MDL-corrected); FRAM_Stenungsund_biotest_Frankfurt_ESIpos_ESIneg_draft_mdl.csv; MZQuant_FRAM_Stenungsund_2020_vRepository_vDRAFT.xlsx; Target_ECs_WANA_2018_v4.xlsx (Target_ECs_WANA_2018_v2)
Metolachlor OA,Metolachlor-OA,152019-73-3,LNOOSYCKMKZOJB-UHFFFAOYSA-N,1.0,4,1.0,MDL,FFM_Holtemme_LVSPE_final_released220411_V4.xlsx (cleaned_MDL-corrected); FRAM_Stenungsund_biotest_Frankfurt_ESIpos_ESIneg_draft_mdl.csv; MZQuant_FRAM_Stenungsund_2020_vRepository_vDRAFT.xlsx; Target_ECs_WANA_2018_v4.xlsx (Target_ECs_WANA_2018_v2)
Metolachlor-NOA 413173,,1418095-19-8,WOXWIWNBIJDJHI-JTQLQIEISA-N,0.5,2,0.5; 2.0,MDL,FFM_Holtemme_LVSPE_final_released220411_V4.xlsx (cleaned_MDL-corrected); Target_ECs_WANA_2018_v4.xlsx (Target_ECs_WANA_2018_v2)
Metoprolol,,51384-51-1,IUBSYMUCCVWXPE-UHFFFAOYSA-N,3.0,4,3.0,MDL,FFM_Holtemme_LVSPE_final_released220411_V4.xlsx (cleaned_MDL-corrected); FRAM_Stenungsund_biotest_Frankfurt_ESIpos_ESIneg_draft_mdl.csv; MZQuant_FRAM_Stenungsund_2020_vRepository_vDRAFT.xlsx; Target_ECs_WANA_2018_v4.xlsx (Target_ECs_WANA_2018_v2)
Metoprolol acid,,56392-14-4,PUQIRTNPJRFRCZ-UHFFFAOYSA-N,15.0,4,15.0,MDL,FFM_Holtemme_LVSPE_final_released220411_V4.xlsx (cleaned_MDL-corrected); FRAM_Stenungsund_biotest_Frankfurt_ESIpos_ESIneg_draft_mdl.csv; MZQuant_FRAM_Stenungsund_2020_vRepository_vDRAFT.xlsx; Target_ECs_WANA_2018_v4.xlsx (Target_ECs_WANA_2018_v2)
Metribuzin,,21087-64-9,FOXFZRUHNHCZPX-UHFFFAOYSA-N,1.0,3,1.0,MDL,FFM_Holtemme_LVSPE_final_released220411_V4.xlsx (cleaned_MDL-corrected); FRAM_Stenungsund_biotest_Frankfurt_ESIpos_ESIneg_draft_mdl.csv; Target_ECs_WANA_2018_v4.xlsx (Target_ECs_WANA_2018_v2)
Metsulfuron-methyl,,74223-64-6,RSMUVYRMZCOLBH-UHFFFAOYSA-N,0.5,1,0.5,MDL,Target_ECs_WANA_2018_v4.xlsx (Target_ECs_WANA_2018_v2)
Michler's ketone,,90-94-8,VVBLNCFGVYUYGU-UHFFFAOYSA-N,0.5,2,0.5; 0.55,MDL,FFM_Holtemme_LVSPE_final_released220411_V4.xlsx (cleaned_MDL-corrected); Target_ECs_WANA_2018_v4.xlsx (Target_ECs_WANA_2018_v2)
Miconazole,,22916-47-8,BYBLEWFAAKGYCD-UHFFFAOYSA-N,5.0,2,5.0; 10.0,MDL,FFM_Holtemme_LVSPE_final_released220411_V4.xlsx (cleaned_MDL-corrected); Target_ECs_WANA_2018_v4.xlsx (Target_ECs_WANA_2018_v2)
Mirtazapine,,61337-67-5,RONZAEMNMFQXRA-UHFFFAOYSA-N,3.5,3,3.5; 5.0,MDL,FFM_Holtemme_LVSPE_final_released220411_V4.xlsx (cleaned_MDL-corrected); MZQuant_FRAM_Stenungsund_2020_vRepository_vDRAFT.xlsx; Target_ECs_WANA_2018_v4.xlsx (Target_ECs_WANA_2018_v2)
Mometasone fuorate,,83919-23-7,WOFMFGQZHJDGCX-ZULDAHANSA-N,0.2,2,0.2; 0.5,LOQ; MDL,MZQuant_FRAM_Stenungsund_2020_vRepository_vDRAFT.xlsx; Target_ECs_WANA_2018_v4.xlsx (Target_ECs_WANA_2018_v2)
Monensin,,,GAOZTHIDHYLHMS-UHFFFAOYSA-N,2.0,1,2.0,MDL,FFM_Holtemme_LVSPE_final_released220411_V4.xlsx (cleaned_MDL-corrected)
Monensin,,17090-79-8,GAOZTHIDHYLHMS-KEOBGNEYSA-N,1.0,1,1.0,MDL,Target_ECs_WANA_2018_v4.xlsx (Target_ECs_WANA_2018_v2)
Montelukast,,158966-92-8,UCHDWCPVSPXUMX-UHFFFAOYSA-N,2.0,2,2.0,MDL,FFM_Holtemme_LVSPE_final_released220411_V4.xlsx (cleaned_MDL-corrected); Target_ECs_WANA_2018_v4.xlsx (Target_ECs_WANA_2018_v2)
Musk ambrette,,83-66-9,SUAUILGSCPYJCS-UHFFFAOYSA-N,0.5,1,0.5,MDL,Target_ECs_WANA_2018_v4.xlsx (Target_ECs_WANA_2018_v2)
Musk ketone,,81-14-1,WXCMHFPAUCOJIG-UHFFFAOYSA-N,0.5,1,0.5,MDL,Target_ECs_WANA_2018_v4.xlsx (Target_ECs_WANA_2018_v2)
Musk xylene,,81-15-2,XMWRWTSZNLOZFN-UHFFFAOYSA-N,0.5,1,0.5,MDL,Target_ECs_WANA_2018_v4.xlsx (Target_ECs_WANA_2018_v2)
Myclobutanil,,88671-89-0,HZJKXKUJVSEEFU-UHFFFAOYSA-N,0.7,3,0.7,MDL,FFM_Holtemme_LVSPE_final_released220411_V4.xlsx (cleaned_MDL-corrected); FRAM_Stenungsund_biotest_Frankfurt_ESIpos_ESIneg_draft_mdl.csv; Target_ECs_WANA_2018_v4.xlsx (Target_ECs_WANA_2018_v2)
Mycophenolic acid,,24280-93-1,HPNSFSBZBAHARI-RUDMXATFSA-N,1.0,4,1.0; 2.0,MDL,FFM_Holtemme_LVSPE_final_released220411_V4.xlsx (cleaned_MDL-corrected); FRAM_Stenungsund_biotest_Frankfurt_ESIpos_ESIneg_draft_mdl.csv; MZQuant_FRAM_Stenungsund_2020_vRepository_vDRAFT.xlsx; Target_ECs_WANA_2018_v4.xlsx (Target_ECs_WANA_2018_v2)
"N,N-Dimethyl-p-phenylenediamine",,99-98-9,BZORFPDSXLZWJF-UHFFFAOYSA-N,0.5,1,0.5,MDL,Target_ECs_WANA_2018_v4.xlsx (Target_ECs_WANA_2018_v2)
"N,N-Dimethyldecan-1-amide",,14433-76-2,HNXNKTMIVROLTK-UHFFFAOYSA-N,0.5,1,0.5,MDL,Target_ECs_WANA_2018_v4.xlsx (Target_ECs_WANA_2018_v2)
"N,N-Dimethyldecylamine",,1120-24-7,YWWNNLPSZSEZNZ-UHFFFAOYSA-N,0.5,3,0.5; 5.0; 30.0,MDL,FFM_Holtemme_LVSPE_final_released220411_V4.xlsx (cleaned_MDL-corrected); FRAM_Stenungsund_biotest_Frankfurt_ESIpos_ESIneg_draft_mdl.csv; Target_ECs_WANA_2018_v4.xlsx (Target_ECs_WANA_2018_v2)
"N,N-Dimethyldodecylamine",,112-18-5,YWFWDNVOPHGWMX-UHFFFAOYSA-N,0.5,2,0.5; 5.0,MDL,FFM_Holtemme_LVSPE_final_released220411_V4.xlsx (cleaned_MDL-corrected); Target_ECs_WANA_2018_v4.xlsx (Target_ECs_WANA_2018_v2)
"N,N-Dimethyldodecylamine N-oxide",,1643-20-5,SYELZBGXAIXKHU-UHFFFAOYSA-N,1.0,3,1.0,MDL,FFM_Holtemme_LVSPE_final_released220411_V4.xlsx (cleaned_MDL-corrected); FRAM_Stenungsund_biotest_Frankfurt_ESIpos_ESIneg_draft_mdl.csv; Target_ECs_WANA_2018_v4.xlsx (Target_ECs_WANA_2018_v2)
"N,N-Dimethylsulfamide",,3984-14-3,QMHAHUAQAJVBIW-UHFFFAOYSA-N,0.5,1,0.5,MDL,Target_ECs_WANA_2018_v4.xlsx (Target_ECs_WANA_2018_v2)
"N,N-Dimethyltetradecylamine",,112-75-4,SFBHPFQSSDCYSL-UHFFFAOYSA-N,0.5,2,0.5; 5.0,MDL,FFM_Holtemme_LVSPE_final_released220411_V4.xlsx (cleaned_MDL-corrected); Target_ECs_WANA_2018_v4.xlsx (Target_ECs_WANA_2018_v2)
"N,N-Dimethyltetradecylamine-N-oxide",,3332-27-2,ONHFWHCMZAJCFB-UHFFFAOYSA-N,0.5,2,0.5; 1.0,MDL,FFM_Holtemme_LVSPE_final_released220411_V4.xlsx (cleaned_MDL-corrected); Target_ECs_WANA_2018_v4.xlsx (Target_ECs_WANA_2018_v2)
"N-(1,3-Dimethylbutyl)-N'-phenyl-1,4-phenylenediamine",,793-24-8,ZZMVLMVFYMGSMY-UHFFFAOYNA-N,0.5,1,0.5,MDL,Target_ECs_WANA_2018_v4.xlsx (Target_ECs_WANA_2018_v2)
N-Acetyl mesalazine,,51-59-2,GEFDRROBUCULOD-UHFFFAOYSA-N,40.0,1,40.0,MDL,Target_ECs_WANA_2018_v4.xlsx (Target_ECs_WANA_2018_v2)
N-Acetyl-4-aminoantipyrine,,83-15-8,OIAGWXKSCXPNNZ-UHFFFAOYSA-N,5.0,3,5.0; 25.0,MDL,FFM_Holtemme_LVSPE_final_released220411_V4.xlsx (cleaned_MDL-corrected); FRAM_Stenungsund_biotest_Frankfurt_ESIpos_ESIneg_draft_mdl.csv; Target_ECs_WANA_2018_v4.xlsx (Target_ECs_WANA_2018_v2)
N-Butylbenzenesulfonamide,,3622-84-2,IPRJXAGUEGOFGG-UHFFFAOYSA-N,30.0,3,30.0; 50.0,MDL,FFM_Holtemme_LVSPE_final_released220411_V4.xlsx (cleaned_MDL-corrected); MZQuant_FRAM_Stenungsund_2020_vRepository_vDRAFT.xlsx; Target_ECs_WANA_2018_v4.xlsx (Target_ECs_WANA_2018_v2)
N-Cyclohexyl-2-benzothiazole-amine,,28291-75-0,UPWPIFMHSFSVLE-UHFFFAOYSA-N,1.0,4,1.0,MDL,FFM_Holtemme_LVSPE_final_released220411_V4.xlsx (cleaned_MDL-corrected); FRAM_Stenungsund_biotest_Frankfurt_ESIpos_ESIneg_draft_mdl.csv; MZQuant_FRAM_Stenungsund_2020_vRepository_vDRAFT.xlsx; Target_ECs_WANA_2018_v4.xlsx (Target_ECs_WANA_2018_v2)
N-Cyclohexyl-2-benzothiazole-sulfenamide,,95-33-0,DEQZTKGFXNUBJL-UHFFFAOYSA-N,5.0,1,5.0,MDL,Target_ECs_WANA_2018_v4.xlsx (Target_ECs_WANA_2018_v2)
N-Ethyl-3-methylbenzamide,,26819-07-8,FPINATACRXASTP-UHFFFAOYSA-N,0.5,1,0.5,MDL,Target_ECs_WANA_2018_v4.xlsx (Target_ECs_WANA_2018_v2)
N-Ethyl-o-toluenesulfonamide,,1077-56-1,NATWUQFQFMZVMT-UHFFFAOYSA-N,1.0,3,1.0,MDL,FFM_Holtemme_LVSPE_final_released220411_V4.xlsx (cleaned_MDL-corrected); MZQuant_FRAM_Stenungsund_2020_vRepository_vDRAFT.xlsx; Target_ECs_WANA_2018_v4.xlsx (Target_ECs_WANA_2018_v2)
N-Formyl-4-aminoantipyrine,,1672-58-8,WSJBSKRPKADYRQ-UHFFFAOYSA-N,2.0,3,2.0,MDL,FFM_Holtemme_LVSPE_final_released220411_V4.xlsx (cleaned_MDL-corrected); FRAM_Stenungsund_biotest_Frankfurt_ESIpos_ESIneg_draft_mdl.csv; Target_ECs_WANA_2018_v4.xlsx (Target_ECs_WANA_2018_v2)
N-isopropyl-NÔøΩ-phenyl-p-phenylenediamine,,101-72-4,OUBMGJOQLXMSNT-UHFFFAOYSA-N,0.5,1,0.5,MDL,Target_ECs_WANA_2018_v4.xlsx (Target_ECs_WANA_2018_v2)
N-Lauroylethanolamine,,142-78-9,QZXSMBBFBXPQHI-UHFFFAOYSA-N,0.5,1,0.5,MDL,Target_ECs_WANA_2018_v4.xlsx (Target_ECs_WANA_2018_v2)
N-Methyl-2-pyrrolidone,,872-50-4,SECXISVLQFMRJM-UHFFFAOYSA-N,0.5,1,0.5,MDL,Target_ECs_WANA_2018_v4.xlsx (Target_ECs_WANA_2018_v2)
N-Methyl-dicyclohexylamine,,7560-83-0,GSCCALZHGUWNJW-UHFFFAOYSA-N,0.5,1,0.5,MDL,Target_ECs_WANA_2018_v4.xlsx (Target_ECs_WANA_2018_v2)
N-Methylbenzenesulfonamide,,5183-78-8,SVDVKEBISAOWJT-UHFFFAOYSA-N,0.5,1,0.5,MDL,Target_ECs_WANA_2018_v4.xlsx (Target_ECs_WANA_2018_v2)
N-Methyldodecylamine,,7311-30-0,OMEMQVZNTDHENJ-UHFFFAOYSA-N,0.5,3,0.5; 1.0; 10.0,MDL,FFM_Holtemme_LVSPE_final_released220411_V4.xlsx (cleaned_MDL-corrected); FRAM_Stenungsund_biotest_Frankfurt_ESIpos_ESIneg_draft_mdl.csv; Target_ECs_WANA_2018_v4.xlsx (Target_ECs_WANA_2018_v2)
N-Phenyl-1-naphthylamine,,90-30-2,XQVWYOYUZDUNRW-UHFFFAOYSA-N,0.5,2,0.5; 5.0,MDL,FFM_Holtemme_LVSPE_final_released220411_V4.xlsx (cleaned_MDL-corrected); Target_ECs_WANA_2018_v4.xlsx (Target_ECs_WANA_2018_v2)
Naled,,300-76-5,BUYMVQAILCEWRR-UHFFFAOYSA-N,0.5,1,0.5,MDL,Target_ECs_WANA_2018_v4.xlsx (Target_ECs_WANA_2018_v2)
Naltrexon,Naltrexone,16590-41-3,DQCKKXVULJGBQN-XFWGSAIBSA-N,0.5,2,0.5; 0.7,LOQ; MDL,MZQuant_FRAM_Stenungsund_2020_vRepository_vDRAFT.xlsx; Target_ECs_WANA_2018_v4.xlsx (Target_ECs_WANA_2018_v2)
Naphthalene,,91-20-3,UFWIBTONFRDIAS-UHFFFAOYSA-N,135.1949588035964,1,135.1949588035964,MDL,Target_ECs_WANA_2018_v4.xlsx (Target_ECs_WANA_2018_v2)
Naproxen,,22204-53-1,CMWTZPSULFXXJA-UHFFFAOYSA-N,15.0,2,15.0,MDL,FFM_Holtemme_LVSPE_final_released220411_V4.xlsx (cleaned_MDL-corrected); Target_ECs_WANA_2018_v4.xlsx (Target_ECs_WANA_2018_v2)
Nicosulfuron,,111991-09-4,RTCOGUMHFFWOJV-UHFFFAOYSA-N,0.1,4,0.1; 0.5; 4.5; 10.0,LOQ; MDL,FFM_Holtemme_LVSPE_final_released220411_V4.xlsx (cleaned_MDL-corrected); FRAM_Stenungsund_biotest_Frankfurt_ESIpos_ESIneg_draft_mdl.csv; MZQuant_FRAM_Stenungsund_2020_vRepository_vDRAFT.xlsx; Target_ECs_WANA_2018_v4.xlsx (Target_ECs_WANA_2018_v2)
Nitrendipin,,39562-70-4,PVHUJELLJLJGLN-UHFFFAOYSA-N,1.0,3,1.0,MDL,FFM_Holtemme_LVSPE_final_released220411_V4.xlsx (cleaned_MDL-corrected); MZQuant_FRAM_Stenungsund_2020_vRepository_vDRAFT.xlsx; Target_ECs_WANA_2018_v4.xlsx (Target_ECs_WANA_2018_v2)
Nitrofurantoin,,67-20-9,NXFQHRVNIOXGAQ-YCRREMRBSA-N,7.0,2,7.0,MDL,FFM_Holtemme_LVSPE_final_released220411_V4.xlsx (cleaned_MDL-corrected); Target_ECs_WANA_2018_v4.xlsx (Target_ECs_WANA_2018_v2)
Nonylphenol_isomers,,25154-52-3,SLULBVLEUPOSOI-UHFFFAOYSA-N,0.5,1,0.5,MDL,Target_ECs_WANA_2018_v4.xlsx (Target_ECs_WANA_2018_v2)
Norethindrone,,68-22-4,VIKNJXKGJWUCNN-XGXHKTLJSA-N,1.0,2,1.0,MDL,FRAM_Stenungsund_biotest_Frankfurt_ESIpos_ESIneg_draft_mdl.csv; Target_ECs_WANA_2018_v4.xlsx (Target_ECs_WANA_2018_v2)
Norfloxacin,,70458-96-7,OGJPXUAPXNRGGI-UHFFFAOYSA-N,0.5,3,0.5; 20.0; 35.0,LOQ; MDL,FFM_Holtemme_LVSPE_final_released220411_V4.xlsx (cleaned_MDL-corrected); MZQuant_FRAM_Stenungsund_2020_vRepository_vDRAFT.xlsx; Target_ECs_WANA_2018_v4.xlsx (Target_ECs_WANA_2018_v2)
Norgestimate,,35189-28-7,KIQQMECNKUGGKA-NMYWJIRASA-N,1.3,2,1.3,MDL,MZQuant_FRAM_Stenungsund_2020_vRepository_vDRAFT.xlsx; Target_ECs_WANA_2018_v4.xlsx (Target_ECs_WANA_2018_v2)
Norgestrel,,6533-00-2,WWYNJERNGUHSAO-CULCCENASA-N,1.0,3,1.0,MDL,FRAM_Stenungsund_biotest_Frankfurt_ESIpos_ESIneg_draft_mdl.csv; MZQuant_FRAM_Stenungsund_2020_vRepository_vDRAFT.xlsx; Target_ECs_WANA_2018_v4.xlsx (Target_ECs_WANA_2018_v2)
Norharmane,,244-63-3,AIFRHYZBTHREPW-UHFFFAOYSA-N,0.5,2,0.5; 5.0,MDL,FFM_Holtemme_LVSPE_final_released220411_V4.xlsx (cleaned_MDL-corrected); Target_ECs_WANA_2018_v4.xlsx (Target_ECs_WANA_2018_v2)
o-Dianisidine,,119-90-4,JRBJSXQPQWSCCF-UHFFFAOYSA-N,0.5,2,0.5; 5.0,MDL,FFM_Holtemme_LVSPE_final_released220411_V4.xlsx (cleaned_MDL-corrected); Target_ECs_WANA_2018_v4.xlsx (Target_ECs_WANA_2018_v2)
O-Terphenyl,,84-15-1,OIAQMFOKAXHPNH-UHFFFAOYSA-N,4.040692323485409,1,4.040692323485409,MDL,Target_ECs_WANA_2018_v4.xlsx (Target_ECs_WANA_2018_v2)
o-Toluidine,,95-53-4,RNVCVTLRINQCPJ-UHFFFAOYSA-N,0.1,2,0.1; 0.5,LOQ; MDL,MZQuant_FRAM_Stenungsund_2020_vRepository_vDRAFT.xlsx; Target_ECs_WANA_2018_v4.xlsx (Target_ECs_WANA_2018_v2)
Octocrylene,,6197-30-4,FMJSMJQBSVNSBF-UHFFFAOYSA-N,10.0,1,10.0,MDL,Target_ECs_WANA_2018_v4.xlsx (Target_ECs_WANA_2018_v2)
"Octyl-3,5-di-tert-butyl-4-hydroxyhydrocinnamate",,125643-61-0,CFXCGWWYIDZIMU-UHFFFAOYSA-N,0.5,1,0.5,MDL,Target_ECs_WANA_2018_v4.xlsx (Target_ECs_WANA_2018_v2)
Octyl-methoxycinnamate,,5466-77-3,YBGZDTIWKVFICR-JLHYYAGUSA-N,1.5,2,1.5; 5.0,MDL,FFM_Holtemme_LVSPE_final_released220411_V4.xlsx (cleaned_MDL-corrected); Target_ECs_WANA_2018_v4.xlsx (Target_ECs_WANA_2018_v2)
Ofloxacin,,82419-36-1,GSDSWSVVBLHKDQ-UHFFFAOYSA-N,20.0,2,20.0,MDL,FFM_Holtemme_LVSPE_final_released220411_V4.xlsx (cleaned_MDL-corrected); Target_ECs_WANA_2018_v4.xlsx (Target_ECs_WANA_2018_v2)
Omethoate,,1113-02-6,PZXOQEXFMJCDPG-UHFFFAOYSA-N,0.5,2,0.5; 20.0,MDL,FFM_Holtemme_LVSPE_final_released220411_V4.xlsx (cleaned_MDL-corrected); Target_ECs_WANA_2018_v4.xlsx (Target_ECs_WANA_2018_v2)
Ondansetron,,99614-02-5,FELGMEQIXOGIFQ-UHFFFAOYSA-N,2.0,4,2.0,MDL,FFM_Holtemme_LVSPE_final_released220411_V4.xlsx (cleaned_MDL-corrected); FRAM_Stenungsund_biotest_Frankfurt_ESIpos_ESIneg_draft_mdl.csv; MZQuant_FRAM_Stenungsund_2020_vRepository_vDRAFT.xlsx; Target_ECs_WANA_2018_v4.xlsx (Target_ECs_WANA_2018_v2)
Orlistat,,96829-58-2,AHLBNYSZXLDEJQ-FWEHEUNISA-N,5.0,2,5.0,MDL,FFM_Holtemme_LVSPE_final_released220411_V4.xlsx (cleaned_MDL-corrected); Target_ECs_WANA_2018_v4.xlsx (Target_ECs_WANA_2018_v2)
Oryzalin,,19044-88-3,UNAHYJYOSSSJHH-UHFFFAOYSA-N,0.5,2,0.5; 4.0,MDL,FFM_Holtemme_LVSPE_final_released220411_V4.xlsx (cleaned_MDL-corrected); Target_ECs_WANA_2018_v4.xlsx (Target_ECs_WANA_2018_v2)
Oxadiazone,,19666-30-9,CHNUNORXWHYHNE-UHFFFAOYSA-N,5.0,3,5.0,MDL,FFM_Holtemme_LVSPE_final_released220411_V4.xlsx (cleaned_MDL-corrected); FRAM_Stenungsund_biotest_Frankfurt_ESIpos_ESIneg_draft_mdl.csv; Target_ECs_WANA_2018_v4.xlsx (Target_ECs_WANA_2018_v2)
Oxasulfuron,,144651-06-9,IOXAXYHXMLCCJJ-UHFFFAOYSA-N,0.5,1,0.5,MDL,Target_ECs_WANA_2018_v4.xlsx (Target_ECs_WANA_2018_v2)
Oxazepam,,604-75-1,ADIMAYPTOBDMTL-UHFFFAOYSA-N,1.0,4,1.0,MDL,FFM_Holtemme_LVSPE_final_released220411_V4.xlsx (cleaned_MDL-corrected); FRAM_Stenungsund_biotest_Frankfurt_ESIpos_ESIneg_draft_mdl.csv; MZQuant_FRAM_Stenungsund_2020_vRepository_vDRAFT.xlsx; Target_ECs_WANA_2018_v4.xlsx (Target_ECs_WANA_2018_v2)
Oxybutynin,,5633-20-5,XIQVNETUBQGFHX-UHFFFAOYSA-N,1.0,4,1.0,MDL,FFM_Holtemme_LVSPE_final_released220411_V4.xlsx (cleaned_MDL-corrected); FRAM_Stenungsund_biotest_Frankfurt_ESIpos_ESIneg_draft_mdl.csv; MZQuant_FRAM_Stenungsund_2020_vRepository_vDRAFT.xlsx; Target_ECs_WANA_2018_v4.xlsx (Target_ECs_WANA_2018_v2)
Oxyfluorfen,,42874-03-3,OQMBBFQZGJFLBU-UHFFFAOYSA-N,0.5,1,0.5,MDL,Target_ECs_WANA_2018_v4.xlsx (Target_ECs_WANA_2018_v2)
Oxypurinol,,2465-59-0,HXNFUBHNUDHIGC-UHFFFAOYSA-N,0.5,1,0.5,MDL,Target_ECs_WANA_2018_v4.xlsx (Target_ECs_WANA_2018_v2)
p-Benzyldiphenyl,,613-42-3,AGPLQTQFIZBOLI-UHFFFAOYSA-N,2.5835942652395314,1,2.5835942652395314,MDL,Target_ECs_WANA_2018_v4.xlsx (Target_ECs_WANA_2018_v2)
p-Chlorocresol,,59-50-7,CFKMVGJGLGKFKI-UHFFFAOYSA-N,0.5,1,0.5,MDL,Target_ECs_WANA_2018_v4.xlsx (Target_ECs_WANA_2018_v2)
p-Terphenyl,,92-94-4,XJKSTNDFUHDPQJ-UHFFFAOYSA-N,9.76971333511537,1,9.76971333511537,MDL,Target_ECs_WANA_2018_v4.xlsx (Target_ECs_WANA_2018_v2)
p-Toluenesulfonamide,p-Toluenesulfonamide_M+NH4,70-55-3,LMYRWZFENFIFIT-UHFFFAOYSA-N,5.0,3,5.0,MDL,FFM_Holtemme_LVSPE_final_released220411_V4.xlsx (cleaned_MDL-corrected); FRAM_Stenungsund_biotest_Frankfurt_ESIpos_ESIneg_draft_mdl.csv; Target_ECs_WANA_2018_v4.xlsx (Target_ECs_WANA_2018_v2)
p-Tolylsulfate,,3233-58-7,WGNAKZGUSRVWRH-UHFFFAOYSA-N,0.5,1,0.5,MDL,Target_ECs_WANA_2018_v4.xlsx (Target_ECs_WANA_2018_v2)
Palmitoylethanolamide,,544-31-0,HXYVTAGFYLMHSO-UHFFFAOYSA-N,0.5,2,0.5; 10.6,LOQ; MDL,MZQuant_FRAM_Stenungsund_2020_vRepository_vDRAFT.xlsx; Target_ECs_WANA_2018_v4.xlsx (Target_ECs_WANA_2018_v2)
Paramethasone,,53-33-8,MKPDWECBUAZOHP-AFYJWTTESA-N,0.5,1,0.5,MDL,Target_ECs_WANA_2018_v4.xlsx (Target_ECs_WANA_2018_v2)
Parathion-methyl,,298-00-0,RLBIQVVOMOPOHC-UHFFFAOYSA-N,10.0,1,10.0,MDL,Target_ECs_WANA_2018_v4.xlsx (Target_ECs_WANA_2018_v2)
Paraxanthine,,611-59-6,QUNWUDVFRNGTCO-UHFFFAOYSA-N,0.5,2,0.5; 13.1,LOQ; MDL,MZQuant_FRAM_Stenungsund_2020_vRepository_vDRAFT.xlsx; Target_ECs_WANA_2018_v4.xlsx (Target_ECs_WANA_2018_v2)
Paroxetine,,61869-08-7,AHOUBRCZNHFOSL-UHFFFAOYSA-N,1.0,2,1.0,MDL,FFM_Holtemme_LVSPE_final_released220411_V4.xlsx (cleaned_MDL-corrected); Target_ECs_WANA_2018_v4.xlsx (Target_ECs_WANA_2018_v2)
PCB 101,,37680-73-2,LAHWLEDBADHJGA-UHFFFAOYSA-N,1.3383524294172833,1,1.3383524294172833,MDL,Target_ECs_WANA_2018_v4.xlsx (Target_ECs_WANA_2018_v2)
PCB 118,,31508-00-6,IUTPYMGCWINGEY-UHFFFAOYSA-N,8.741717392254825,1,8.741717392254825,MDL,Target_ECs_WANA_2018_v4.xlsx (Target_ECs_WANA_2018_v2)
PCB 138,,35065-28-2,RPUMZMSNLZHIGZ-UHFFFAOYSA-N,11.112360409323575,1,11.112360409323575,MDL,Target_ECs_WANA_2018_v4.xlsx (Target_ECs_WANA_2018_v2)
PCB 149,,38380-04-0,LKHLFUVHHXCNJH-UHFFFAOYSA-N,3.676259529442188,1,3.676259529442188,MDL,Target_ECs_WANA_2018_v4.xlsx (Target_ECs_WANA_2018_v2)
PCB 153,,35065-27-1,MVWHGTYKUMDIHL-UHFFFAOYSA-N,14.357703961824697,1,14.357703961824697,MDL,Target_ECs_WANA_2018_v4.xlsx (Target_ECs_WANA_2018_v2)
PCB 170,,35065-30-6,RMPWIIKNWPVWNG-UHFFFAOYSA-N,28.020278250732574,1,28.020278250732574,MDL,Target_ECs_WANA_2018_v4.xlsx (Target_ECs_WANA_2018_v2)
PCB 18,,37680-65-2,DCMURXAZTZQAFB-UHFFFAOYSA-N,9.59764500844838,1,9.59764500844838,MDL,Target_ECs_WANA_2018_v4.xlsx (Target_ECs_WANA_2018_v2)
PCB 180,,35065-29-3,WBHQEUPUMONIKF-UHFFFAOYSA-N,17.264252470843935,1,17.264252470843935,MDL,Target_ECs_WANA_2018_v4.xlsx (Target_ECs_WANA_2018_v2)
PCB 194,,35694-08-7,DTMRKGRREZAYAP-UHFFFAOYSA-N,40.61121022722914,1,40.61121022722914,MDL,Target_ECs_WANA_2018_v4.xlsx (Target_ECs_WANA_2018_v2)
PCB 209,,2051-24-3,ONXPZLFXDMAPRO-UHFFFAOYSA-N,28.884884833375104,1,28.884884833375104,MDL,Target_ECs_WANA_2018_v4.xlsx (Target_ECs_WANA_2018_v2)
PCB 28,,7012-37-5,BZTYNSQSZHARAZ-UHFFFAOYSA-N,2.766626547743009,1,2.766626547743009,MDL,Target_ECs_WANA_2018_v4.xlsx (Target_ECs_WANA_2018_v2)
PCB 44,,41464-39-5,ALDJIKXAHSDLLB-UHFFFAOYSA-N,2.717667165603246,1,2.717667165603246,MDL,Target_ECs_WANA_2018_v4.xlsx (Target_ECs_WANA_2018_v2)
PCB 52,,35693-99-3,HCWZEPKLWVAEOV-UHFFFAOYSA-N,3.846670826531813,1,3.846670826531813,MDL,Target_ECs_WANA_2018_v4.xlsx (Target_ECs_WANA_2018_v2)
Pencycuron,,66063-05-6,OGYFATSSENRIKG-UHFFFAOYSA-N,0.5,1,0.5,MDL,Target_ECs_WANA_2018_v4.xlsx (Target_ECs_WANA_2018_v2)
Pendimethalin,,40487-42-1,CHIFOSRWCNZCFN-UHFFFAOYSA-N,2.0,2,2.0,MDL,FFM_Holtemme_LVSPE_final_released220411_V4.xlsx (cleaned_MDL-corrected); Target_ECs_WANA_2018_v4.xlsx (Target_ECs_WANA_2018_v2)
Pentachlorobenzene,,608-93-5,CEOCDNVZRAIOQZ-UHFFFAOYSA-N,1.9401988813060327,1,1.9401988813060327,MDL,Target_ECs_WANA_2018_v4.xlsx (Target_ECs_WANA_2018_v2)
Pentachloroethane,,76-01-7,BNIXVQGCZULYKV-UHFFFAOYSA-N,128.96428036580286,1,128.96428036580286,MDL,Target_ECs_WANA_2018_v4.xlsx (Target_ECs_WANA_2018_v2)
Pentachloronitrobenzene,,82-68-8,LKPLKUMXSAEKID-UHFFFAOYSA-N,30.23116997121189,1,30.23116997121189,MDL,Target_ECs_WANA_2018_v4.xlsx (Target_ECs_WANA_2018_v2)
Pentobarbital,,76-74-4,WEXRUCMBJFQVBZ-UHFFFAOYSA-N,0.5,3,0.5; 50.0,LOQ; MDL,FFM_Holtemme_LVSPE_final_released220411_V4.xlsx (cleaned_MDL-corrected); MZQuant_FRAM_Stenungsund_2020_vRepository_vDRAFT.xlsx; Target_ECs_WANA_2018_v4.xlsx (Target_ECs_WANA_2018_v2)
Pentoxifylline,,6493-05-6,BYPFEZZEUUWMEJ-UHFFFAOYSA-N,2.0,2,2.0,MDL,FFM_Holtemme_LVSPE_final_released220411_V4.xlsx (cleaned_MDL-corrected); Target_ECs_WANA_2018_v4.xlsx (Target_ECs_WANA_2018_v2)
Perfluorobutanoic acid,,375-22-4,YPJUNDFVDDCYIH-UHFFFAOYSA-N,0.5,1,0.5,MDL,Target_ECs_WANA_2018_v4.xlsx (Target_ECs_WANA_2018_v2)
Perfluorodecanoic acid,,335-76-2,PCIUEQPBYFRTEM-UHFFFAOYSA-N,1.0,2,1.0,MDL,FFM_Holtemme_LVSPE_final_released220411_V4.xlsx (cleaned_MDL-corrected); Target_ECs_WANA_2018_v4.xlsx (Target_ECs_WANA_2018_v2)
Perfluoroheptanoic acid,,375-85-9,ZWBAMYVPMDSJGQ-UHFFFAOYSA-N,1.0,3,1.0; 20.0,MDL,FFM_Holtemme_LVSPE_final_released220411_V4.xlsx (cleaned_MDL-corrected); FRAM_Stenungsund_biotest_Frankfurt_ESIpos_ESIneg_draft_mdl.csv; Target_ECs_WANA_2018_v4.xlsx (Target_ECs_WANA_2018_v2)
Perfluorohexanoic acid,,307-24-4,PXUULQAPEKKVAH-UHFFFAOYSA-N,2.0,3,2.0,MDL,FFM_Holtemme_LVSPE_final_released220411_V4.xlsx (cleaned_MDL-corrected); FRAM_Stenungsund_biotest_Frankfurt_ESIpos_ESIneg_draft_mdl.csv; Target_ECs_WANA_2018_v4.xlsx (Target_ECs_WANA_2018_v2)
Perfluorooctanesulfonamide,,754-91-6,RRRXPPIDPYTNJG-UHFFFAOYSA-N,1.0,2,1.0,MDL,FFM_Holtemme_LVSPE_final_released220411_V4.xlsx (cleaned_MDL-corrected); Target_ECs_WANA_2018_v4.xlsx (Target_ECs_WANA_2018_v2)
Perfluorooctanesulfonic acid,,1763-23-1,YFSUTJLHUFNCNZ-UHFFFAOYSA-N,1.0,3,1.0,MDL,FFM_Holtemme_LVSPE_final_released220411_V4.xlsx (cleaned_MDL-corrected); MZQuant_FRAM_Stenungsund_2020_vRepository_vDRAFT.xlsx; Target_ECs_WANA_2018_v4.xlsx (Target_ECs_WANA_2018_v2)
Perfluorooctanoic acid,,335-67-1,SNGREZUHAYWORS-UHFFFAOYSA-N,0.1,4,0.1; 0.4; 0.5; 20.0,LOQ; MDL,FFM_Holtemme_LVSPE_final_released220411_V4.xlsx (cleaned_MDL-corrected); FRAM_Stenungsund_biotest_Frankfurt_ESIpos_ESIneg_draft_mdl.csv; MZQuant_FRAM_Stenungsund_2020_vRepository_vDRAFT.xlsx; Target_ECs_WANA_2018_v4.xlsx (Target_ECs_WANA_2018_v2)
Perfluorotetradecanoic acid,,376-06-7,RUDINRUXCKIXAJ-UHFFFAOYSA-N,0.5,1,0.5,MDL,Target_ECs_WANA_2018_v4.xlsx (Target_ECs_WANA_2018_v2)
Permethrin,,52645-53-1,RLLPVAHGXHCWKJ-UHFFFAOYSA-N,48.73177520056713,1,48.73177520056713,MDL,Target_ECs_WANA_2018_v4.xlsx (Target_ECs_WANA_2018_v2)
Perylene,,198-55-0,CSHWQDPOILHKBI-UHFFFAOYSA-N,49.27053272786896,1,49.27053272786896,MDL,Target_ECs_WANA_2018_v4.xlsx (Target_ECs_WANA_2018_v2)
Pethoxamid,,106700-29-2,CSWIKHNSBZVWNQ-UHFFFAOYSA-N,1.0,2,1.0,MDL,FFM_Holtemme_LVSPE_final_released220411_V4.xlsx (cleaned_MDL-corrected); Target_ECs_WANA_2018_v4.xlsx (Target_ECs_WANA_2018_v2)
Phantolide,,15323-35-0,VDBHOHJWUDKDRW-UHFFFAOYSA-N,0.5,1,0.5,MDL,Target_ECs_WANA_2018_v4.xlsx (Target_ECs_WANA_2018_v2)
Phenanthrene,,85-01-8,YNPNZTXNASCQKK-UHFFFAOYSA-N,28.07952458960888,1,28.07952458960888,MDL,Target_ECs_WANA_2018_v4.xlsx (Target_ECs_WANA_2018_v2)
Phenazone,,60-80-0,VEQOALNAAJBPNY-UHFFFAOYSA-N,0.5,4,0.5,MDL,FFM_Holtemme_LVSPE_final_released220411_V4.xlsx (cleaned_MDL-corrected); FRAM_Stenungsund_biotest_Frankfurt_ESIpos_ESIneg_draft_mdl.csv; MZQuant_FRAM_Stenungsund_2020_vRepository_vDRAFT.xlsx; Target_ECs_WANA_2018_v4.xlsx (Target_ECs_WANA_2018_v2)
Phenothiazine,,92-84-2,WJFKNYWRSNBZNX-UHFFFAOYSA-N,0.5,2,0.5; 1.9,LOQ; MDL,MZQuant_FRAM_Stenungsund_2020_vRepository_vDRAFT.xlsx; Target_ECs_WANA_2018_v4.xlsx (Target_ECs_WANA_2018_v2)
Phenylbenzimidazole sulfonic acid,,27503-81-7,UVCJGUGAGLDPAA-UHFFFAOYSA-N,5.0,4,5.0,MDL,FFM_Holtemme_LVSPE_final_released220411_V4.xlsx (cleaned_MDL-corrected); FRAM_Stenungsund_biotest_Frankfurt_ESIpos_ESIneg_draft_mdl.csv; MZQuant_FRAM_Stenungsund_2020_vRepository_vDRAFT.xlsx; Target_ECs_WANA_2018_v4.xlsx (Target_ECs_WANA_2018_v2)
Phenylethylmalonamide,,7206-76-0,JFZHPFOXAAIUMB-UHFFFAOYSA-N,0.1,3,0.1; 0.5; 20.0,LOQ; MDL,FRAM_Stenungsund_biotest_Frankfurt_ESIpos_ESIneg_draft_mdl.csv; MZQuant_FRAM_Stenungsund_2020_vRepository_vDRAFT.xlsx; Target_ECs_WANA_2018_v4.xlsx (Target_ECs_WANA_2018_v2)
Phenylphosphate,,701-64-4,CMPQUABWPXYYSH-UHFFFAOYSA-N,0.5,1,0.5,MDL,Target_ECs_WANA_2018_v4.xlsx (Target_ECs_WANA_2018_v2)
Phloretin,,60-82-2,VGEREEWJJVICBM-UHFFFAOYSA-N,0.5,2,0.5,LOQ; MDL,MZQuant_FRAM_Stenungsund_2020_vRepository_vDRAFT.xlsx; Target_ECs_WANA_2018_v4.xlsx (Target_ECs_WANA_2018_v2)
Phthalamic acid,,88-97-1,CYMRPDYINXWJFU-UHFFFAOYSA-N,0.5,1,0.5,MDL,Target_ECs_WANA_2018_v4.xlsx (Target_ECs_WANA_2018_v2)
Phthalonitrile,,91-15-6,XQZYPMVTSDWCCE-UHFFFAOYSA-N,0.5,1,0.5,MDL,Target_ECs_WANA_2018_v4.xlsx (Target_ECs_WANA_2018_v2)
Picolinafen,,137641-05-5,CWKFPEBMTGKLKX-UHFFFAOYSA-N,10.0,2,10.0,MDL,FFM_Holtemme_LVSPE_final_released220411_V4.xlsx (cleaned_MDL-corrected); Target_ECs_WANA_2018_v4.xlsx (Target_ECs_WANA_2018_v2)
Picoxystrobin,,117428-22-5,IBSNKSODLGJUMQ-SDNWHVSQSA-N,2.0,2,2.0,MDL,FFM_Holtemme_LVSPE_final_released220411_V4.xlsx (cleaned_MDL-corrected); Target_ECs_WANA_2018_v4.xlsx (Target_ECs_WANA_2018_v2)
Pindolol,,13523-86-9,JZQKKSLKJUAGIC-UHFFFAOYSA-N,2.0,3,2.0; 20.0,MDL,FFM_Holtemme_LVSPE_final_released220411_V4.xlsx (cleaned_MDL-corrected); FRAM_Stenungsund_biotest_Frankfurt_ESIpos_ESIneg_draft_mdl.csv; Target_ECs_WANA_2018_v4.xlsx (Target_ECs_WANA_2018_v2)
Pioglitazone,,111025-46-8,HYAFETHFCAUJAY-UHFFFAOYSA-N,2.0,2,2.0,MDL,FFM_Holtemme_LVSPE_final_released220411_V4.xlsx (cleaned_MDL-corrected); Target_ECs_WANA_2018_v4.xlsx (Target_ECs_WANA_2018_v2)
Pipamperone,,1893-33-0,AXKPFOAXAHJUAG-UHFFFAOYSA-N,10.0,2,10.0,MDL,FFM_Holtemme_LVSPE_final_released220411_V4.xlsx (cleaned_MDL-corrected); Target_ECs_WANA_2018_v4.xlsx (Target_ECs_WANA_2018_v2)
Piperine,,94-62-2,MXXWOMGUGJBKIW-YPCIICBESA-N,0.1,4,0.1; 0.5; 2.0,LOQ; MDL,FFM_Holtemme_LVSPE_final_released220411_V4.xlsx (cleaned_MDL-corrected); FRAM_Stenungsund_biotest_Frankfurt_ESIpos_ESIneg_draft_mdl.csv; MZQuant_FRAM_Stenungsund_2020_vRepository_vDRAFT.xlsx; Target_ECs_WANA_2018_v4.xlsx (Target_ECs_WANA_2018_v2)
Piperonyl butoxide,,51-03-6,FIPWRIJSWJWJAI-UHFFFAOYSA-N,5.0,3,5.0,MDL,FFM_Holtemme_LVSPE_final_released220411_V4.xlsx (cleaned_MDL-corrected); MZQuant_FRAM_Stenungsund_2020_vRepository_vDRAFT.xlsx; Target_ECs_WANA_2018_v4.xlsx (Target_ECs_WANA_2018_v2)
Pirimicarb,,23103-98-2,YFGYUFNIOHWBOB-UHFFFAOYSA-N,0.5,3,0.5,MDL,FFM_Holtemme_LVSPE_final_released220411_V4.xlsx (cleaned_MDL-corrected); FRAM_Stenungsund_biotest_Frankfurt_ESIpos_ESIneg_draft_mdl.csv; Target_ECs_WANA_2018_v4.xlsx (Target_ECs_WANA_2018_v2)
Pirimiphos-methyl,,29232-93-7,QHOQHJPRIBSPCY-UHFFFAOYSA-N,1.0,2,1.0,MDL,FFM_Holtemme_LVSPE_final_released220411_V4.xlsx (cleaned_MDL-corrected); Target_ECs_WANA_2018_v4.xlsx (Target_ECs_WANA_2018_v2)
Prallethrin,,23031-36-9,SMKRKQBMYOFFMU-UHFFFAOYSA-N,67.1413652852645,1,67.1413652852645,MDL,Target_ECs_WANA_2018_v4.xlsx (Target_ECs_WANA_2018_v2)
Pravastatin,,81093-37-0,TUZYXOIXSAXUGO-UHFFFAOYSA-N,2.0,2,2.0,MDL,FFM_Holtemme_LVSPE_final_released220411_V4.xlsx (cleaned_MDL-corrected); FRAM_Stenungsund_biotest_Frankfurt_ESIpos_ESIneg_draft_mdl.csv
Pravastatin,,81093-37-0,TUZYXOIXSAXUGO-PZAWKZKUSA-N,2.0,1,2.0,MDL,Target_ECs_WANA_2018_v4.xlsx (Target_ECs_WANA_2018_v2)
Prednisolone,,50-24-8,OIGNJSKKLXVSLS-VWUMJDOOSA-N,4.0,2,4.0,MDL,FRAM_Stenungsund_biotest_Frankfurt_ESIpos_ESIneg_draft_mdl.csv; Target_ECs_WANA_2018_v4.xlsx (Target_ECs_WANA_2018_v2)
Prednisone,,53-03-2,XOFYZVNMUHMLCC-ZPOLXVRWSA-N,1.0,1,1.0,MDL,Target_ECs_WANA_2018_v4.xlsx (Target_ECs_WANA_2018_v2)
Primidone,,125-33-7,DQMZLTXERSFNPB-UHFFFAOYSA-N,10.0,2,10.0,MDL,FFM_Holtemme_LVSPE_final_released220411_V4.xlsx (cleaned_MDL-corrected); Target_ECs_WANA_2018_v4.xlsx (Target_ECs_WANA_2018_v2)
Prochloraz,,67747-09-5,TVLSRXXIMLFWEO-UHFFFAOYSA-N,0.5,2,0.5; 1.0,MDL,FFM_Holtemme_LVSPE_final_released220411_V4.xlsx (cleaned_MDL-corrected); Target_ECs_WANA_2018_v4.xlsx (Target_ECs_WANA_2018_v2)
Prochloraz BTS40348,,67747-01-7,CLFQSOIBYICELN-UHFFFAOYSA-N,0.5,2,0.5,MDL,FFM_Holtemme_LVSPE_final_released220411_V4.xlsx (cleaned_MDL-corrected); Target_ECs_WANA_2018_v4.xlsx (Target_ECs_WANA_2018_v2)
Prochloraz BTS44596,,139542-32-8,RHDVQZWCBQXOJW-UHFFFAOYSA-N,0.5,2,0.5; 0.75,MDL,FFM_Holtemme_LVSPE_final_released220411_V4.xlsx (cleaned_MDL-corrected); Target_ECs_WANA_2018_v4.xlsx (Target_ECs_WANA_2018_v2)
Progesterone,,57-83-0,RJKFOVLPORLFTN-LEKSSAKUSA-N,1.0,2,1.0,MDL,FRAM_Stenungsund_biotest_Frankfurt_ESIpos_ESIneg_draft_mdl.csv; Target_ECs_WANA_2018_v4.xlsx (Target_ECs_WANA_2018_v2)
Promethazin,,60-87-7,PWWVAXIEGOYWEE-UHFFFAOYSA-N,5.0,2,5.0,MDL,MZQuant_FRAM_Stenungsund_2020_vRepository_vDRAFT.xlsx; Target_ECs_WANA_2018_v4.xlsx (Target_ECs_WANA_2018_v2)
Propachlor,,1918-16-7,MFOUDYKPLGXPGO-UHFFFAOYSA-N,0.7,3,0.7; 1.0,MDL,FFM_Holtemme_LVSPE_final_released220411_V4.xlsx (cleaned_MDL-corrected); FRAM_Stenungsund_biotest_Frankfurt_ESIpos_ESIneg_draft_mdl.csv; Target_ECs_WANA_2018_v4.xlsx (Target_ECs_WANA_2018_v2)
Propamocarb,,24579-73-5,WZZLDXDUQPOXNW-UHFFFAOYSA-N,1.0,2,1.0,MDL,FFM_Holtemme_LVSPE_final_released220411_V4.xlsx (cleaned_MDL-corrected); Target_ECs_WANA_2018_v4.xlsx (Target_ECs_WANA_2018_v2)
Propanil,,709-98-8,LFULEKSKNZEWOE-UHFFFAOYSA-N,1.0,2,1.0; 2.0,MDL,FFM_Holtemme_LVSPE_final_released220411_V4.xlsx (cleaned_MDL-corrected); Target_ECs_WANA_2018_v4.xlsx (Target_ECs_WANA_2018_v2)
Propargite,,2312-35-8,ZYHMJXZULPZUED-UHFFFAOYSA-N,0.5,1,0.5,MDL,Target_ECs_WANA_2018_v4.xlsx (Target_ECs_WANA_2018_v2)
Propiconazole,,60207-90-1,STJLVHWMYQXCPB-UHFFFAOYSA-N,0.7,4,0.7,MDL,FFM_Holtemme_LVSPE_final_released220411_V4.xlsx (cleaned_MDL-corrected); FRAM_Stenungsund_biotest_Frankfurt_ESIpos_ESIneg_draft_mdl.csv; MZQuant_FRAM_Stenungsund_2020_vRepository_vDRAFT.xlsx; Target_ECs_WANA_2018_v4.xlsx (Target_ECs_WANA_2018_v2)
Propoxycarbazone,,145026-81-9,JTHMVYBOQLDDIY-UHFFFAOYSA-N,5.0,2,5.0,MDL,FFM_Holtemme_LVSPE_final_released220411_V4.xlsx (cleaned_MDL-corrected); Target_ECs_WANA_2018_v4.xlsx (Target_ECs_WANA_2018_v2)
Propranolol,,525-66-6,AQHHHDLHHXJYJD-UHFFFAOYSA-N,1.0,4,1.0,MDL,FFM_Holtemme_LVSPE_final_released220411_V4.xlsx (cleaned_MDL-corrected); FRAM_Stenungsund_biotest_Frankfurt_ESIpos_ESIneg_draft_mdl.csv; MZQuant_FRAM_Stenungsund_2020_vRepository_vDRAFT.xlsx; Target_ECs_WANA_2018_v4.xlsx (Target_ECs_WANA_2018_v2)
Propylparaben,,94-13-3,QELSKZZBTMNZEB-UHFFFAOYSA-N,0.5,1,0.5,MDL,Target_ECs_WANA_2018_v4.xlsx (Target_ECs_WANA_2018_v2)
Propyphenazone,,479-92-5,PXWLVJLKJGVOKE-UHFFFAOYSA-N,0.7,3,0.7,MDL,FFM_Holtemme_LVSPE_final_released220411_V4.xlsx (cleaned_MDL-corrected); FRAM_Stenungsund_biotest_Frankfurt_ESIpos_ESIneg_draft_mdl.csv; Target_ECs_WANA_2018_v4.xlsx (Target_ECs_WANA_2018_v2)
Propyzamide,,23950-58-5,PHNUZKMIPFFYSO-UHFFFAOYSA-N,1.0,2,1.0,MDL,FFM_Holtemme_LVSPE_final_released220411_V4.xlsx (cleaned_MDL-corrected); Target_ECs_WANA_2018_v4.xlsx (Target_ECs_WANA_2018_v2)
Prosulfocarb,,52888-80-9,NQLVQOSNDJXLKG-UHFFFAOYSA-N,0.75,4,0.75; 1.0,MDL,FFM_Holtemme_LVSPE_final_released220411_V4.xlsx (cleaned_MDL-corrected); FRAM_Stenungsund_biotest_Frankfurt_ESIpos_ESIneg_draft_mdl.csv; MZQuant_FRAM_Stenungsund_2020_vRepository_vDRAFT.xlsx; Target_ECs_WANA_2018_v4.xlsx (Target_ECs_WANA_2018_v2)
Prosulfuron,,94125-34-5,LTUNNEGNEKBSEH-UHFFFAOYSA-N,0.5,2,0.5; 2.0,MDL,FFM_Holtemme_LVSPE_final_released220411_V4.xlsx (cleaned_MDL-corrected); Target_ECs_WANA_2018_v4.xlsx (Target_ECs_WANA_2018_v2)
Prothioconazole-desthio,,120983-64-4,HHUQPWODPBDTLI-UHFFFAOYSA-N,0.7,2,0.7,MDL,FFM_Holtemme_LVSPE_final_released220411_V4.xlsx (cleaned_MDL-corrected); Target_ECs_WANA_2018_v4.xlsx (Target_ECs_WANA_2018_v2)
Pyraclostrobin,,175013-18-0,HZRSNVGNWUDEFX-UHFFFAOYSA-N,1.0,2,1.0,MDL,FFM_Holtemme_LVSPE_final_released220411_V4.xlsx (cleaned_MDL-corrected); Target_ECs_WANA_2018_v4.xlsx (Target_ECs_WANA_2018_v2)
Pyrazophos,,13457-18-6,JOOMJVFZQRQWKR-UHFFFAOYSA-N,1.0,2,1.0,MDL,FFM_Holtemme_LVSPE_final_released220411_V4.xlsx (cleaned_MDL-corrected); Target_ECs_WANA_2018_v4.xlsx (Target_ECs_WANA_2018_v2)
Pyrene,,129-00-0,BBEAQIROQSPTKN-UHFFFAOYSA-N,20.590596711711076,1,20.590596711711076,MDL,Target_ECs_WANA_2018_v4.xlsx (Target_ECs_WANA_2018_v2)
Pyridaben,,96489-71-3,DWFZBUWUXWZWKD-UHFFFAOYSA-N,0.5,2,0.5; 2.0,MDL,FFM_Holtemme_LVSPE_final_released220411_V4.xlsx (cleaned_MDL-corrected); Target_ECs_WANA_2018_v4.xlsx (Target_ECs_WANA_2018_v2)
Pyrimethanil,,53112-28-0,ZLIBICFPKPWGIZ-UHFFFAOYSA-N,0.5,1,0.5,MDL,Target_ECs_WANA_2018_v4.xlsx (Target_ECs_WANA_2018_v2)
Pyriproxyfen,,95737-68-1,NHDHVHZZCFYRSB-UHFFFAOYSA-N,0.35,2,0.35; 0.5,MDL,FFM_Holtemme_LVSPE_final_released220411_V4.xlsx (cleaned_MDL-corrected); Target_ECs_WANA_2018_v4.xlsx (Target_ECs_WANA_2018_v2)
Pyrithione,,1121-30-8,YBBJKCMMCRQZMA-UHFFFAOYSA-N,0.5,1,0.5,MDL,Target_ECs_WANA_2018_v4.xlsx (Target_ECs_WANA_2018_v2)
Quaternium-15 (free base),,56060-15-2,LDLCEGCJYSDJLX-UPHRSURJSA-N,0.5,1,0.5,MDL,Target_ECs_WANA_2018_v4.xlsx (Target_ECs_WANA_2018_v2)
Quinmerac,,90717-03-6,ALZOLUNSQWINIR-UHFFFAOYSA-N,1.0,3,1.0,MDL,FRAM_Stenungsund_biotest_Frankfurt_ESIpos_ESIneg_draft_mdl.csv; MZQuant_FRAM_Stenungsund_2020_vRepository_vDRAFT.xlsx; Target_ECs_WANA_2018_v4.xlsx (Target_ECs_WANA_2018_v2)
Quinmerac BH518-2,,90717-07-0,ZYIDIAPHYHJMCU-UHFFFAOYSA-N,0.5,1,0.5,MDL,Target_ECs_WANA_2018_v4.xlsx (Target_ECs_WANA_2018_v2)
Quinoline,,91-22-5,SMWDFEZZVXVKRB-UHFFFAOYSA-N,0.5,3,0.5; 10.0; 20.0,MDL,FFM_Holtemme_LVSPE_final_released220411_V4.xlsx (cleaned_MDL-corrected); FRAM_Stenungsund_biotest_Frankfurt_ESIpos_ESIneg_draft_mdl.csv; Target_ECs_WANA_2018_v4.xlsx (Target_ECs_WANA_2018_v2)
Quinoline N-oxide,,1613-37-2,GIIWGCBLYNDKBO-UHFFFAOYSA-N,0.5,2,0.5; 10.0,MDL,FFM_Holtemme_LVSPE_final_released220411_V4.xlsx (cleaned_MDL-corrected); Target_ECs_WANA_2018_v4.xlsx (Target_ECs_WANA_2018_v2)
Quinoxyfen,,124495-18-7,WRPIRSINYZBGPK-UHFFFAOYSA-N,1.0,2,1.0,MDL,FFM_Holtemme_LVSPE_final_released220411_V4.xlsx (cleaned_MDL-corrected); Target_ECs_WANA_2018_v4.xlsx (Target_ECs_WANA_2018_v2)
Quizalofop,,76578-12-6,ABOOPXYCKNFDNJ-UHFFFAOYNA-N,0.5,1,0.5,MDL,Target_ECs_WANA_2018_v4.xlsx (Target_ECs_WANA_2018_v2)
Raloxifene,,84449-90-1,GZUITABIAKMVPG-UHFFFAOYSA-N,2.0,3,2.0,MDL,FFM_Holtemme_LVSPE_final_released220411_V4.xlsx (cleaned_MDL-corrected); MZQuant_FRAM_Stenungsund_2020_vRepository_vDRAFT.xlsx; Target_ECs_WANA_2018_v4.xlsx (Target_ECs_WANA_2018_v2)
Ranitidine,,66357-35-5,VMXUWOKSQNHOCA-UKTHLTGXSA-N,6.5,4,6.5; 8.0,MDL,FFM_Holtemme_LVSPE_final_released220411_V4.xlsx (cleaned_MDL-corrected); FRAM_Stenungsund_biotest_Frankfurt_ESIpos_ESIneg_draft_mdl.csv; MZQuant_FRAM_Stenungsund_2020_vRepository_vDRAFT.xlsx; Target_ECs_WANA_2018_v4.xlsx (Target_ECs_WANA_2018_v2)
Rimsulfuron,,122931-48-0,MEFOUWRMVYJCQC-UHFFFAOYSA-N,0.5,1,0.5,MDL,Target_ECs_WANA_2018_v4.xlsx (Target_ECs_WANA_2018_v2)
Risperidone,,106266-06-2,RAPZEAPATHNIPO-UHFFFAOYSA-N,2.0,3,2.0,MDL,FFM_Holtemme_LVSPE_final_released220411_V4.xlsx (cleaned_MDL-corrected); FRAM_Stenungsund_biotest_Frankfurt_ESIpos_ESIneg_draft_mdl.csv; Target_ECs_WANA_2018_v4.xlsx (Target_ECs_WANA_2018_v2)
Ropinirole,,91374-21-9,UHSKFQJFRQCDBE-UHFFFAOYSA-N,5.0,2,5.0,MDL,FFM_Holtemme_LVSPE_final_released220411_V4.xlsx (cleaned_MDL-corrected); Target_ECs_WANA_2018_v4.xlsx (Target_ECs_WANA_2018_v2)
Roxithromycin,,80214-83-1,RXZBMPWDPOLZGW-HITVVWEBSA-N,2.0,2,2.0,MDL,FFM_Holtemme_LVSPE_final_released220411_V4.xlsx (cleaned_MDL-corrected); Target_ECs_WANA_2018_v4.xlsx (Target_ECs_WANA_2018_v2)
Saccharin,,128-44-9,CVHZOJJKTDOEJC-UHFFFAOYSA-N,10.0,1,10.0,MDL,Target_ECs_WANA_2018_v4.xlsx (Target_ECs_WANA_2018_v2)
Salicylic acid,,69-72-7,YGSDEFSMJLZEOE-UHFFFAOYSA-N,0.5,2,0.5; 200.0,MDL,FRAM_Stenungsund_biotest_Frankfurt_ESIpos_ESIneg_draft_mdl.csv; Target_ECs_WANA_2018_v4.xlsx (Target_ECs_WANA_2018_v2)
Salinomycin,,53003-10-4,KQXDHUJYNAXLNZ-XQSDOZFQSA-N,0.5,2,0.5; 2.0,MDL,FFM_Holtemme_LVSPE_final_released220411_V4.xlsx (cleaned_MDL-corrected); Target_ECs_WANA_2018_v4.xlsx (Target_ECs_WANA_2018_v2)
Scopolamine-N-butyl,,,HOZOZZFCZRXYEK-GXLSIKBRSA-M,1.0,1,1.0,MDL,FFM_Holtemme_LVSPE_final_released220411_V4.xlsx (cleaned_MDL-corrected)
Scopolamine-N-butyl,,149-64-4,YBCNXCRZPWQOBR-WVHCHWADSA-N,1.0,1,1.0,MDL,Target_ECs_WANA_2018_v4.xlsx (Target_ECs_WANA_2018_v2)
Secobarbital,,76-73-3,KQPKPCNLIDLUMF-UHFFFAOYSA-N,0.5,3,0.5; 50.0; 80.0,LOQ; MDL,FFM_Holtemme_LVSPE_final_released220411_V4.xlsx (cleaned_MDL-corrected); MZQuant_FRAM_Stenungsund_2020_vRepository_vDRAFT.xlsx; Target_ECs_WANA_2018_v4.xlsx (Target_ECs_WANA_2018_v2)
Sertraline,,79617-96-2,VGKDLMBJGBXTGI-SJCJKPOMSA-N,2.0,3,2.0,MDL,FFM_Holtemme_LVSPE_final_released220411_V4.xlsx (cleaned_MDL-corrected); MZQuant_FRAM_Stenungsund_2020_vRepository_vDRAFT.xlsx; Target_ECs_WANA_2018_v4.xlsx (Target_ECs_WANA_2018_v2)
Sidenafil,Sildenafil,139755-83-2,BNRNXUUZRGQAQC-UHFFFAOYSA-N,0.2,2,0.2; 0.5,LOQ; MDL,MZQuant_FRAM_Stenungsund_2020_vRepository_vDRAFT.xlsx; Target_ECs_WANA_2018_v4.xlsx (Target_ECs_WANA_2018_v2)
Simazine,,122-34-9,ODCWYMIRDDJXKW-UHFFFAOYSA-N,1.0,2,1.0,MDL,FFM_Holtemme_LVSPE_final_released220411_V4.xlsx (cleaned_MDL-corrected); Target_ECs_WANA_2018_v4.xlsx (Target_ECs_WANA_2018_v2)
Simazine 2-Hydroxy,,2599-11-3,YQIXRXMOJFQVBV-UHFFFAOYSA-N,0.5,3,0.5; 5.0,MDL,FFM_Holtemme_LVSPE_final_released220411_V4.xlsx (cleaned_MDL-corrected); FRAM_Stenungsund_biotest_Frankfurt_ESIpos_ESIneg_draft_mdl.csv; Target_ECs_WANA_2018_v4.xlsx (Target_ECs_WANA_2018_v2)
Simetryn,,1014-70-6,MGLWZSOBALDPEK-UHFFFAOYSA-N,0.7,3,0.7; 1.0,MDL,FFM_Holtemme_LVSPE_final_released220411_V4.xlsx (cleaned_MDL-corrected); FRAM_Stenungsund_biotest_Frankfurt_ESIpos_ESIneg_draft_mdl.csv; Target_ECs_WANA_2018_v4.xlsx (Target_ECs_WANA_2018_v2)
Sotalol,,3930-20-9,ZBMZVLHSJCTVON-UHFFFAOYSA-N,2.5,3,2.5,MDL,FFM_Holtemme_LVSPE_final_released220411_V4.xlsx (cleaned_MDL-corrected); MZQuant_FRAM_Stenungsund_2020_vRepository_vDRAFT.xlsx; Target_ECs_WANA_2018_v4.xlsx (Target_ECs_WANA_2018_v2)
Spinosyn A,,131929-60-7,SRJQTHAZUNRMPR-UYQKXTDMSA-N,0.5,3,0.5; 5.0; 10.0,LOQ; MDL,FFM_Holtemme_LVSPE_final_released220411_V4.xlsx (cleaned_MDL-corrected); MZQuant_FRAM_Stenungsund_2020_vRepository_vDRAFT.xlsx; Target_ECs_WANA_2018_v4.xlsx (Target_ECs_WANA_2018_v2)
Spirodiclofen,,148477-71-8,DTDSAWVUFPGDMX-UHFFFAOYSA-N,0.5,1,0.5,MDL,Target_ECs_WANA_2018_v4.xlsx (Target_ECs_WANA_2018_v2)
Spiroxamine,,118134-30-8,PUYXTUJWRLOUCW-UHFFFAOYSA-N,1.0,3,1.0,MDL,FFM_Holtemme_LVSPE_final_released220411_V4.xlsx (cleaned_MDL-corrected); MZQuant_FRAM_Stenungsund_2020_vRepository_vDRAFT.xlsx; Target_ECs_WANA_2018_v4.xlsx (Target_ECs_WANA_2018_v2)
Sucralose,,56038-13-2,BAQAVOSOZGMPRM-UHFFFAOYSA-N,40.0,2,40.0; 45.0,MDL,FFM_Holtemme_LVSPE_final_released220411_V4.xlsx (cleaned_MDL-corrected); MZQuant_FRAM_Stenungsund_2020_vRepository_vDRAFT.xlsx
Sucralose,,56038-13-2,BAQAVOSOZGMPRM-QBMZZYIRSA-N,40.0,1,40.0,MDL,Target_ECs_WANA_2018_v4.xlsx (Target_ECs_WANA_2018_v2)
Sulcotrione,,99105-77-8,PQTBTIFWAXVEPB-UHFFFAOYSA-N,5.0,2,5.0; 999.0,MDL,FFM_Holtemme_LVSPE_final_released220411_V4.xlsx (cleaned_MDL-corrected); Target_ECs_WANA_2018_v4.xlsx (Target_ECs_WANA_2018_v2)
Sulfadimethoxine,,122-11-2,ZZORFUFYDOWNEF-UHFFFAOYSA-N,1.0,2,1.0,MDL,FFM_Holtemme_LVSPE_final_released220411_V4.xlsx (cleaned_MDL-corrected); Target_ECs_WANA_2018_v4.xlsx (Target_ECs_WANA_2018_v2)
Sulfamethazine,,57-68-1,ASWVTGNCAZCNNR-UHFFFAOYSA-N,5.0,1,5.0,MDL,Target_ECs_WANA_2018_v4.xlsx (Target_ECs_WANA_2018_v2)
Sulfamethoxazole,,723-46-6,JLKIGFTWXXRPMT-UHFFFAOYSA-N,1.5,4,1.5; 2.0,MDL,FFM_Holtemme_LVSPE_final_released220411_V4.xlsx (cleaned_MDL-corrected); FRAM_Stenungsund_biotest_Frankfurt_ESIpos_ESIneg_draft_mdl.csv; MZQuant_FRAM_Stenungsund_2020_vRepository_vDRAFT.xlsx; Target_ECs_WANA_2018_v4.xlsx (Target_ECs_WANA_2018_v2)
Sulfapyridine,,144-83-2,GECHUMIMRBOMGK-UHFFFAOYSA-N,5.0,4,5.0,MDL,FFM_Holtemme_LVSPE_final_released220411_V4.xlsx (cleaned_MDL-corrected); FRAM_Stenungsund_biotest_Frankfurt_ESIpos_ESIneg_draft_mdl.csv; MZQuant_FRAM_Stenungsund_2020_vRepository_vDRAFT.xlsx; Target_ECs_WANA_2018_v4.xlsx (Target_ECs_WANA_2018_v2)
Sulfathiazole,,72-14-0,JNMRHUJNCSQMMB-UHFFFAOYSA-N,2.5,2,2.5,MDL,FFM_Holtemme_LVSPE_final_released220411_V4.xlsx (cleaned_MDL-corrected); Target_ECs_WANA_2018_v4.xlsx (Target_ECs_WANA_2018_v2)
Tacrolimus,,,QJJXYPPXXYFBGM-NYOQZLQMSA-N,5.0,1,5.0,MDL,FFM_Holtemme_LVSPE_final_released220411_V4.xlsx (cleaned_MDL-corrected)
Tacrolimus,,104987-11-3,QJJXYPPXXYFBGM-LFZNUXCKSA-N,5.0,1,5.0,MDL,Target_ECs_WANA_2018_v4.xlsx (Target_ECs_WANA_2018_v2)
Talampanel,,161832-65-1,JACAAXNEHGBPOQ-LLVKDONJSA-N,0.5,1,0.5,MDL,Target_ECs_WANA_2018_v4.xlsx (Target_ECs_WANA_2018_v2)
Tamoxifen,,10540-29-1,NKANXQFJJICGDU-QPLCGJKRSA-N,5.0,2,5.0,MDL,FFM_Holtemme_LVSPE_final_released220411_V4.xlsx (cleaned_MDL-corrected); Target_ECs_WANA_2018_v4.xlsx (Target_ECs_WANA_2018_v2)
Taxifolin,,480-18-2,CXQWRCVTCMQVQX-LSDHHAIUSA-N,0.5,2,0.5; 2.6,LOQ; MDL,MZQuant_FRAM_Stenungsund_2020_vRepository_vDRAFT.xlsx; Target_ECs_WANA_2018_v4.xlsx (Target_ECs_WANA_2018_v2)
TDCPP,,13674-87-8,ASLWPAWFJZFCKF-UHFFFAOYSA-N,6.0,3,6.0,MDL,FFM_Holtemme_LVSPE_final_released220411_V4.xlsx (cleaned_MDL-corrected); MZQuant_FRAM_Stenungsund_2020_vRepository_vDRAFT.xlsx; Target_ECs_WANA_2018_v4.xlsx (Target_ECs_WANA_2018_v2)
Tebuconazole,,107534-96-3,PXMNMQRDXWABCY-UHFFFAOYSA-N,0.7,4,0.7,MDL,FFM_Holtemme_LVSPE_final_released220411_V4.xlsx (cleaned_MDL-corrected); FRAM_Stenungsund_biotest_Frankfurt_ESIpos_ESIneg_draft_mdl.csv; MZQuant_FRAM_Stenungsund_2020_vRepository_vDRAFT.xlsx; Target_ECs_WANA_2018_v4.xlsx (Target_ECs_WANA_2018_v2)
Tefluthrin,,79538-32-2,ZFHGXWPMULPQSE-SZGBIDFHSA-N,3.640092757576374,1,3.640092757576374,MDL,Target_ECs_WANA_2018_v4.xlsx (Target_ECs_WANA_2018_v2)
Telmisartan,,144701-48-4,RMMXLENWKUUMAY-UHFFFAOYSA-N,0.1,4,0.1; 0.5; 1.25; 50.0,LOQ; MDL,FFM_Holtemme_LVSPE_final_released220411_V4.xlsx (cleaned_MDL-corrected); FRAM_Stenungsund_biotest_Frankfurt_ESIpos_ESIneg_draft_mdl.csv; MZQuant_FRAM_Stenungsund_2020_vRepository_vDRAFT.xlsx; Target_ECs_WANA_2018_v4.xlsx (Target_ECs_WANA_2018_v2)
Temazepam,,846-50-4,SEQDDYPDSLOBDC-UHFFFAOYSA-N,1.0,4,1.0,MDL,FFM_Holtemme_LVSPE_final_released220411_V4.xlsx (cleaned_MDL-corrected); FRAM_Stenungsund_biotest_Frankfurt_ESIpos_ESIneg_draft_mdl.csv; MZQuant_FRAM_Stenungsund_2020_vRepository_vDRAFT.xlsx; Target_ECs_WANA_2018_v4.xlsx (Target_ECs_WANA_2018_v2)
Tepraloxydim,,149979-41-9,IOYNQIMAUDJVEI-ZFNPBRLTSA-N,0.5,2,0.5; 1.0,MDL,FFM_Holtemme_LVSPE_final_released220411_V4.xlsx (cleaned_MDL-corrected); Target_ECs_WANA_2018_v4.xlsx (Target_ECs_WANA_2018_v2)
Terbinafine,,91161-71-6,DOMXUEMWDBAQBQ-WEVVVXLNSA-N,2.0,2,2.0; 15.0,MDL,FFM_Holtemme_LVSPE_final_released220411_V4.xlsx (cleaned_MDL-corrected); Target_ECs_WANA_2018_v4.xlsx (Target_ECs_WANA_2018_v2)
Terbuthylazine,,5915-41-3,FZXISNSWEXTPMF-UHFFFAOYSA-N,0.6,4,0.6; 1.0,MDL,FFM_Holtemme_LVSPE_final_released220411_V4.xlsx (cleaned_MDL-corrected); FRAM_Stenungsund_biotest_Frankfurt_ESIpos_ESIneg_draft_mdl.csv; MZQuant_FRAM_Stenungsund_2020_vRepository_vDRAFT.xlsx; Target_ECs_WANA_2018_v4.xlsx (Target_ECs_WANA_2018_v2)
Terbuthylazine-2-hydroxy,,66753-07-9,OYTCZOJKXCTBHG-UHFFFAOYSA-N,4.0,4,4.0,MDL,FFM_Holtemme_LVSPE_final_released220411_V4.xlsx (cleaned_MDL-corrected); FRAM_Stenungsund_biotest_Frankfurt_ESIpos_ESIneg_draft_mdl.csv; MZQuant_FRAM_Stenungsund_2020_vRepository_vDRAFT.xlsx; Target_ECs_WANA_2018_v4.xlsx (Target_ECs_WANA_2018_v2)
Terbutryn,,886-50-0,IROINLKCQGIITA-UHFFFAOYSA-N,0.7,3,0.7,MDL,FFM_Holtemme_LVSPE_final_released220411_V4.xlsx (cleaned_MDL-corrected); FRAM_Stenungsund_biotest_Frankfurt_ESIpos_ESIneg_draft_mdl.csv; Target_ECs_WANA_2018_v4.xlsx (Target_ECs_WANA_2018_v2)
Testosterone,,58-22-0,MUMGGOZAMZWBJJ-DYKIIFRCSA-N,1.0,2,1.0,MDL,FRAM_Stenungsund_biotest_Frankfurt_ESIpos_ESIneg_draft_mdl.csv; Target_ECs_WANA_2018_v4.xlsx (Target_ECs_WANA_2018_v2)
Tetraacetylethylenediamine,,10543-57-4,FRPJTGXMTIIFIT-UHFFFAOYSA-N,0.5,1,0.5,MDL,Target_ECs_WANA_2018_v4.xlsx (Target_ECs_WANA_2018_v2)
Tetrabromobisphenol A,,79-94-7,VEORPZCZECFIRK-UHFFFAOYSA-N,10.0,2,10.0,MDL,FFM_Holtemme_LVSPE_final_released220411_V4.xlsx (cleaned_MDL-corrected); Target_ECs_WANA_2018_v4.xlsx (Target_ECs_WANA_2018_v2)
Tetrabutylammonium,,10549-76-5,DZLFLBLQUQXARW-UHFFFAOYSA-N,0.5,2,0.5; 0.9,LOQ; MDL,MZQuant_FRAM_Stenungsund_2020_vRepository_vDRAFT.xlsx; Target_ECs_WANA_2018_v4.xlsx (Target_ECs_WANA_2018_v2)
Tetracain,,94-24-6,GKCBAIGFKIBETG-UHFFFAOYSA-N,1.0,3,1.0,MDL,FFM_Holtemme_LVSPE_final_released220411_V4.xlsx (cleaned_MDL-corrected); FRAM_Stenungsund_biotest_Frankfurt_ESIpos_ESIneg_draft_mdl.csv; Target_ECs_WANA_2018_v4.xlsx (Target_ECs_WANA_2018_v2)
Tetrachlorosalicylanilide,,1154-59-2,SJQBHPJLLIJASD-UHFFFAOYSA-N,1.0,2,1.0,MDL,FFM_Holtemme_LVSPE_final_released220411_V4.xlsx (cleaned_MDL-corrected); Target_ECs_WANA_2018_v4.xlsx (Target_ECs_WANA_2018_v2)
Tetradecylsulfate,,4754-44-3,URLJMZWTXZTZRR-UHFFFAOYSA-N,0.5,1,0.5,MDL,Target_ECs_WANA_2018_v4.xlsx (Target_ECs_WANA_2018_v2)
Tetraethyleneglycol monobutyl ether,,23783-42-8,ZNYRFEPBTVGZDN-UHFFFAOYSA-N,0.5,2,0.5; 2.6,LOQ; MDL,MZQuant_FRAM_Stenungsund_2020_vRepository_vDRAFT.xlsx; Target_ECs_WANA_2018_v4.xlsx (Target_ECs_WANA_2018_v2)
Tetraglyme,Tetraglyme_M+NH4,143-24-8,ZUHZGEOKBKGPSW-UHFFFAOYSA-N,2.5,4,2.5,MDL,FFM_Holtemme_LVSPE_final_released220411_V4.xlsx (cleaned_MDL-corrected); FRAM_Stenungsund_biotest_Frankfurt_ESIpos_ESIneg_draft_mdl.csv; MZQuant_FRAM_Stenungsund_2020_vRepository_vDRAFT.xlsx; Target_ECs_WANA_2018_v4.xlsx (Target_ECs_WANA_2018_v2)
Tetramethylthiuram monosulfide,,97-74-5,REQPQFUJGGOFQL-UHFFFAOYSA-N,0.5,1,0.5,MDL,Target_ECs_WANA_2018_v4.xlsx (Target_ECs_WANA_2018_v2)
Tetrapropylammonium,,13010-31-6,OSBSFAARYOCBHB-UHFFFAOYSA-N,0.5,2,0.5; 0.75,MDL,FFM_Holtemme_LVSPE_final_released220411_V4.xlsx (cleaned_MDL-corrected); Target_ECs_WANA_2018_v4.xlsx (Target_ECs_WANA_2018_v2)
Theobromine,,83-67-0,YAPQBXQYLJRXSA-UHFFFAOYSA-N,0.5,2,0.5; 11.9,LOQ; MDL,MZQuant_FRAM_Stenungsund_2020_vRepository_vDRAFT.xlsx; Target_ECs_WANA_2018_v4.xlsx (Target_ECs_WANA_2018_v2)
Theophyllin,,58-55-9,ZFXYFBGIUFBOJW-UHFFFAOYSA-N,10.0,2,10.0,MDL,MZQuant_FRAM_Stenungsund_2020_vRepository_vDRAFT.xlsx; Target_ECs_WANA_2018_v4.xlsx (Target_ECs_WANA_2018_v2)
Thiabendazole,,148-79-8,WJCNZQLZVWNLKY-UHFFFAOYSA-N,2.5,4,2.5,MDL,FFM_Holtemme_LVSPE_final_released220411_V4.xlsx (cleaned_MDL-corrected); FRAM_Stenungsund_biotest_Frankfurt_ESIpos_ESIneg_draft_mdl.csv; MZQuant_FRAM_Stenungsund_2020_vRepository_vDRAFT.xlsx; Target_ECs_WANA_2018_v4.xlsx (Target_ECs_WANA_2018_v2)
Thiacloprid,,,HOKKPVIRMVDYPB-GXDHUFHOSA-N,1.0,1,1.0,MDL,FFM_Holtemme_LVSPE_final_released220411_V4.xlsx (cleaned_MDL-corrected)
Thiacloprid,,111988-49-9,HOKKPVIRMVDYPB-UHFFFAOYSA-N,1.0,1,1.0,MDL,Target_ECs_WANA_2018_v4.xlsx (Target_ECs_WANA_2018_v2)
Thiacloprid amide,,676228-91-4,LEZHOZPJYAQQNU-UVTDQMKNSA-N,1.0,2,1.0,MDL,FFM_Holtemme_LVSPE_final_released220411_V4.xlsx (cleaned_MDL-corrected); Target_ECs_WANA_2018_v4.xlsx (Target_ECs_WANA_2018_v2)
Thiadone,,84352-75-0,JFZSAWUKZISBJM-UHFFFAOYSA-N,0.5,2,0.5; 15.0,MDL,FFM_Holtemme_LVSPE_final_released220411_V4.xlsx (cleaned_MDL-corrected); Target_ECs_WANA_2018_v4.xlsx (Target_ECs_WANA_2018_v2)
Thiamethoxam,,153719-23-4,NWWZPOKUUAIXIW-DHZHZOJOSA-N,1.0,2,1.0,MDL,FFM_Holtemme_LVSPE_final_released220411_V4.xlsx (cleaned_MDL-corrected); Target_ECs_WANA_2018_v4.xlsx (Target_ECs_WANA_2018_v2)
Thifensulfuron-methyl,,79277-27-3,AHTPATJNIAFOLR-UHFFFAOYSA-N,0.5,1,0.5,MDL,Target_ECs_WANA_2018_v4.xlsx (Target_ECs_WANA_2018_v2)
Thiophanate-methyl,,23564-05-8,QGHREAKMXXNCOA-UHFFFAOYSA-N,0.5,1,0.5,MDL,Target_ECs_WANA_2018_v4.xlsx (Target_ECs_WANA_2018_v2)
Thymol,,89-83-8,MGSRCZKZVOBKFT-UHFFFAOYSA-N,0.5,1,0.5,MDL,Target_ECs_WANA_2018_v4.xlsx (Target_ECs_WANA_2018_v2)
TMDD,,126-86-3,LXOFYPKXCSULTL-UHFFFAOYSA-N,35.0,2,35.0; 100.0,MDL,FFM_Holtemme_LVSPE_final_released220411_V4.xlsx (cleaned_MDL-corrected); Target_ECs_WANA_2018_v4.xlsx (Target_ECs_WANA_2018_v2)
Tonalide,,21145-77-7,DNRJTBAOUJJKDY-UHFFFAOYSA-N,2.0,2,2.0,MDL,MZQuant_FRAM_Stenungsund_2020_vRepository_vDRAFT.xlsx; Target_ECs_WANA_2018_v4.xlsx (Target_ECs_WANA_2018_v2)
Torasemide,,56211-40-6,NGBFQHCMQULJNZ-UHFFFAOYSA-N,0.5,2,0.5; 2.0,MDL,FFM_Holtemme_LVSPE_final_released220411_V4.xlsx (cleaned_MDL-corrected); Target_ECs_WANA_2018_v4.xlsx (Target_ECs_WANA_2018_v2)
TOSU,,126-54-5,BGCSUUSPRCDKBQ-UHFFFAOYSA-N,0.5,1,0.5,MDL,Target_ECs_WANA_2018_v4.xlsx (Target_ECs_WANA_2018_v2)
Tramadol,,27203-92-5,TVYLLZQTGLZFBW-ZBFHGGJFSA-N,2.5,4,2.5; 3.0,MDL,FFM_Holtemme_LVSPE_final_released220411_V4.xlsx (cleaned_MDL-corrected); FRAM_Stenungsund_biotest_Frankfurt_ESIpos_ESIneg_draft_mdl.csv; MZQuant_FRAM_Stenungsund_2020_vRepository_vDRAFT.xlsx; Target_ECs_WANA_2018_v4.xlsx (Target_ECs_WANA_2018_v2)
trans-a-Methylstilben,,779-51-1,OVZXISBUYCEVEV-OUKQBFOZSA-N,11.669096536951933,1,11.669096536951933,MDL,Target_ECs_WANA_2018_v4.xlsx (Target_ECs_WANA_2018_v2)
trans-Heptachlor epoxide,,28044-83-9,ZXFXBSWRVIQKOD-WOBUKFROSA-N,8.416047546455133,1,8.416047546455133,MDL,Target_ECs_WANA_2018_v4.xlsx (Target_ECs_WANA_2018_v2)
Transfluthrin,,118712-89-3,DDVNRFNDOPPVQJ-HQJQHLMTSA-N,4.7934024428121464,1,4.7934024428121464,MDL,Target_ECs_WANA_2018_v4.xlsx (Target_ECs_WANA_2018_v2)
Trenbolone,,10161-33-8,MEHHPFQKXOUFFV-FOIPXRHGSA-N,1.0,2,1.0,MDL,MZQuant_FRAM_Stenungsund_2020_vRepository_vDRAFT.xlsx; Target_ECs_WANA_2018_v4.xlsx (Target_ECs_WANA_2018_v2)
Treosulfan,,299-75-2,YCPOZVAOBBQLRI-WDSKDSINSA-N,0.5,1,0.5,MDL,Target_ECs_WANA_2018_v4.xlsx (Target_ECs_WANA_2018_v2)
Tri(butoxyethyl)phosphate,,78-51-3,WTLBZVNBAKMVDP-UHFFFAOYSA-N,1.0,4,1.0,MDL,FFM_Holtemme_LVSPE_final_released220411_V4.xlsx (cleaned_MDL-corrected); FRAM_Stenungsund_biotest_Frankfurt_ESIpos_ESIneg_draft_mdl.csv; MZQuant_FRAM_Stenungsund_2020_vRepository_vDRAFT.xlsx; Target_ECs_WANA_2018_v4.xlsx (Target_ECs_WANA_2018_v2)
Tri-isobutylphosphate,,126-71-6,HRKAMJBPFPHCSD-UHFFFAOYSA-N,0.5,2,0.5; 45.0,MDL,FFM_Holtemme_LVSPE_final_released220411_V4.xlsx (cleaned_MDL-corrected); Target_ECs_WANA_2018_v4.xlsx (Target_ECs_WANA_2018_v2)
Triacetin,,102-76-1,URAYPUMNDPQOKB-UHFFFAOYSA-N,0.5,2,0.5; 2.7,LOQ; MDL,MZQuant_FRAM_Stenungsund_2020_vRepository_vDRAFT.xlsx; Target_ECs_WANA_2018_v4.xlsx (Target_ECs_WANA_2018_v2)
Triadimenol,,55219-65-3,BAZVSMNPJJMILC-UHFFFAOYSA-N,1.0,2,1.0,MDL,FFM_Holtemme_LVSPE_final_released220411_V4.xlsx (cleaned_MDL-corrected); Target_ECs_WANA_2018_v4.xlsx (Target_ECs_WANA_2018_v2)
Triallate,,2303-17-5,MWBPRDONLNQCFV-UHFFFAOYSA-N,2.0,2,2.0,MDL,FFM_Holtemme_LVSPE_final_released220411_V4.xlsx (cleaned_MDL-corrected); Target_ECs_WANA_2018_v4.xlsx (Target_ECs_WANA_2018_v2)
Triamcinolone,,124-94-7,GFNANZIMVAIWHM-OBYCQNJPSA-N,1.0,2,1.0,MDL,MZQuant_FRAM_Stenungsund_2020_vRepository_vDRAFT.xlsx; Target_ECs_WANA_2018_v4.xlsx (Target_ECs_WANA_2018_v2)
Triamcinolone acetonide,,76-25-5,YNDXUCZADRHECN-JNQJZLCISA-N,0.5,2,0.5; 200.0,MDL,FRAM_Stenungsund_biotest_Frankfurt_ESIpos_ESIneg_draft_mdl.csv; Target_ECs_WANA_2018_v4.xlsx (Target_ECs_WANA_2018_v2)
Triazophos,,24017-47-8,AMFGTOFWMRQMEM-UHFFFAOYSA-N,0.5,1,0.5,MDL,Target_ECs_WANA_2018_v4.xlsx (Target_ECs_WANA_2018_v2)
Tributylamine,,102-82-9,IMFACGCPASFAPR-UHFFFAOYSA-N,0.1,4,0.1; 0.5; 1.8; 10.0,LOQ; MDL,FFM_Holtemme_LVSPE_final_released220411_V4.xlsx (cleaned_MDL-corrected); FRAM_Stenungsund_biotest_Frankfurt_ESIpos_ESIneg_draft_mdl.csv; MZQuant_FRAM_Stenungsund_2020_vRepository_vDRAFT.xlsx; Target_ECs_WANA_2018_v4.xlsx (Target_ECs_WANA_2018_v2)
Trichlorfon,,52-68-6,NFACJZMKEDPNKN-UHFFFAOYSA-N,0.5,2,0.5; 25.5,MDL,FFM_Holtemme_LVSPE_final_released220411_V4.xlsx (cleaned_MDL-corrected); Target_ECs_WANA_2018_v4.xlsx (Target_ECs_WANA_2018_v2)
Triclocarban,,101-20-2,ICUTUKXCWQYESQ-UHFFFAOYSA-N,1.0,2,1.0,MDL,FFM_Holtemme_LVSPE_final_released220411_V4.xlsx (cleaned_MDL-corrected); Target_ECs_WANA_2018_v4.xlsx (Target_ECs_WANA_2018_v2)
Triclopyr,,55335-06-3,REEQLXCGVXDJSQ-UHFFFAOYSA-N,0.5,1,0.5,MDL,Target_ECs_WANA_2018_v4.xlsx (Target_ECs_WANA_2018_v2)
Triclosan,,3380-34-5,XEFQLINVKFYRCS-UHFFFAOYSA-N,1.0,2,1.0,MDL,FFM_Holtemme_LVSPE_final_released220411_V4.xlsx (cleaned_MDL-corrected); Target_ECs_WANA_2018_v4.xlsx (Target_ECs_WANA_2018_v2)
Triclosan-methyl,,4640-01-1,NLYDHBBTVWMLFD-UHFFFAOYSA-N,0.5,1,0.5,MDL,Target_ECs_WANA_2018_v4.xlsx (Target_ECs_WANA_2018_v2)
Tricresylphosphate,,1330-78-5,BOSMZFBHAYFUBJ-UHFFFAOYSA-N,1.0,2,1.0,MDL,FFM_Holtemme_LVSPE_final_released220411_V4.xlsx (cleaned_MDL-corrected); Target_ECs_WANA_2018_v4.xlsx (Target_ECs_WANA_2018_v2)
Triethylcitrate,,77-93-0,DOOTYTYQINUNNV-UHFFFAOYSA-N,5.0,3,5.0,MDL,FFM_Holtemme_LVSPE_final_released220411_V4.xlsx (cleaned_MDL-corrected); MZQuant_FRAM_Stenungsund_2020_vRepository_vDRAFT.xlsx; Target_ECs_WANA_2018_v4.xlsx (Target_ECs_WANA_2018_v2)
Triethylphosphate,,78-40-0,DQWPFSLDHJDLRL-UHFFFAOYSA-N,0.7,2,0.7,MDL,FFM_Holtemme_LVSPE_final_released220411_V4.xlsx (cleaned_MDL-corrected); Target_ECs_WANA_2018_v4.xlsx (Target_ECs_WANA_2018_v2)
Trifloxystrobin,,141517-21-7,ONCZDRURRATYFI-TVJDWZFNSA-N,2.0,3,2.0,MDL,FFM_Holtemme_LVSPE_final_released220411_V4.xlsx (cleaned_MDL-corrected); FRAM_Stenungsund_biotest_Frankfurt_ESIpos_ESIneg_draft_mdl.csv; Target_ECs_WANA_2018_v4.xlsx (Target_ECs_WANA_2018_v2)
Trifloxystrobin CGA 321113,,252913-85-2,ISZQNKFXNXQTTF-NACSPRHISA-N,0.1,4,0.1; 0.3; 0.5; 10.0,LOQ; MDL,FFM_Holtemme_LVSPE_final_released220411_V4.xlsx (cleaned_MDL-corrected); FRAM_Stenungsund_biotest_Frankfurt_ESIpos_ESIneg_draft_mdl.csv; MZQuant_FRAM_Stenungsund_2020_vRepository_vDRAFT.xlsx; Target_ECs_WANA_2018_v4.xlsx (Target_ECs_WANA_2018_v2)
Trifloxystrobin NOA413161,,NOCAS_413161,FNMBGDHYHINSHI-TYNPDKIBSA-N,0.5,2,0.5; 2.0,MDL,FFM_Holtemme_LVSPE_final_released220411_V4.xlsx (cleaned_MDL-corrected); Target_ECs_WANA_2018_v4.xlsx (Target_ECs_WANA_2018_v2)
Trifloxystrobin NOA413163,,NOCAS_413163,FNMBGDHYHINSHI-VDYLEKFBSA-N,0.5,2,0.5; 2.0,MDL,FFM_Holtemme_LVSPE_final_released220411_V4.xlsx (cleaned_MDL-corrected); Target_ECs_WANA_2018_v4.xlsx (Target_ECs_WANA_2018_v2)
Trifluoromethanesulfonic acid,,1493-13-6,ITMCEJHCFYSIIV-UHFFFAOYSA-N,0.5,1,0.5,MDL,Target_ECs_WANA_2018_v4.xlsx (Target_ECs_WANA_2018_v2)
Triglyme,Triglyme_M+NH4,112-49-2,YFNKIDBQEZZDLK-UHFFFAOYSA-N,8.0,3,8.0; 20.0,MDL,FFM_Holtemme_LVSPE_final_released220411_V4.xlsx (cleaned_MDL-corrected); FRAM_Stenungsund_biotest_Frankfurt_ESIpos_ESIneg_draft_mdl.csv; Target_ECs_WANA_2018_v4.xlsx (Target_ECs_WANA_2018_v2)
Trimethoprim,,738-70-5,IEDVJHCEMCRBQM-UHFFFAOYSA-N,2.0,4,2.0,MDL,FFM_Holtemme_LVSPE_final_released220411_V4.xlsx (cleaned_MDL-corrected); FRAM_Stenungsund_biotest_Frankfurt_ESIpos_ESIneg_draft_mdl.csv; MZQuant_FRAM_Stenungsund_2020_vRepository_vDRAFT.xlsx; Target_ECs_WANA_2018_v4.xlsx (Target_ECs_WANA_2018_v2)
Trimethyloctylammonium,,15461-38-8,HTKPDYSCAPSXIR-UHFFFAOYSA-N,5.0,2,5.0,MDL,FFM_Holtemme_LVSPE_final_released220411_V4.xlsx (cleaned_MDL-corrected); Target_ECs_WANA_2018_v4.xlsx (Target_ECs_WANA_2018_v2)
Triphenylphosphate,,115-86-6,XZZNDPSIHUTMOC-UHFFFAOYSA-N,0.7,2,0.7; 4.3,MDL,FFM_Holtemme_LVSPE_final_released220411_V4.xlsx (cleaned_MDL-corrected); Target_ECs_WANA_2018_v4.xlsx (Target_ECs_WANA_2018_v2)
Triphenylphosphine oxide,,791-28-6,FIQMHBFVRAXMOP-UHFFFAOYSA-N,1.0,3,1.0; 5.0,MDL,FFM_Holtemme_LVSPE_final_released220411_V4.xlsx (cleaned_MDL-corrected); MZQuant_FRAM_Stenungsund_2020_vRepository_vDRAFT.xlsx; Target_ECs_WANA_2018_v4.xlsx (Target_ECs_WANA_2018_v2)
Tripropyl phosphate,,513-08-6,RXPQRKFMDQNODS-UHFFFAOYSA-N,0.5,2,0.5; 1.0,MDL,FFM_Holtemme_LVSPE_final_released220411_V4.xlsx (cleaned_MDL-corrected); Target_ECs_WANA_2018_v4.xlsx (Target_ECs_WANA_2018_v2)
Tripropylamine,,102-69-2,YFTHZRPMJXBUME-UHFFFAOYSA-N,0.5,1,0.5,MDL,Target_ECs_WANA_2018_v4.xlsx (Target_ECs_WANA_2018_v2)
Tris(1-chloro-2-propyl)phosphate,,13674-84-5,KVMPUXDNESXNOH-UHFFFAOYSA-N,10.0,2,10.0; 15.0,MDL,FFM_Holtemme_LVSPE_final_released220411_V4.xlsx (cleaned_MDL-corrected); Target_ECs_WANA_2018_v4.xlsx (Target_ECs_WANA_2018_v2)
Tris(2-chloroethyl)phosphate,,115-96-8,HQUQLFOMPYWACS-UHFFFAOYSA-N,0.7,2,0.7,MDL,FFM_Holtemme_LVSPE_final_released220411_V4.xlsx (cleaned_MDL-corrected); Target_ECs_WANA_2018_v4.xlsx (Target_ECs_WANA_2018_v2)
Tris(2-ethylhexl)phosphate,,78-42-2,GTVWRXDRKAHEAD-UHFFFAOYSA-N,0.5,2,0.5; 2.0,MDL,FFM_Holtemme_LVSPE_final_released220411_V4.xlsx (cleaned_MDL-corrected); Target_ECs_WANA_2018_v4.xlsx (Target_ECs_WANA_2018_v2)
Tritosulfuron,,142469-14-5,KVEQCVKVIFQSGC-UHFFFAOYSA-N,0.5,1,0.5,MDL,Target_ECs_WANA_2018_v4.xlsx (Target_ECs_WANA_2018_v2)
Tylosin,,1401-69-0,WBPYTXDJUQJLPQ-VMXQISHHSA-N,0.5,4,0.5; 1.0; 10.0; 20.0,LOQ; MDL,FFM_Holtemme_LVSPE_final_released220411_V4.xlsx (cleaned_MDL-corrected); FRAM_Stenungsund_biotest_Frankfurt_ESIpos_ESIneg_draft_mdl.csv; MZQuant_FRAM_Stenungsund_2020_vRepository_vDRAFT.xlsx; Target_ECs_WANA_2018_v4.xlsx (Target_ECs_WANA_2018_v2)
Ursolic acid,,77-52-1,WCGUUGGRBIKTOS-GPOJBZKASA-N,0.5,2,0.5; 2.5,LOQ; MDL,MZQuant_FRAM_Stenungsund_2020_vRepository_vDRAFT.xlsx; Target_ECs_WANA_2018_v4.xlsx (Target_ECs_WANA_2018_v2)
Uvinul A Plus,,302776-68-7,FDATWRLUYRHCJE-UHFFFAOYSA-N,0.5,1,0.5,MDL,Target_ECs_WANA_2018_v4.xlsx (Target_ECs_WANA_2018_v2)
Valsartan,,137862-53-4,ACWBQPMHZXGDFX-UHFFFAOYSA-N,1.0,3,1.0,MDL,FFM_Holtemme_LVSPE_final_released220411_V4.xlsx (cleaned_MDL-corrected); FRAM_Stenungsund_biotest_Frankfurt_ESIpos_ESIneg_draft_mdl.csv; MZQuant_FRAM_Stenungsund_2020_vRepository_vDRAFT.xlsx
Valsartan,,137862-53-4,ACWBQPMHZXGDFX-QFIPXVFZSA-N,1.0,1,1.0,MDL,Target_ECs_WANA_2018_v4.xlsx (Target_ECs_WANA_2018_v2)
Vancomycin,Vancomycin2H,1404-90-6,MYPYJXKWCTUITO-LYRMYLQWSA-N,0.5,2,0.5; 80.0,MDL,FFM_Holtemme_LVSPE_final_released220411_V4.xlsx (cleaned_MDL-corrected); Target_ECs_WANA_2018_v4.xlsx (Target_ECs_WANA_2018_v2)
Vardenafil,,224785-90-4,SECKRCOLJRRGGV-UHFFFAOYSA-N,5.0,2,5.0,MDL,FFM_Holtemme_LVSPE_final_released220411_V4.xlsx (cleaned_MDL-corrected); Target_ECs_WANA_2018_v4.xlsx (Target_ECs_WANA_2018_v2)
Velvione,,37609-25-9,ABRIMXGLNHCLIP-UHFFFAOYSA-N,0.5,1,0.5,MDL,Target_ECs_WANA_2018_v4.xlsx (Target_ECs_WANA_2018_v2)
Verapamil,,52-53-9,SGTNSNPWRIOYBX-UHFFFAOYSA-N,1.0,3,1.0,MDL,FFM_Holtemme_LVSPE_final_released220411_V4.xlsx (cleaned_MDL-corrected); MZQuant_FRAM_Stenungsund_2020_vRepository_vDRAFT.xlsx; Target_ECs_WANA_2018_v4.xlsx (Target_ECs_WANA_2018_v2)
Warfarin,,81-81-2,PJVWKTKQMONHTI-UHFFFAOYSA-N,0.1,4,0.1; 0.5; 5.0,LOQ; MDL,FFM_Holtemme_LVSPE_final_released220411_V4.xlsx (cleaned_MDL-corrected); FRAM_Stenungsund_biotest_Frankfurt_ESIpos_ESIneg_draft_mdl.csv; MZQuant_FRAM_Stenungsund_2020_vRepository_vDRAFT.xlsx; Target_ECs_WANA_2018_v4.xlsx (Target_ECs_WANA_2018_v2)
Ziprasidone,,146939-27-7,MVWVFYHBGMAFLY-UHFFFAOYSA-N,20.0,2,20.0,MDL,FFM_Holtemme_LVSPE_final_released220411_V4.xlsx (cleaned_MDL-corrected); Target_ECs_WANA_2018_v4.xlsx (Target_ECs_WANA_2018_v2)
