unit,site,strength_lionessglasso,strength_bonobo_pyskel,mean_weight_bonobo,sum_tu,UDF,stream_order,basin,n_det,mean_log
Basin_Basque_Country_internal_basins,EUS_189,52.23447088174805,371.66338494235646,0.342975999725973,0.0100230683218914,,,Basque Country internal basins,9,-0.2275660381364647
Basin_Basque_Country_internal_basins,EUS_190,61.93797092026325,367.1214959534439,0.3151116505704231,0.0372722381097594,,2.0,Basque Country internal basins,27,-0.0216687822659302
Basin_Basque_Country_internal_basins,EUS_191,98.35117725608194,360.5285472074644,0.2977396907869894,0.233423047040457,,,Basque Country internal basins,49,0.226838924562839
Basin_Basque_Country_internal_basins,EUS_192,51.784716914027285,370.0013287954579,0.3361870499746135,0.0110762920873314,,2.0,Basque Country internal basins,16,-0.1496327691759403
Basin_Basque_Country_internal_basins,EUS_193,52.16491129709391,368.7109481046417,0.3364899303665126,0.0089398076940704,,,Basque Country internal basins,16,-0.1568778739456281
Basin_Basque_Country_internal_basins,EUS_194,78.91583901476572,363.5465858603608,0.3250018071838844,0.023527535832081,,5.0,Basque Country internal basins,22,-0.0725535163325337
Basin_Basque_Country_internal_basins,EUS_195,130.98339627352735,361.0051153885831,0.2933235881154113,1.808443897199938,,5.0,Basque Country internal basins,66,0.4525175904834298
Basin_Basque_Country_internal_basins,EUS_196,137.68440508214988,370.1899506415268,0.3120837721531719,3.638101234451515,16.9,5.0,Basque Country internal basins,84,0.7155334921155984
Basin_Basque_Country_internal_basins,EUS_197,89.86612918981106,361.103990239749,0.297942645275182,0.0974840798357955,14.5,5.0,Basque Country internal basins,55,0.2991485886083757
Basin_Basque_Country_internal_basins,EUS_198,109.8170296336451,361.2944462134417,0.2944543749884848,2.122562737527517,14.5,5.0,Basque Country internal basins,59,0.3634528399205478
Basin_Basque_Country_internal_basins,EUS_199,51.53122648015549,367.6267269154495,0.3146226844821429,0.1042481051994405,,2.0,Basque Country internal basins,29,0.0030376322819766
Basin_Basque_Country_internal_basins,EUS_222,59.815920525354656,370.04219079706246,0.3373765032179822,1.0721249486310391,,3.0,Basque Country internal basins,14,-0.190706184355679
Basin_Basque_Country_internal_basins,EUS_223,98.16395199311631,358.0024921328833,0.2997110207083059,0.2105250483709218,,1.0,Basque Country internal basins,53,0.1485353291649158
Basin_Basque_Country_internal_basins,EUS_224,152.3524934383376,357.50301301955886,0.2821208942059242,1.3683137725640973,15.2,3.0,Basque Country internal basins,63,0.3805794102571682
Basin_Basque_Country_internal_basins,EUS_225,140.97585821254012,355.1712729447106,0.2939234301177053,1.3375537385035057,8.9,3.0,Basque Country internal basins,66,0.3234654315595244
Basin_Basque_Country_internal_basins,EUS_226,79.93194063414548,364.4827555697031,0.3267658431403609,1.4896519046354633,,,Basque Country internal basins,23,-0.1030535126576046
Basin_Basque_Country_internal_basins,EUS_227,94.99968174639967,359.96727630680334,0.3004294974319475,0.3604060739575866,,3.0,Basque Country internal basins,75,0.3767638596895439
Basin_Basque_Country_internal_basins,EUS_228,103.817494054184,358.9412347107684,0.2960129152695362,0.3240618746524508,24.5,3.0,Basque Country internal basins,67,0.3278365387406181
Basin_Basque_Country_internal_basins,EUS_229,192.99231407369024,389.7066074613488,0.4121849538407335,2.033052337010369,16.9,5.0,Basque Country internal basins,124,1.2071589965204954
Basin_Basque_Country_internal_basins,EUS_230,209.6053446114394,371.1492421914453,0.3001243979944278,10.326926019553856,,,Basque Country internal basins,84,0.7676898059237419
Basin_Danube,EUS_001,1212.5390248512656,755.1318503380771,0.1626826287777724,0.6543876470893533,5.0,5.0,Danube,46,0.2399210431742569
Basin_Danube,EUS_002,689.4998720113168,757.7156219627584,0.1850276186531535,0.2282396502959663,0.6,3.0,Danube,39,0.0675850872649696
Basin_Danube,EUS_003,1587.103901524277,805.4532215919068,0.1981654019755033,0.8078211992227314,5.0,5.0,Danube,111,1.0753424926533413
Basin_Danube,EUS_004,940.3598352974298,761.218396541655,0.1665493324669056,0.1879774602229171,5.0,5.0,Danube,68,0.3580368919677585
Basin_Danube,EUS_005,963.7813075792046,758.952789529251,0.1668360675843893,0.0591440399671691,0.0,1.0,Danube,68,0.366424626264023
Basin_Danube,EUS_006,566.2505764995137,775.4614728687009,0.1949260935104589,0.0062338093908522,,1.0,Danube,31,0.0125586786991586
Basin_Danube,EUS_007,282.817762823387,798.3378268715531,0.2127369567806925,0.0804464095353781,0.5,2.0,Danube,18,-0.100144845220468
Basin_Danube,EUS_008,263.30155328701045,800.9574267792802,0.2155810040854654,0.0847408510447066,0.5,3.0,Danube,19,-0.1215770061913796
Basin_Danube,EUS_009,378.75526123999566,783.0746950518167,0.2012869975110346,0.0921907132247131,0.0,1.0,Danube,26,-0.0350278636722289
Basin_Danube,EUS_010,222.62312779011967,809.8854129482363,0.2272389643928886,0.0782217572427017,,2.0,Danube,7,-0.2355685998114919
Basin_Danube,EUS_011,215.14971360800357,808.9826558712646,0.2228834693599061,0.0830186088206453,0.5,3.0,Danube,9,-0.205625354342513
Basin_Danube,EUS_012,308.141010919611,794.8285990015937,0.2136930349989355,0.0841130301786995,5.0,5.0,Danube,20,-0.1257134549180765
Basin_Danube,EUS_013,237.63284294641127,805.3657706619779,0.2241931266475421,0.0791187203392013,0.6,3.0,Danube,9,-0.2123985637316864
Basin_Danube,EUS_051,434.7337071224961,784.0502365887803,0.2006203028611047,0.1515539305627627,0.0,1.0,Danube,20,-0.1279176556217348
Basin_Danube,EUS_082,1345.7569763524757,755.6382750311395,0.174418306648554,1.19554240414162,16.6,4.0,Danube,85,0.6118970641582959
Basin_Danube,EUS_096,762.5648751231229,752.0484649802409,0.1755469767831295,0.086491685368052,0.0,1.0,Danube,55,0.2646412414624924
Basin_Danube,EUS_097,759.1733068951268,767.5454966452143,0.1744877232734172,0.0974516870284118,9.1,5.0,Danube,59,0.3001885849417092
Basin_Danube,EUS_103,459.0343135654904,779.066279616225,0.1998730678105707,0.0891127391947068,0.0,2.0,Danube,24,-0.0816246724874781
Basin_Danube,EUS_104,701.3365736550988,761.5628313879221,0.1891497389424877,0.181945815125964,,2.0,Danube,35,0.030156097558925
Basin_Danube,EUS_105,804.0068590976296,770.2128441418333,0.1694592670503758,0.892971738652728,15.9,3.0,Danube,66,0.3546267092703947
Basin_Danube,EUS_106,897.8875898888615,765.6724546866018,0.1684009685541105,0.8951632811250023,15.9,3.0,Danube,72,0.4375677244794489
Basin_Danube,EUS_107,574.2764336008079,773.6102247707772,0.193558421733601,0.5719985786078498,0.0,1.0,Danube,29,-0.0291877181011162
Basin_Danube,EUS_108,1688.010907885728,769.3878201168499,0.1666737571602372,2.512309309806107,13.7,4.0,Danube,85,0.7313252392781769
Basin_Danube,EUS_109,920.1565274273746,774.6159098180153,0.1740926065765943,1.5120992663951274,7.6,3.0,Danube,85,0.5981336399423118
Basin_Danube,EUS_110,1335.775654037678,798.9416114387498,0.1913065886958145,2.280295374469408,7.6,3.0,Danube,101,0.8758985941923136
Basin_Danube,EUS_158,862.5516407974303,744.6737778382188,0.172701488933482,0.272494385163197,0.0,1.0,Danube,60,0.3376085475541759
Basin_Danube,EUS_159,894.0712383404993,747.4732336056795,0.1740741299819705,0.0527011414791335,0.0,1.0,Danube,63,0.3198309304199083
Basin_Danube,EUS_160,1205.7300136746526,749.8780736564618,0.1739568931004337,0.6059737372954666,5.6,8.0,Danube,90,0.6794324477833372
Basin_Danube,EUS_161,1269.2131896215578,763.0966337699862,0.17597873853542,1.0089980893634884,3.7,2.0,Danube,98,0.7205620418416231
Basin_Danube,EUS_162,581.0630410980714,764.7451836350159,0.1882310604288771,0.0680915911874922,3.3,4.0,Danube,40,0.0665758627762432
Basin_Danube,EUS_163,419.8719469847439,769.6510071700438,0.1884883402848375,0.109606585062042,0.0,2.0,Danube,49,0.1189473228631743
Basin_Danube,EUS_164,1151.2438777669254,760.2246594291031,0.1694453371808401,1.2761637069509406,3.1,6.0,Danube,88,0.5759704067589402
Basin_Danube,EUS_165,350.0717403768537,788.3620343730244,0.2061581393140931,0.0239088436136679,4.1,6.0,Danube,26,-0.0888293564875205
Basin_Danube,EUS_166,318.34538717885806,786.8052627303044,0.2063114726203333,0.1099446572163278,0.4,4.0,Danube,28,-0.0700958131219491
Basin_Danube,EUS_167,293.70496643083527,777.6640833458564,0.1924779365676975,0.1084478723542692,6.8,7.0,Danube,49,0.1155060177148906
Basin_Danube,EUS_168,435.24713096473,771.9650295221184,0.1874318090494215,0.0383760023977255,3.9,6.0,Danube,46,0.1394662234395867
Basin_Danube,EUS_169,348.76359001776615,781.9271303439266,0.1988568646228479,0.0861222238414714,10.4,5.0,Danube,34,0.006131157035855
Basin_Danube,EUS_170,942.008634181431,755.5493020431439,0.1763916945384486,0.6328253346440894,35.2,4.0,Danube,90,0.5583049649516597
Basin_Danube,EUS_171,325.9532183311578,788.0819156055867,0.2097640926009038,0.0102867427762258,4.0,4.0,Danube,22,-0.111974258497732
Basin_Danube,EUS_172,332.2146675942662,782.4155870587472,0.2001977324849815,0.0696955200367606,8.0,5.0,Danube,36,-0.0069528964394535
Basin_Danube,EUS_173,1512.0936556124338,916.095827443486,0.3266305511653518,9.108865714863123,71.4,2.0,Danube,145,1.6282097924930443
Basin_Danube,EUS_174,1408.39803335354,777.961297026189,0.1766527638263178,0.56372306899621,85.2,4.0,Danube,101,0.790739231199845
Basin_Danube,EUS_175,603.6212495105343,752.1194011177805,0.1766836743326661,0.1555219346011321,4.2,7.0,Danube,67,0.3021222548625081
Basin_Danube,EUS_176,1283.2799619822365,742.7724442921141,0.1632870533620448,1.351285752931794,3.1,6.0,Danube,68,0.4511538984734635
Basin_Danube,EUS_177,1313.7651700780332,775.6333968280339,0.1831264636116508,0.5898996501759942,5.0,5.0,Danube,103,0.8589389663923567
Basin_Danube,EUS_178,507.6579314378886,767.7195304455765,0.1786740230718984,0.4273800833909387,6.8,7.0,Danube,61,0.2815804190134281
Basin_Danube,EUS_179,697.0642670721583,760.1508627075233,0.1760328643601683,0.3813371589568556,4.6,6.0,Danube,56,0.2381947409808322
Basin_Danube,EUS_180,498.8227067157286,775.4611326913681,0.1855511431317642,0.3544014581473118,10.4,5.0,Danube,44,0.1226848195712288
Basin_Danube,EUS_181,1324.7753056306271,874.2854990714402,0.2976649769569413,1.611080861706665,9.2,7.0,Danube,144,1.4102464814797293
Basin_Danube,EUS_182,794.7510758794771,754.4157747810002,0.1695756726771581,0.4469779027641194,19.4,4.0,Danube,66,0.3560769055313901
Basin_Danube,EUS_183,1547.5300313633113,919.7041333244752,0.340045449401102,50.65496712127074,8.0,5.0,Danube,149,1.6807368249151426
Basin_Danube,EUS_301,391.5049186371607,768.987910193453,0.1884636009878342,0.7523148487659005,20.9,5.0,Danube,47,0.1184273576226897
Basin_Danube,EUS_302,302.72740726587386,779.7974945067396,0.1873463158984487,0.0351528330719566,16.3,6.0,Danube,50,0.1264096513225632
Basin_Danube,EUS_303,312.1866364072122,781.7370784075948,0.1830956697135666,0.1156856877397936,10.9,6.0,Danube,54,0.1973372325674603
Basin_Danube,EUS_304,435.3455467465076,775.9028313053735,0.1767710354521234,0.1600128209058328,11.1,6.0,Danube,66,0.3288995955227553
Basin_Danube,EUS_305,404.7317532820382,788.2553278728516,0.2000652415922794,0.3705907482602412,5.8,6.0,Danube,26,-0.0331865090794
Basin_Danube,EUS_306,337.12982241323823,777.229417179118,0.1885230085006833,0.0297786932611439,7.6,7.0,Danube,44,0.1077994161711609
Basin_Danube,EUS_307,284.53233212979984,788.629353331178,0.189316363218202,0.2799155077823012,8.4,7.0,Danube,42,0.1089218713996816
Basin_Danube,EUS_308,286.4598109367421,784.9827351986444,0.1905754510965541,0.177479461922735,7.8,7.0,Danube,44,0.0944402197365781
Basin_Danube,EUS_309,336.0566991575932,782.743150158149,0.1850177060226838,0.2896641219745215,7.9,7.0,Danube,45,0.1419727310932405
Basin_Danube,EUS_310,282.01092913911043,788.8885261299347,0.1871222401522058,0.1788624215444959,8.7,7.0,Danube,45,0.1406141860662387
Basin_Danube,EUS_311,878.4173221179764,780.3858194415562,0.1749070860764726,0.2940935566853725,0.0,1.0,Danube,80,0.539881612012347
Basin_Danube,EUS_312,708.0162277104183,782.2610230765,0.1825195662034826,0.5685715218487053,16.6,4.0,Danube,89,0.602276060616423
Basin_Danube,EUS_313,767.8659647225305,793.0471008528067,0.1841929775873664,69.89882587979923,27.7,6.0,Danube,88,0.6780227573576403
Basin_Danube,EUS_314,403.6568361949705,778.2967761953769,0.180825432367611,114.27705383323,9.7,7.0,Danube,51,0.2215878696363163
Basin_Danube,EUS_315,377.2394739242633,778.5257863848732,0.1845326180868613,551.9792934054989,6.1,7.0,Danube,48,0.1599797425371762
Basin_Danube,EUS_316,386.65076762558783,777.0201594524369,0.1803460887932318,260.0192509680367,6.1,7.0,Danube,59,0.2442028183047365
Basin_Danube,EUS_317,497.0894517623186,778.6271205736974,0.1762205685812427,0.3063140971248509,14.6,6.0,Danube,73,0.4252660708487765
Basin_Danube,EUS_318,399.470390862973,778.7855337163732,0.177949874621393,58.60654356781584,6.6,7.0,Danube,62,0.2828741630030053
Basin_Danube,EUS_319,376.7668229417363,775.9977083052485,0.178808480977162,0.2014510427788744,0.6,6.0,Danube,62,0.2746303463964916
Basin_Danube,EUS_320,374.9811331589054,773.5376218876389,0.17862109820994,0.1987215263741839,3.2,4.0,Danube,60,0.2908773833692191
Basin_Danube,EUS_321,558.8293309735698,776.8665541178405,0.1757319805266568,0.4409886326647977,7.2,4.0,Danube,77,0.4782506344128578
Basin_Danube,EUS_322,331.05360529891016,779.080961856164,0.1783665743847661,0.2632304333954603,6.7,7.0,Danube,63,0.3163359531295401
Basin_Danube,EUS_323,327.61287416089084,777.5141267109246,0.1827706202195045,0.2741027156753699,6.7,7.0,Danube,56,0.2048123602510777
Basin_Danube,EUS_324,332.45562864932884,784.3101249025445,0.1794545523503647,84.59688021194172,7.1,7.0,Danube,62,0.2805432355576886
Basin_Danube,EUS_325,342.8202251344105,780.2526580305132,0.1794308373707144,81.6326053004556,0.1,3.0,Danube,63,0.2925466548276732
Basin_Danube,EUS_326,317.4247802216761,782.9540157918784,0.1810458660010619,0.1126744925228162,7.2,7.0,Danube,59,0.2326890705106963
Basin_Danube,EUS_327,291.1937956743995,786.8226450475236,0.1825823924611006,0.1226989621963079,7.2,7.0,Danube,57,0.2215340382359146
Basin_Danube,EUS_328,334.3488890966036,780.7823347232951,0.1798545913327408,243.14766131451063,7.5,7.0,Danube,61,0.2667678618273024
Basin_Danube,EUS_329,320.93795677471303,778.467458495055,0.1813278467443635,364.59429848844223,7.3,7.0,Danube,61,0.2431032117897902
Basin_Danube,EUS_330,285.6299926360793,776.6977677236464,0.1899732933677901,109.97983223039108,5.5,7.0,Danube,46,0.1186304898933488
Basin_Danube,EUS_331,258.01235916094583,783.3778096421229,0.1880086764411652,0.0689501956189162,5.6,8.0,Danube,51,0.1217306921866844
Basin_Danube,EUS_332,384.9711335643882,777.6733255995531,0.1790443628591191,0.2644545234719376,8.0,7.0,Danube,60,0.2299355925756725
Basin_Danube,EUS_333,642.6838429126359,769.9768063994479,0.1732359826992064,1.31039402460419,6.3,7.0,Danube,68,0.3688150115167539
Basin_Danube,EUS_334,564.7951262137592,759.0080055802298,0.1795078212440599,0.017159129783427,4.1,6.0,Danube,54,0.1998054388537671
Basin_Danube,EUS_335,468.7983829488659,770.6768650764919,0.1801895683918516,8.435694440415716,4.2,6.0,Danube,54,0.198925478176655
Basin_Danube,EUS_336,421.5119947671657,775.7360021015986,0.1829498087014428,2.636951026196499,4.2,7.0,Danube,50,0.1328190237136613
Basin_Danube,EUS_337,293.6720476108652,783.549337671941,0.1794979660190194,0.955911241874288,0.0,1.0,Danube,63,0.2585362200419216
Basin_Danube,EUS_338,566.1127787594951,764.215560759411,0.1775118210615029,0.9408177949297144,0.0,6.0,Danube,55,0.2276135794646571
Basin_Danube,EUS_339,615.1810188982795,761.852023518902,0.1754473614005524,9.553333826816596,,6.0,Danube,57,0.2855111177964144
Basin_Danube,EUS_340,252.0133144039716,785.6325069469209,0.1841050855863479,0.4551191329159747,9.4,8.0,Danube,57,0.1899782726675984
Basin_Danube,EUS_341,294.65567936511786,781.7592140322266,0.1862730385598159,6.34254660284159,14.2,8.0,Danube,49,0.1412343229742989
Basin_Danube,EUS_342,547.3025147199994,762.2733694218692,0.1836533607903247,32.29465918042376,0.0,3.0,Danube,46,0.1331504586618407
Basin_Danube,EUS_343,262.89582039281925,786.2254043464521,0.1852385265155758,0.8563272268275609,14.2,8.0,Danube,52,0.1586436424207661
Basin_Danube,EUS_344,576.7438654682034,764.6856907262683,0.1720050796415315,8.765844440844702,76.7,5.0,Danube,65,0.3628975871291429
Basin_Danube,EUS_345,416.6545129883507,775.8570420799225,0.1830510988364873,5.619926932436737,80.1,5.0,Danube,50,0.1481649980262437
Basin_Danube,EUS_346,999.5015309498187,767.8924512219849,0.1739114823501065,11.880271823027796,61.0,5.0,Danube,80,0.5484657255901723
Basin_Danube,EUS_347,393.93429763755705,782.2026230522333,0.1776459181361555,14.13574480125461,0.8,8.0,Danube,55,0.211230113081946
Basin_Danube,EUS_348,336.8719383641703,778.9138654327054,0.1802715534224908,40.82357654022002,0.5,8.0,Danube,55,0.2178646573292677
Basin_Danube,EUS_349,636.0290254737487,777.0779402265421,0.171723824851675,97.14936432667852,0.0,1.0,Danube,54,0.2088056529713735
Basin_Danube,EUS_350,449.4251088950535,782.5457354016417,0.1768073171954735,34.509132230772025,0.7,8.0,Danube,54,0.232101372074798
Basin_Danube,EUS_351,335.72821816551306,785.9185153007768,0.1813361575419792,9.554443684740518,0.7,8.0,Danube,52,0.1980522018672421
Basin_Danube,EUS_352,806.8357895694959,771.5136303876749,0.1659389985197577,20.101829819234418,,2.0,Danube,50,0.2481283839461021
Basin_Danube,EUS_353,643.1178650154918,775.3715934579358,0.1769271132253258,1.6877675456980268,,2.0,Danube,38,0.0735457312092364
Basin_Danube,EUS_354,510.8732817542628,776.7134019403474,0.1907285166066608,1.567630243037741,0.0,2.0,Danube,33,-0.0255630489838601
Basin_Danube,EUS_355,984.630240029412,831.8214767149799,0.1797429293441272,4.686918958326008,,3.0,Danube,94,0.8805519682236888
Basin_Danube,EUS_356,700.8140585310862,765.1383933896333,0.1698070593065255,0.7091958358851725,0.0,3.0,Danube,60,0.2961188259976825
Basin_Danube,EUS_357,365.42764149439375,780.3585158431865,0.1890987280470275,0.3784339247726491,0.0,3.0,Danube,45,0.1073740785967595
Basin_Danube,EUS_358,329.09682641177113,781.3284441284774,0.2007531497756426,0.1877534131911453,,3.0,Danube,33,-0.0151779169480368
Basin_Danube,EUS_359,636.6115630269433,781.3308533176498,0.1682906459496879,0.7313587373536804,,4.0,Danube,61,0.3373741474909844
Basin_Danube,EUS_360,805.7080601960542,851.2517548681827,0.184989445392177,10.146489162074996,,4.0,Danube,98,0.9912905824258196
Basin_Danube,EUS_361,636.2698075616056,810.4335088464555,0.1660149392088451,1.8407637766403264,0.0,4.0,Danube,83,0.6384621069001359
Basin_Danube,EUS_362,665.0854845878279,811.9253892611796,0.1669055063251384,4.418057662229861,,4.0,Danube,85,0.6840183580401498
Basin_Danube,EUS_363,357.76771466426266,790.3620948181597,0.2070116202119691,0.2338730935734394,,4.0,Danube,17,-0.1402319819408082
Basin_Danube,EUS_364,1263.3016977299733,870.2952707507297,0.1996805968598301,21.45385790969444,,3.0,Danube,102,1.2404902746948634
Basin_Danube,EUS_365,646.4903051727421,820.170857622367,0.1726755750270514,1.5628687706666415,,3.0,Danube,91,0.7610545110626596
Basin_Danube,EUS_366,725.8571795414439,833.663547750947,0.1777476178280126,4.834557932307801,0.0,3.0,Danube,99,0.8604611845377214
Basin_Danube,EUS_367,1595.8339759626217,868.2220437214565,0.192247693155218,92.0596687564631,4.2,7.0,Danube,100,1.219424985911694
Basin_Danube,EUS_368,1038.133038068104,768.7288980030025,0.1616875296458587,2.204708654793122,0.0,1.0,Danube,68,0.4329649150713759
Basin_Danube,EUS_369,444.13144290076696,783.164363477198,0.1914587357858047,2.010751433809881,0.0,1.0,Danube,26,-0.0186312588230973
Basin_Danube,EUS_370,462.23288425051993,773.9504568729085,0.1759966858405303,0.6409113351663563,,3.0,Danube,62,0.3028591509009085
Basin_Danube,EUS_371,466.2341839018114,767.3408910415384,0.1802927312589806,1.0506686596018544,0.0,2.0,Danube,52,0.1947726785046968
Basin_Danube,EUS_376,616.9792658339063,805.342884909405,0.1783882734124637,0.0404453677832677,0.0,1.0,Danube,35,0.063539590833426
Basin_Danube,EUS_377,703.1792597707562,798.5764377369521,0.1763125680435878,0.0857355272939193,0.0,1.0,Danube,34,0.1065807981504425
Basin_Danube,EUS_378,472.4170626510441,788.4887383244555,0.2047811935232448,0.0095089450593132,0.0,1.0,Danube,16,-0.1376430137768247
Basin_Danube,EUS_379,1201.2158177761064,744.307622318095,0.1714175726617598,0.2009014603599968,,1.0,Danube,47,0.2404655756188376
Basin_Danube,EUS_380,767.8742918348116,790.6350423570149,0.1744354924909947,0.1194765390258627,0.0,1.0,Danube,40,0.1282250765799579
Basin_Elbe,EUS_018,1010.3792007840524,731.5185377565584,0.1844617527703651,76.83648854455568,32.7,3.0,Elbe,90,0.7600321896357944
Basin_Elbe,EUS_019,762.9406915224416,711.6489429675063,0.1930569769321588,0.1610424518178147,3.9,1.0,Elbe,56,0.248119492299141
Basin_Elbe,EUS_020,370.5991824012409,744.158857789733,0.2242787037225349,2.911678535691586,,2.0,Elbe,39,0.0949909266488305
Basin_Elbe,EUS_021,146.98995880121802,798.8035966452857,0.2763843394160404,0.001313724062286,0.0,2.0,Elbe,3,-0.259746086244048
Basin_Elbe,EUS_022,572.8818658609459,725.1665892873898,0.2062271679612558,19.478567212871667,19.0,1.0,Elbe,45,0.1632120097491106
Basin_Elbe,EUS_023,958.6995295076648,751.4598990060504,0.1923655591573156,27.2386475642373,6.7,2.0,Elbe,98,0.9119260814940569
Basin_Elbe,EUS_024,318.6882954848462,756.5739065388893,0.2398036399883105,0.0367902826107817,19.0,2.0,Elbe,29,-0.0192027478896275
Basin_Elbe,EUS_025,356.4471003245931,754.9839183188038,0.2386165396683369,0.0978587187411915,19.0,2.0,Elbe,25,-0.042403366910841
Basin_Elbe,EUS_026,167.6539285665215,795.5534588999031,0.2755705636198782,0.0057757974514418,0.0,1.0,Elbe,2,-0.254867323893641
Basin_Elbe,EUS_027,801.899759916918,718.453479328359,0.1932759555891246,64.94661588896811,16.1,5.0,Elbe,53,0.2873010983668432
Basin_Elbe,EUS_028,424.3748467907815,749.3964966260656,0.2388546136660015,3.61972841272898,0.0,1.0,Elbe,28,-0.0326872671968758
Basin_Elbe,EUS_029,1282.7546221027756,859.0832714151642,0.2775635350919582,275.79808106569726,95.1,1.0,Elbe,129,1.597442538946882
Basin_Elbe,EUS_030,1034.8383407402307,713.8504506142539,0.1809853167833025,27.61646832768569,30.8,4.0,Elbe,74,0.5851288224679
Basin_Elbe,EUS_031,451.75019514851215,740.2135730343416,0.2214940740782964,0.0334694087847834,0.0,1.0,Elbe,38,0.0908243244784247
Basin_Elbe,EUS_032,1002.0654914098516,833.3809869905233,0.2674765808307082,79.78374371699834,40.0,5.0,Elbe,128,1.4303433365966916
Basin_Elbe,EUS_033,741.66796041237,721.232113679338,0.1909950603172517,10.326762071348844,29.2,5.0,Elbe,83,0.6173732863571966
Basin_Elbe,EUS_034,227.42973390284627,774.5778578408045,0.2593640432034041,0.0031060674114227,36.9,2.0,Elbe,14,-0.1689771382632713
Basin_Elbe,EUS_035,301.27033642370617,759.315707783069,0.239931865158154,20.80335177167977,45.1,1.0,Elbe,27,-0.042895678888505
Basin_Elbe,EUS_036,350.64358925239065,760.832146540714,0.2490708994961036,1.2880826980781828,31.8,3.0,Elbe,24,-0.094075651486515
Basin_Elbe,EUS_037,625.8470788937486,722.0662914137815,0.1938774791935376,2.9757445039865997,33.1,2.0,Elbe,63,0.3647597168564118
Basin_Elbe,EUS_038,406.0664592762532,762.6448469511664,0.2130530277517481,0.0729649394249737,0.0,1.0,Elbe,31,0.0890011948300215
Basin_Elbe,EUS_039,573.1697780140595,723.8657682839277,0.1970782525495883,1.731495215194236,40.0,5.0,Elbe,63,0.3492163007394998
Basin_Elbe,EUS_040,154.85719242680565,795.8328428942589,0.276952122689676,0.0037731116036946,40.0,5.0,Elbe,4,-0.2668942509335004
Basin_Elbe,EUS_041,697.9504451042559,721.5672956409411,0.1912681672971221,2.324233673496854,37.4,4.0,Elbe,70,0.4520753522449942
Basin_Elbe,EUS_042,863.0660285595685,727.8096678050674,0.1922910127534822,10.109369684061242,37.4,4.0,Elbe,90,0.7380147831236475
Basin_Elbe,EUS_043,794.4989126974423,725.5449533997578,0.1896312949786335,4.489095662038769,20.0,3.0,Elbe,83,0.6444849306660853
Basin_Elbe,EUS_044,1265.2538370858365,693.8427151495954,0.1827729564327236,9.304137486301034,13.0,1.0,Elbe,73,0.5122309615749131
Basin_Elbe,EUS_045,1040.8085118919687,706.3967277602414,0.1863016813820146,2.4583119091540357,13.0,1.0,Elbe,76,0.4765465969929262
Basin_Elbe,EUS_046,905.62209888015,692.9657651116902,0.1938431680280309,2.6280192086941807,13.0,1.0,Elbe,61,0.3101600735181989
Basin_Elbe,EUS_047,342.22464308248846,760.3592003016389,0.2393478051889809,0.1875213702103887,,1.0,Elbe,19,-0.1235873850087332
Basin_Elbe,EUS_048,377.67890557810784,759.3896906253116,0.2353355568280919,0.2442369216094017,,1.0,Elbe,22,-0.1233853116595106
Basin_Elbe,EUS_049,583.8243046434371,733.3855945137433,0.2084668183752813,0.1325341965043948,,1.0,Elbe,45,0.1482637517917281
Basin_Elbe,EUS_050,543.390004884164,730.2709378923158,0.2063706366889124,0.1696362563496767,,1.0,Elbe,48,0.1606825069788836
Basin_Elbe,EUS_052,139.74866314213284,796.9139403821129,0.2738427681035443,0.0236294344541446,0.0,1.0,Elbe,5,-0.2606384765523252
Basin_Elbe,EUS_053,1003.7701128684064,712.1817498733369,0.1872102988175389,40.50434212060182,30.8,4.0,Elbe,85,0.5822333977097605
Basin_Elbe,EUS_054,1151.8141425623985,707.3430985250018,0.1868133659797408,1.6180555823175926,,1.0,Elbe,50,0.2809938502408225
Basin_Elbe,EUS_055,457.3532344724225,743.1100420166495,0.2203865107003938,0.1781741611226214,37.0,1.0,Elbe,33,-0.0263686832623954
Basin_Elbe,EUS_056,900.1637395533689,742.1262411973773,0.2166652155106683,30.523950566420964,0.0,1.0,Elbe,113,0.9482871314148448
Basin_Elbe,EUS_057,1243.2741209814817,721.2804984100263,0.1873770778467443,0.4944765374295967,0.0,1.0,Elbe,92,0.6738799458987665
Basin_Elbe,EUS_058,625.3332120324039,720.7427912692419,0.1981582532845348,3.7131538140506777,45.9,5.0,Elbe,72,0.3786987508216495
Basin_Elbe,EUS_059,666.675613799895,717.5706736898873,0.1934175276156571,5.227696695860635,45.9,5.0,Elbe,77,0.464155722923508
Basin_Elbe,EUS_060,686.3761080588738,725.2702112860568,0.193119061403563,8.140078829783237,26.2,4.0,Elbe,88,0.5734627108709006
Basin_Elbe,EUS_061,789.6870662855822,722.4250600421769,0.1926189152132766,8.093002713671348,26.2,4.0,Elbe,83,0.5299610593513241
Basin_Elbe,EUS_062,378.17911695634274,745.5717433313208,0.2305757173459213,0.0369708926062932,26.2,4.0,Elbe,34,-0.0194068660010406
Basin_Elbe,EUS_063,756.7339157535666,724.157727094088,0.194154259400439,10.860697797736243,26.2,4.0,Elbe,90,0.61714393576482
Basin_Elbe,EUS_064,636.5339182746554,720.9298832630235,0.2022706946610991,3.368082894159083,45.9,4.0,Elbe,65,0.2714315797524213
Basin_Elbe,EUS_065,841.466173360762,726.941513571445,0.191943620518521,0.6372084341709111,23.4,4.0,Elbe,69,0.4087239081132089
Basin_Elbe,EUS_066,914.590286413145,716.9885821369204,0.1868091930677635,0.7549543771023028,23.4,4.0,Elbe,80,0.5672593669172834
Basin_Elbe,EUS_067,823.3870669109012,745.4337974829382,0.1934233533845093,0.6287382969218677,26.6,4.0,Elbe,98,0.7196260383598613
Basin_Elbe,EUS_068,826.5780103951405,736.4503806739211,0.1914700861919556,0.649365220912442,15.7,3.0,Elbe,94,0.6839897937829954
Basin_Elbe,EUS_069,991.0641306372606,748.0472211827038,0.2109769826279219,0.988909766607828,42.7,4.0,Elbe,115,0.8558234393595909
Basin_Elbe,EUS_079,1103.6718815190914,693.7301073452578,0.1878627472397406,0.9974037257535434,17.1,6.0,Elbe,85,0.6147959166436541
Basin_Elbe,EUS_080,761.4120659831652,709.8430639621802,0.1962138817516132,0.4464630647490614,1.8,4.0,Elbe,63,0.3619811182696416
Basin_Elbe,EUS_081,877.1162884372492,706.1798104780879,0.1894924550205038,1.000190903090589,24.8,6.0,Elbe,81,0.6109645178389959
Basin_Elbe,EUS_101,982.0326641520588,758.900631592788,0.2172606788333667,46.49781475299314,51.1,5.0,Elbe,114,1.1038849132101347
Basin_Elbe,EUS_147,421.2199351908111,758.218461179325,0.2374131951117147,0.0294256822808665,0.0,1.0,Elbe,23,-0.0664515122493586
Basin_Elbe,EUS_148,652.106370738442,742.2597633292445,0.2048536183522986,0.2901698384119991,0.0,2.0,Elbe,38,0.1006522685298793
Basin_Elbe,EUS_149,967.0916035868484,698.3008387198048,0.191998094338667,4.040554220456385,17.4,5.0,Elbe,90,0.6814459871041092
Basin_Elbe,EUS_150,1301.8880739694457,826.6549420661134,0.2717466547061348,77.10168946866506,61.5,1.0,Elbe,131,1.439411478064094
Basin_Elbe,EUS_151,1276.862108341977,698.0814702907326,0.1922605419126632,19.8572101804828,62.4,2.0,Elbe,93,0.7855137003136626
Basin_Elbe,EUS_152,523.2307473200696,753.4473958200898,0.2063007209876288,0.0333142935398595,0.0,1.0,Elbe,36,0.1102285732470084
Basin_Elbe,EUS_153,993.625190477246,735.1046155764744,0.1779336009417112,0.066117416374124,28.5,5.0,Elbe,64,0.3999009414421541
Basin_Elbe,EUS_154,327.53324990369856,773.9946254092149,0.2330986260076963,0.0232580899510639,0.0,2.0,Elbe,25,-0.0738333651522599
Basin_Elbe,EUS_155,413.7467335957349,758.0266013690938,0.215001985010842,0.0267802545990363,22.2,6.0,Elbe,32,0.0508298579462613
Basin_Elbe,EUS_156,716.3579710135499,714.7492005065245,0.1959115253281048,1.654716554365198,19.3,5.0,Elbe,74,0.4775092759334867
Basin_Elbe,EUS_157,439.9839080692376,754.161577623794,0.2307720063605995,0.4588367011247846,21.1,6.0,Elbe,26,-0.0199756367289475
Basin_Elbe,EUS_200,1625.0482441845004,698.4333654746879,0.1978912626670183,1.2155386392934475,16.1,5.0,Elbe,101,0.9301934778364872
Basin_Elbe,EUS_201,224.04290771889185,778.563813938073,0.2547562374114846,0.0011133354477726,23.0,2.0,Elbe,12,-0.1754957317743013
Basin_Elbe,EUS_202,1119.061101447899,791.908061424749,0.2608392748546237,2.473682396396416,32.7,3.0,Elbe,131,1.320056133099394
Basin_Elbe,EUS_203,647.7792837905214,718.852389806998,0.2070327043885134,0.0632372482959565,0.0,1.0,Elbe,45,0.1585150112709122
Basin_Elbe,EUS_204,662.4340642367731,712.9385704756357,0.1971340475820769,10.048967229215458,,2.0,Elbe,69,0.4544766488117158
Basin_Elbe,EUS_205,212.7042867052401,781.0403746468926,0.2563123023019013,0.0384270782638943,,2.0,Elbe,14,-0.1833557685455127
Basin_Elbe,EUS_206,969.3845538411106,724.7271839670811,0.189188387167992,19.549091996139904,,1.0,Elbe,95,0.8496325708100151
Basin_Elbe,EUS_207,870.0374450105899,755.8350385659172,0.210415285024563,24.04743382329739,6.7,2.0,Elbe,112,1.0742172585613694
Basin_Elbe,EUS_208,159.3114653613629,793.8077000945398,0.2707627428500323,0.0305593803029521,6.7,2.0,Elbe,8,-0.2503190213810807
Basin_Elbe,EUS_209,520.2951823971943,728.8987751697534,0.2174207965753763,1.1576810865758704,19.0,2.0,Elbe,48,0.1655788268073512
Basin_Elbe,EUS_210,614.3886199354505,736.0628315615769,0.2068500350074269,0.2162310397069282,0.0,2.0,Elbe,40,0.1618577012884488
Basin_Elbe,EUS_211,548.5346010793369,730.6986605089236,0.211154237473689,2.0552297428617465,6.7,2.0,Elbe,51,0.2385706459825381
Basin_Elbe,EUS_212,708.095443882721,715.2523197631186,0.2092258549849291,0.0966896641426668,19.0,2.0,Elbe,49,0.1562941557466316
Basin_Elbe,EUS_213,392.6633686218645,748.0772605843644,0.2337267610791061,0.0603776455629627,19.0,1.0,Elbe,30,-0.0305646730349896
Basin_Elbe,EUS_214,173.5329985085868,789.9873934238097,0.2676196810999296,0.0381531236154325,0.0,1.0,Elbe,8,-0.245764308829884
Basin_Elbe,EUS_215,1022.6267198913868,842.2309511599685,0.3101995869389485,133.6232226744387,95.1,1.0,Elbe,144,1.5121049336373935
Basin_Elbe,EUS_235,303.6976620272561,772.9552068450315,0.2512002812638894,0.1596380806151235,0.0,1.0,Elbe,15,-0.1790131319257549
Basin_Elbe,EUS_240,758.9130056062494,722.8574695534516,0.1853535536815465,0.2620762204443451,29.0,2.0,Elbe,83,0.5256212514921074
Basin_Elbe,EUS_241,807.6435779968805,729.9020880145557,0.1956415907427254,0.2417416721090609,,1.0,Elbe,96,0.7378656062914724
Basin_Elbe,EUS_242,797.0118613681334,784.3252647376901,0.2034041620621113,0.5699736362903045,,,Elbe,111,1.02724175127376
Basin_Elbe,EUS_243,936.6486491335428,798.6215424170953,0.2537443505635549,0.5531228587904469,,1.0,Elbe,128,1.16560912567075
Basin_Elbe,EUS_244,712.3750370762431,869.7413245259686,0.2814400720767716,1.9503822972870568,36.0,5.0,Elbe,135,1.4961680747768769
Basin_Elbe,EUS_245,651.2922454318118,861.6240445078035,0.2714864379841986,6.012718166335712,26.2,1.0,Elbe,134,1.4247313702829372
Basin_Elbe,EUS_249,822.9879823838418,732.8299970058671,0.2035399633800012,0.6192164702851733,34.6,5.0,Elbe,106,0.8268476206252101
Basin_Elbe,EUS_250,512.4767869094203,721.0810934006804,0.2096378691669964,0.5692385230527673,26.2,1.0,Elbe,58,0.243145044368289
Basin_Elbe,EUS_253,723.2347316473471,844.1612309352888,0.2650712010271686,3.1735783002772164,,,Elbe,132,1.3809502687196176
Basin_Elbe,EUS_254,839.4650492248768,885.8526180485308,0.2895209764253591,9.147778253302873,,,Elbe,134,1.5652597921981386
Basin_Elbe,EUS_255,636.7419322448812,730.3169229640711,0.2012121907245186,0.0377796486878641,33.3,5.0,Elbe,46,0.1626019374531755
Basin_Elbe,EUS_256,575.2695294688074,729.3966115791725,0.2080912213999958,0.0556222759541709,,1.0,Elbe,45,0.135812568786501
Basin_Elbe,EUS_257,723.4661890975148,739.9482650641298,0.2051560348826895,0.2099445487288329,33.3,5.0,Elbe,105,0.799458222243827
Basin_Elbe,EUS_267,783.5717231185826,715.8324912257184,0.1939664660095232,5.409478324520219,34.6,5.0,Elbe,58,0.2817819563939946
Basin_Elbe,EUS_268,839.4084610806464,711.222326186919,0.1903214011249711,6.448929268544731,34.6,5.0,Elbe,60,0.3204681694290129
Basin_Elbe,EUS_269,939.9393190633082,714.0075966292735,0.18913245564493,5.683013122425834,34.6,5.0,Elbe,61,0.3391966757511909
Basin_Elbe,EUS_270,521.9289918301554,754.1601581684573,0.2133754717770115,0.0883432884138926,,1.0,Elbe,32,0.0316732120107811
Basin_Elbe,EUS_271,209.67247076889828,791.3820244621437,0.2669918519629386,0.0010229589313528,,1.0,Elbe,7,-0.2350698263244524
Basin_Elbe,EUS_272,510.566921664617,754.3932912106665,0.212293185363349,0.1935831042518506,0.0,1.0,Elbe,32,0.0553751534587287
Basin_Elbe,EUS_273,640.1777681919124,746.336154884847,0.2059330301080193,1.3102853366557858,17.1,6.0,Elbe,105,0.8005130821403785
Basin_Elbe,EUS_274,538.2989177019977,761.692854297945,0.2016201833947146,1.85382071850838,21.5,6.0,Elbe,101,0.7659246343034973
Basin_Elbe,EUS_275,497.7719815631586,754.1798603017735,0.2029137954968258,2.20375343762816,22.2,6.0,Elbe,103,0.7619750005740843
Basin_Elbe,EUS_276,484.2341003762828,754.2110616670954,0.2009836184986435,1.559070894645432,22.0,6.0,Elbe,100,0.7218843580067678
Basin_Elbe,EUS_277,449.4564390734022,757.5158289178883,0.2000303166630388,2.3434179167600875,22.1,6.0,Elbe,98,0.7064050376159914
Basin_Elbe,EUS_278,447.93767497885233,768.440962329955,0.20098960292502,1.9944051922505888,22.0,6.0,Elbe,99,0.750796345428113
Basin_Elbe,EUS_279,407.9204248384289,763.893369959133,0.1994764616095628,1.9813811247729056,21.9,6.0,Elbe,97,0.6918477562269228
Basin_Elbe,EUS_280,414.2722167691943,754.6860888720836,0.1970996137501602,1.5845264304480748,0.2,1.0,Elbe,92,0.6136705866249018
Basin_Elbe,EUS_281,522.3773258162975,725.6464520227267,0.1955955640780544,1.7175226653213531,30.4,7.0,Elbe,78,0.4827685486187524
Basin_Elbe,EUS_282,456.7974925026102,758.784403684828,0.1958549542521134,5.066139535600984,30.4,7.0,Elbe,91,0.6819944919264725
Basin_Elbe,EUS_283,464.946343607831,757.2969181084887,0.1955859732722077,4.191842494002308,30.4,7.0,Elbe,91,0.6642219966184671
Basin_Elbe,EUS_284,482.6529510609881,762.5041132443467,0.1995452836174594,3.791535929344029,30.4,7.0,Elbe,97,0.7296223726877878
Basin_Elbe,EUS_285,585.3370865281163,750.6607114369845,0.1968448742618465,3.7467333243309247,22.1,7.0,Elbe,95,0.690547466643234
Basin_Elbe,EUS_286,588.1847051505983,733.1582064537521,0.1931867851084246,2.065783402441064,22.0,7.0,Elbe,81,0.5123175135448967
Basin_Elbe,EUS_287,413.207969829131,746.4725348128651,0.1971455196314936,2.30611958974774,22.0,7.0,Elbe,83,0.510655485895477
Basin_Elbe,EUS_288,509.46294074231247,742.2354756497587,0.1944531364523305,2.48989738604372,21.9,7.0,Elbe,82,0.5369839272990627
Basin_Elbe,EUS_289,426.064071389991,766.0646369353697,0.2033881363918368,2.9908921790814174,21.9,7.0,Elbe,104,0.6978543456042339
Basin_Elbe,EUS_290,454.6366803647916,749.7746209190008,0.1943956227331659,2.5290698087642007,23.6,7.0,Elbe,83,0.483941720615032
Basin_Elbe,EUS_291,455.7014905648744,764.6905745003655,0.195295464628234,3.5730455842381463,23.0,7.0,Elbe,91,0.6278228681714105
Basin_Elbe,EUS_292,520.8235480978539,765.8154899675135,0.2002052461692239,4.618136982209467,23.2,7.0,Elbe,99,0.7215184203118924
Basin_Elbe,EUS_293,565.0179341377325,759.8304609870846,0.1946476932700311,3.8371949165926864,23.3,7.0,Elbe,92,0.6439025990539863
Basin_Elbe,EUS_294,525.8402277601706,758.4197662405054,0.1943332256015695,3.379297786581652,21.3,7.0,Elbe,91,0.6293387554152909
Basin_Elbe,EUS_295,569.89944817213,757.3014976079199,0.1915803747124638,3.7256183078178537,21.0,7.0,Elbe,88,0.5919231872305349
Basin_Elbe,EUS_296,582.5446436330712,752.849521073042,0.1921286812612195,3.7746921887086726,20.8,7.0,Elbe,88,0.598003007331894
Basin_Elbe,EUS_297,566.2591434458781,720.7850677895076,0.1958011588503236,3.4018713783479213,0.0,2.0,Elbe,65,0.4350050165420915
Basin_Elbe,EUS_298,805.4790233254537,744.0436612643871,0.2040751536875293,9.861830758085445,33.2,5.0,Elbe,100,0.8998603060489307
Basin_Elbe,EUS_299,787.2990475292613,745.9579341802855,0.1912291358637603,18.355309386240453,30.4,7.0,Elbe,89,0.7987408988131749
Basin_Elbe,EUS_300,466.9370601282717,736.0363494047087,0.1957180898966057,2.5373358404670783,23.6,7.0,Elbe,76,0.438521252395684
Basin_Elbe,EUS_372,165.03892315797262,797.3099739890653,0.2704354593166941,0.0001962470189201,0.0,1.0,Elbe,7,-0.2409251020139911
Basin_Elbe,EUS_373,171.82932254408658,797.3252798160671,0.2454433859051655,0.0017672538588107,0.0,1.0,Elbe,15,-0.1015079279457097
Basin_Elbe,EUS_374,308.3028900496967,764.5187379715104,0.2243221337144194,0.0443197694525251,0.0,1.0,Elbe,31,0.0732833640058824
Basin_Elbe,EUS_424,242.785763259668,774.1079926724918,0.2350558499521962,0.0073273249729587,,1.0,Elbe,22,-0.0438664160579754
Basin_Elbe,EUS_425,379.6488214197825,774.063092451197,0.2407257046154006,0.1340188069510197,0.0,1.0,Elbe,18,-0.0980796986467301
Basin_Elbe,EUS_426,697.7650670902115,728.536595719848,0.1945969501874564,2.4653646258755195,29.2,1.0,Elbe,57,0.3633294474082875
Basin_Elbe,EUS_427,757.6760094638366,721.763129066019,0.1955597528123568,0.1278920342004703,0.0,1.0,Elbe,51,0.2819412935469061
Basin_Elbe,EUS_428,206.44288014521973,782.3566621639222,0.2396165487588016,0.0099520228946553,0.0,1.0,Elbe,19,-0.0741999702882234
Basin_Elbe,EUS_429,876.5935784434961,714.5729320511358,0.1939163511469175,0.0691860209523685,,1.0,Elbe,54,0.3425568001156714
Basin_Elbe,EUS_430,177.28042501994403,791.5865101120387,0.2471385899529081,0.0019869409529062,0.0,1.0,Elbe,15,-0.1126903548795989
Basin_Elbe,EUS_431,446.0232589831479,751.8300339708335,0.2178542821538424,0.0517247304314997,,2.0,Elbe,36,0.1344332410443663
Basin_Elbe,EUS_432,176.41016716998948,793.3915032081976,0.2550673242207475,0.0045505227767592,0.0,1.0,Elbe,11,-0.1540468150742104
Basin_Elbe,EUS_433,761.1047939416043,718.7639229943683,0.2095846194637646,0.4545882669145084,0.0,1.0,Elbe,38,0.0590914779738556
Basin_Elbe,EUS_434,1334.768854335778,683.129412678278,0.1803217616206379,31.16420086920171,29.0,2.0,Elbe,71,0.5362751809817548
Basin_Elbe,EUS_435,417.3092904136893,747.1891385256938,0.2215769717892292,0.0185373729603784,0.0,1.0,Elbe,37,0.0796161707743268
Basin_Elbe,EUS_436,445.1481952888882,754.3564036847112,0.2125063009580403,0.9028104093018238,0.0,1.0,Elbe,35,0.0584051448531559
Basin_Elbe,EUS_437,238.13273077213276,793.1186166592615,0.2555303825782698,0.0015531484126317,0.0,1.0,Elbe,10,-0.1807176692318921
Basin_Elbe,EUS_438,228.85349588089028,786.211202288256,0.2334811634277138,0.0213529646179013,0.0,1.0,Elbe,19,-0.0465223086867703
Basin_Elbe,EUS_439,461.1178625982798,751.2101738349745,0.2242995775554463,0.0468077951398916,0.0,1.0,Elbe,25,0.0189035792556999
Basin_Elbe,EUS_440,1255.2023401419656,720.7856391324514,0.1802376970452068,8.194668603908632,45.1,1.0,Elbe,66,0.5442258215341906
Basin_Elbe,EUS_441,340.1545802232256,771.6141876069087,0.2346324083984702,0.0665077280129996,23.0,2.0,Elbe,19,-0.0499736351982839
Basin_Elbe,EUS_444,503.1198783126728,752.4254630471606,0.2109634242317561,2.162107922059289,0.0,1.0,Elbe,40,0.0659819361054051
Basin_Elbe,EUS_445,1459.314249394136,758.9118286461159,0.1768868006792974,3.36358470195555,0.0,1.0,Elbe,71,0.6212099060123434
Basin_Rhine,EUS_014,180.20030595445292,731.0887172553407,0.2031798683622301,0.0020563330963056,,,Rhine,9,-0.2233422035541681
Basin_Rhine,EUS_015,229.49051624089077,723.9366349869031,0.1926372524726768,0.0060334673568094,,,Rhine,21,-0.1328594151219104
Basin_Rhine,EUS_016,435.71724548764087,709.5349522698486,0.1835540561923331,0.0825766630834744,,,Rhine,33,-0.0179214270836512
Basin_Rhine,EUS_017,186.31825579368817,731.1475495125469,0.1964213999001523,0.0085206564520017,100.0,4.0,Rhine,17,-0.1678109329460876
Basin_Rhine,EUS_070,656.6175686687283,714.4503455769423,0.1680295335535261,0.2717501649712542,100.0,4.0,Rhine,67,0.3890931220222177
Basin_Rhine,EUS_071,270.5695832476981,724.6801754164115,0.1955636502904857,0.1160134796481247,94.9,6.0,Rhine,17,-0.1458124204279585
Basin_Rhine,EUS_072,449.99881433352937,714.6369401626163,0.1722386405527708,0.2000601907526846,95.0,6.0,Rhine,50,0.164148220460497
Basin_Rhine,EUS_073,465.0481754255827,717.1727751052304,0.1779636250177035,0.0698240882156092,100.0,2.0,Rhine,31,0.0317142908515868
Basin_Rhine,EUS_074,547.3867957098854,730.4912582222108,0.1627190320629738,1.6844311876893527,100.0,2.0,Rhine,65,0.4368989040104722
Basin_Rhine,EUS_075,702.2728146291747,736.0843024096303,0.1697139555509154,1.8110981351576163,100.0,2.0,Rhine,78,0.623743503460184
Basin_Rhine,EUS_076,823.7265319666171,731.2572712035443,0.1803654363598037,1.24323109564674,100.0,3.0,Rhine,87,0.6236893739143513
Basin_Rhine,EUS_077,1083.7691913372912,757.7456544079479,0.2015547047932621,1.1391080966846487,100.0,4.0,Rhine,99,0.8715166163683141
Basin_Rhine,EUS_078,371.5933847306102,717.2071843758592,0.183528183808816,0.2082290876735588,100.0,2.0,Rhine,32,-0.0016939754977893
Basin_Rhine,EUS_084,754.4266783940394,704.6150596438633,0.1703451919122476,0.2579073783538736,0.0,,Rhine,72,0.4489224475561749
Basin_Rhine,EUS_111,575.5265342273442,722.7609217020583,0.1678797521443116,9.799230786720548,,1.0,Rhine,74,0.4817578037569467
Basin_Rhine,EUS_112,689.3807617420421,754.7868730391523,0.1851556005503986,68.01550349775431,0.0,1.0,Rhine,91,0.7833868865531464
Basin_Rhine,EUS_113,489.8024073352168,726.3430962069762,0.163547889343881,9.723497569381728,32.9,3.0,Rhine,66,0.3903454307339908
Basin_Rhine,EUS_114,569.4781031026048,761.5370760786637,0.1760599570785865,57.54312460049475,32.9,3.0,Rhine,86,0.7322622819092515
Basin_Rhine,EUS_115,621.7618521347932,745.5483682645365,0.1736746812424345,37.03872319692765,85.3,2.0,Rhine,84,0.6468367430482106
Basin_Rhine,EUS_116,654.4261251325952,723.7967714567176,0.1607378336316877,14.046875527594048,85.3,2.0,Rhine,65,0.4151703941777301
Basin_Rhine,EUS_218,418.417887264871,708.7918093325753,0.1841346127225617,0.1747742547187308,87.3,,Rhine,23,-0.1268484387201533
Basin_Rhine,EUS_221,1238.4384676573395,755.636629219236,0.205745319446777,3.4273090431207827,87.3,3.0,Rhine,104,0.8761306462764302
Basin_Rhine,EUS_238,876.6373928711342,752.4634267235008,0.2048033280878034,0.5203916786272432,,7.0,Rhine,108,0.7465149678125002
Basin_Rhine,EUS_239,814.033462489312,756.6838405203167,0.2192426916987908,0.7075570565976357,,1.0,Rhine,113,0.8681634834389511
Basin_Rhine,EUS_258,120.95561123195225,739.8397270950468,0.2117815719921442,2.9777677462522905e-05,8.4,4.0,Rhine,3,-0.2737237434345081
Basin_Rhine,EUS_259,112.08809630785036,740.548248862175,0.2110083617356936,5.9489411805908735e-05,8.4,4.0,Rhine,5,-0.2742121890127483
Basin_Rhine,EUS_260,168.89654508947373,733.1398237445495,0.2033352889817772,0.0022182391666683,8.4,4.0,Rhine,10,-0.2229814584647526
Basin_Rhine,EUS_261,487.9508186244816,722.7434621372058,0.1672109593810437,4.08309326769156,8.4,4.0,Rhine,51,0.2007315602526016
Basin_Rhine,EUS_262,488.1888908952436,719.4030498930354,0.1805896652767377,0.0542537937410773,8.4,4.0,Rhine,26,-0.0336431899479313
Basin_Rhine,EUS_263,488.6084298637337,720.3515821115021,0.1677973780777812,2.983053925879152,8.4,4.0,Rhine,51,0.1960710703007262
Basin_Rhine,EUS_264,498.43919437535885,720.7480218431011,0.1671865492255727,3.3919788550541154,8.4,4.0,Rhine,51,0.1993196521089088
Basin_Rhine,EUS_265,188.07908892276785,731.6236628745645,0.1983973930811244,0.0572090874201424,0.0,1.0,Rhine,12,-0.2007443988229859
Basin_Rhine,EUS_266,188.78787932586096,732.2645029000165,0.1980125460213872,0.0729857212898576,,1.0,Rhine,13,-0.1944793079774884
Basin_Rhine,EUS_375,540.8989600704028,721.1528729420445,0.1681305767529877,0.2099030831360593,0.0,1.0,Rhine,52,0.2162184061774581
Basin_Rhine,EUS_381,175.67340166366722,730.818226188434,0.1998676307535185,0.0237379780775799,0.0,1.0,Rhine,13,-0.1749963429850285
Basin_Rhine,EUS_382,377.9538230688635,732.2959681286114,0.1774763585918535,0.0023220090458224,0.0,1.0,Rhine,29,-0.0014307197469473
Basin_Rhine,EUS_383,674.4798988019169,716.9940338989286,0.1712180358050772,0.1392794665327075,0.0,1.0,Rhine,35,0.0921134796009465
Basin_Rhine,EUS_387,122.91144267909804,738.4714055143884,0.2077161176840758,0.0002082641889559,0.0,1.0,Rhine,4,-0.2400200018217599
Basin_Rhine,EUS_388,131.84063200159622,736.1320385510743,0.207068564986134,0.009137668927916,,1.0,Rhine,5,-0.2366301467136131
Basin_Rhine,EUS_392,504.0874747242579,727.8104709606031,0.1763701405710801,0.0053828112514664,,1.0,Rhine,31,0.0245479297995289
Basin_Rhine,EUS_393,277.09428793139034,729.4134919661911,0.1944144459313933,0.0023895644633952,0.0,1.0,Rhine,14,-0.1465646275437217
Basin_Rhine,EUS_400,985.273315691146,699.030054717031,0.167676732822017,0.0664991860358388,,1.0,Rhine,58,0.3423544445681735
Basin_Rhine,EUS_401,358.18911970370567,725.3563021158113,0.1803665684876545,0.0098165541950344,,2.0,Rhine,27,-0.0088542213360349
Basin_Rhine,EUS_402,630.5408508946467,716.7434845459206,0.1702236333312983,0.025334682834736,,1.0,Rhine,44,0.1399930442992833
Basin_Rhine,EUS_403,718.8994770558588,724.5790174752243,0.1672767150082361,0.380731841176267,1.4,1.0,Rhine,37,0.1123614047277434
Basin_Rhine,EUS_404,286.7094172328766,732.4083912360823,0.2015763075784908,0.3672895224643356,,1.0,Rhine,14,-0.1967144540208739
Basin_Rhine,EUS_405,177.33785731555622,734.6399018679783,0.2032223271250339,0.1747995504276756,14.9,1.0,Rhine,8,-0.2213761904811519
Basin_Rhine,EUS_406,1172.231912584444,709.8684528876098,0.1634762861448563,2.4176930690838385,,1.0,Rhine,57,0.2814351192307227
Basin_Rhine,EUS_407,140.25567319664086,735.60044880027,0.2053345303068796,0.001672880418664,0.0,1.0,Rhine,8,-0.2321802160735503
Basin_Rhine,EUS_408,757.683023635821,746.0437073473083,0.1687021543756196,0.9531299093415642,0.0,1.0,Rhine,60,0.4599877131135774
Basin_Rhine,EUS_409,305.8510345805864,729.6524718725461,0.2015963837696285,0.0106406906194522,0.0,1.0,Rhine,11,-0.2132363991901446
Basin_Rhine,EUS_410,776.7664391767435,732.6229144364619,0.1648084310328716,1.0646528881909758,,1.0,Rhine,50,0.394050838756549
Basin_Rhine,EUS_411,118.68526754064436,737.463010803912,0.2086565412988024,0.0001211885597192,,1.0,Rhine,5,-0.2591260299967922
Basin_Rhine,EUS_412,379.59156808818585,712.6982043836866,0.1807104902535663,0.0029340079179109,0.0,1.0,Rhine,34,-0.0390073245561233
Basin_Rhine,EUS_413,119.21911302713929,739.4018329782912,0.207207111803426,0.0033875755635067,,1.0,Rhine,5,-0.2546680809805569
Basin_Rhine,EUS_414,304.82053027397063,723.3119736585398,0.1884592450556408,17.291982922811922,13.1,1.0,Rhine,22,-0.1045514085241813
Basin_Rhine,EUS_415,147.97748479070154,735.8792216313014,0.2054153784114592,0.1872223709313238,0.0,1.0,Rhine,7,-0.2400692519828828
Basin_Rhine,EUS_416,1154.3045782095649,701.8191434149707,0.1670283584897609,5.791904571162355,1.4,1.0,Rhine,74,0.5138192490671403
Basin_Rhine,EUS_417,113.75811424333388,739.3109834354399,0.2099190205688283,0.0001189552028907,5.5,1.0,Rhine,4,-0.2734656910018177
Basin_Rhine,EUS_418,675.899890023652,719.520470391432,0.165896911496833,0.4487842261276791,5.5,1.0,Rhine,53,0.2749189017275695
Basin_Rhine,EUS_419,126.4045491014596,736.9671740931738,0.2073770615716376,0.000287855383931,5.5,1.0,Rhine,6,-0.2542939764963305
Basin_Rhine,EUS_420,144.6622944240808,735.2916776803595,0.2015447500915756,0.0005671532594996,,1.0,Rhine,11,-0.1998991539688174
Basin_Rhine,EUS_421,192.86608504270032,734.3548353587432,0.1991423792302326,0.0026075116074803,0.0,1.0,Rhine,10,-0.1948709996826704
Basin_Tajo,EUS_117,133.24755315150833,567.1198660832341,0.2169386070872312,0.1049965868527331,,1.0,Tajo,41,0.0280967436029955
Basin_Tajo,EUS_118,116.43504906793152,570.6448531158325,0.2200108839486494,0.1133089377256808,,2.0,Tajo,38,0.0226879507631442
Basin_Tajo,EUS_119,87.53360643803632,575.7371903920332,0.2343251148666107,0.0895593440753702,5.7,2.0,Tajo,22,-0.1047972438008261
Basin_Tajo,EUS_120,88.05644843565071,576.2284775413599,0.2441016008100483,0.0501579407496666,5.7,2.0,Tajo,12,-0.1868871406603126
Basin_Tajo,EUS_121,108.81461635830384,568.9249847376885,0.2204493552876518,0.1439148466034754,0.7,2.0,Tajo,39,0.0770732688343204
Basin_Tajo,EUS_122,229.12808144274837,560.7476749016454,0.2120367175071779,0.1873351579219728,0.0,2.0,Tajo,59,0.2497979030370788
Basin_Tajo,EUS_123,179.85925092655188,573.9227747000615,0.2196980523451468,0.3468677110062624,,3.0,Tajo,71,0.4138684077189701
Basin_Tajo,EUS_124,247.8220799861374,564.0461641178157,0.2047831440618479,0.0973342187878404,,3.0,Tajo,45,0.1958777176820643
Basin_Tajo,EUS_125,227.5361509681726,558.2158296391993,0.2100771354681138,0.2022846221506106,,2.0,Tajo,47,0.1606140466697708
Basin_Tajo,EUS_126,301.7962109056379,557.714359518774,0.2030910680373589,0.257356195381977,0.0,2.0,Tajo,51,0.2124202700999623
Basin_Tajo,EUS_127,150.9387288200691,566.8910002921426,0.2203678524734303,0.1391997453399244,,2.0,Tajo,28,-0.0129674250737574
Basin_Tajo,EUS_128,71.00348495479086,581.023701079532,0.2341818359778905,0.0024340435787065,,2.0,Tajo,19,-0.1309294618664576
Basin_Tajo,EUS_129,409.8987772033397,572.0670659723737,0.2510456255045883,1.0348236219218667,,3.0,Tajo,87,0.6672922791598567
Basin_Tajo,EUS_130,83.92572721752452,581.1323683493094,0.2367991798020684,0.024973535494962,,4.0,Tajo,17,-0.1120470546698335
Basin_Tajo,EUS_131,98.27693588351548,576.412754523708,0.2196013938104667,0.0758978738478434,,5.0,Tajo,38,0.0823008638730971
Basin_Tajo,EUS_132,90.5024313568761,571.9626807784814,0.2287896329239724,0.0659571233976969,,2.0,Tajo,32,-0.0438880965570996
Basin_Tajo,EUS_133,95.63951037564182,575.3388755831734,0.2265120551937149,0.0679320928937891,,3.0,Tajo,29,-0.0113637475740656
Basin_Tajo,EUS_134,71.74747215603395,581.1680198563245,0.2532602627328639,0.0017835021959187,,3.0,Tajo,6,-0.245864891481118
Basin_Tajo,EUS_135,122.70526413142794,566.4015914749442,0.2276400036175663,0.3290775032137344,,1.0,Tajo,30,-0.0549809156643623
Basin_Tajo,EUS_136,86.68066682449958,575.2731186449919,0.2361448745018354,0.0727924007828823,,1.0,Tajo,20,-0.1232608136229874
Basin_Tajo,EUS_137,99.5309829684294,576.0490160611292,0.242099027714883,0.0172952982700311,,3.0,Tajo,13,-0.1845431672272875
Basin_Tajo,EUS_138,141.3577340367601,568.6640554356222,0.2299446661421409,0.2528650312829823,,3.0,Tajo,23,-0.0856209162107609
Basin_Tajo,EUS_139,261.22590227198015,554.8591885574895,0.2107368220225978,0.0337646446456846,,2.0,Tajo,47,0.1637502047944538
Basin_Tajo,EUS_140,220.81531516998444,624.052122541735,0.2683685492057257,2.8148029808363573,0.0,2.0,Tajo,96,0.8606582260389397
Basin_Tajo,EUS_141,227.12790281192065,623.651844861688,0.2559631576529531,2.9018801068199784,,2.0,Tajo,90,0.8215032688492699
Basin_Tajo,EUS_142,282.0693023211977,554.4117145159181,0.2118404723678801,0.032386367712659,0.0,1.0,Tajo,44,0.0929055934661795
Basin_Tajo,EUS_143,307.3803016431942,560.1327669568309,0.2027433016303622,0.0360466008892188,0.0,2.0,Tajo,45,0.1831528411153708
Danube_Lower,EUS_158,555.3469543297485,800.4114941964552,0.1742420158011104,0.272494385163197,0.0,1.0,Danube,60,0.3376085475541759
Danube_Lower,EUS_159,488.5721091391713,801.629215262023,0.1771990314685475,0.0527011414791335,0.0,1.0,Danube,63,0.3198309304199083
Danube_Lower,EUS_160,719.9731034822616,793.7111081526203,0.1750375756562327,0.6059737372954666,5.6,8.0,Danube,90,0.6794324477833372
Danube_Lower,EUS_161,835.4215089788762,794.1867485804975,0.1736841106065478,1.0089980893634884,3.7,2.0,Danube,98,0.7205620418416231
Danube_Lower,EUS_162,448.4238036686732,803.2450412896557,0.1986753248888728,0.0680915911874922,3.3,4.0,Danube,40,0.0665758627762432
Danube_Lower,EUS_163,300.7744117618689,811.7070133990937,0.195627231657341,0.109606585062042,0.0,2.0,Danube,49,0.1189473228631743
Danube_Lower,EUS_173,865.5713761685556,887.8554547437354,0.3096831040977235,9.108865714863123,71.4,2.0,Danube,145,1.6282097924930443
Danube_Lower,EUS_174,768.6163086361892,811.7074168425129,0.1741967822302856,0.56372306899621,85.2,4.0,Danube,101,0.790739231199845
Danube_Lower,EUS_175,465.2553992952092,796.3861398419654,0.1807189885111558,0.1555219346011321,4.2,7.0,Danube,67,0.3021222548625081
Danube_Lower,EUS_331,272.4813169041973,814.6442897447071,0.1911463175089293,0.0689501956189162,5.6,8.0,Danube,51,0.1217306921866844
Danube_Lower,EUS_333,450.7342979621055,804.3678871342063,0.1759930273114031,1.31039402460419,6.3,7.0,Danube,68,0.3688150115167539
Danube_Lower,EUS_335,244.10838700630825,814.9692193788239,0.186504644355177,8.435694440415716,4.2,6.0,Danube,54,0.198925478176655
Danube_Lower,EUS_336,218.8188785181865,819.2429632954527,0.1895885096229089,2.636951026196499,4.2,7.0,Danube,50,0.1328190237136613
Danube_Lower,EUS_337,195.67683539675477,821.9914221224279,0.183600095626242,0.955911241874288,0.0,1.0,Danube,63,0.2585362200419216
Danube_Lower,EUS_338,292.42363524467794,804.1878929512831,0.1863319728378077,0.9408177949297144,0.0,6.0,Danube,55,0.2276135794646571
Danube_Lower,EUS_339,327.2997379565791,802.0406660199664,0.1826886428764488,9.553333826816596,,6.0,Danube,57,0.2855111177964144
Danube_Lower,EUS_340,155.59125857259312,824.1397610632057,0.1892219500151364,0.4551191329159747,9.4,8.0,Danube,57,0.1899782726675984
Danube_Lower,EUS_341,181.55982550077164,822.4976275961372,0.1918115690128206,6.34254660284159,14.2,8.0,Danube,49,0.1412343229742989
Danube_Lower,EUS_342,301.7515432647453,805.5106216686554,0.1946420337330491,32.29465918042376,0.0,3.0,Danube,46,0.1331504586618407
Danube_Lower,EUS_343,167.65712911908858,824.232636236333,0.190384686159729,0.8563272268275609,14.2,8.0,Danube,52,0.1586436424207661
Danube_Lower,EUS_344,466.39742412732767,796.2321813881954,0.1763350188258014,8.765844440844702,76.7,5.0,Danube,65,0.3628975871291429
Danube_Lower,EUS_345,244.4138541463469,815.1356103110488,0.1904203701391944,5.619926932436737,80.1,5.0,Danube,50,0.1481649980262437
Danube_Lower,EUS_346,563.5696495590856,802.8700051318947,0.1791296324670592,11.880271823027796,61.0,5.0,Danube,80,0.5484657255901723
Danube_Lower,EUS_347,213.53097608654545,823.2809094403232,0.1838323647355042,14.13574480125461,0.8,8.0,Danube,55,0.211230113081946
Danube_Lower,EUS_348,192.43405395563045,822.405383795316,0.1852541562972878,40.82357654022002,0.5,8.0,Danube,55,0.2178646573292677
Danube_Lower,EUS_349,376.00582763946994,821.5109636875835,0.1741534862907664,97.14936432667852,0.0,1.0,Danube,54,0.2088056529713735
Danube_Lower,EUS_350,213.36130698469765,828.4716497672786,0.1824785232234246,34.509132230772025,0.7,8.0,Danube,54,0.232101372074798
Danube_Lower,EUS_351,176.7987370972295,827.143273503365,0.1863225008552322,9.554443684740518,0.7,8.0,Danube,52,0.1980522018672421
Danube_Lower,EUS_352,468.0571654671297,806.0902834175668,0.1759851483903861,20.101829819234418,,2.0,Danube,50,0.2481283839461021
Danube_Lower,EUS_353,343.70239709188,814.6873824882881,0.1883074069234022,1.6877675456980268,,2.0,Danube,38,0.0735457312092364
Danube_Lower,EUS_354,287.03922238355227,820.8985940747256,0.2027596602289257,1.567630243037741,0.0,2.0,Danube,33,-0.0255630489838601
Danube_Lower,EUS_355,525.2344797622335,831.1873289053842,0.1833060301804971,4.686918958326008,,3.0,Danube,94,0.8805519682236888
Danube_Lower,EUS_356,394.7000096677779,800.6325153585744,0.1797280351702828,0.7091958358851725,0.0,3.0,Danube,60,0.2961188259976825
Danube_Lower,EUS_357,209.3296009818377,818.8312107874137,0.1986653951615195,0.3784339247726491,0.0,3.0,Danube,45,0.1073740785967595
Danube_Lower,EUS_358,197.5722116526185,823.1865531826522,0.2129633348698893,0.1877534131911453,,3.0,Danube,33,-0.0151779169480368
Danube_Lower,EUS_359,323.0088898981094,810.0407015405586,0.1803676803603236,0.7313587373536804,,4.0,Danube,61,0.3373741474909844
Danube_Lower,EUS_360,353.2110194430279,855.669808723291,0.1906312574567868,10.146489162074996,,4.0,Danube,98,0.9912905824258196
Danube_Lower,EUS_361,269.7658777004953,832.1531663078092,0.173344319428287,1.8407637766403264,0.0,4.0,Danube,83,0.6384621069001359
Danube_Lower,EUS_362,282.98602800024287,832.7739328386933,0.1742389184778127,4.418057662229861,,4.0,Danube,85,0.6840183580401498
Danube_Lower,EUS_363,336.3762361989486,825.083238699032,0.2175324241452784,0.2338730935734394,,4.0,Danube,17,-0.1402319819408082
Danube_Lower,EUS_364,533.9309256012455,878.41024767574,0.2017418682019036,21.45385790969444,,3.0,Danube,102,1.2404902746948634
Danube_Lower,EUS_365,306.63703315134603,832.5859539891593,0.1773273519741697,1.5628687706666415,,3.0,Danube,91,0.7610545110626596
Danube_Lower,EUS_366,378.8578607082492,840.803014859085,0.1808053082346924,4.834557932307801,0.0,3.0,Danube,99,0.8604611845377214
Danube_Lower,EUS_367,684.3795826718805,869.0284461132504,0.1958415793167199,92.0596687564631,4.2,7.0,Danube,100,1.219424985911694
Danube_Lower,EUS_368,504.0924480814322,800.8712803292732,0.1705448341496369,2.204708654793122,0.0,1.0,Danube,68,0.4329649150713759
Danube_Lower,EUS_369,291.7050624116256,820.5025689415517,0.2034859778834327,2.010751433809881,0.0,1.0,Danube,26,-0.0186312588230973
Danube_Lower,EUS_370,239.90217854155105,809.559153583264,0.1851267303429408,0.6409113351663563,,3.0,Danube,62,0.3028591509009085
Danube_Lower,EUS_371,293.307216369882,806.2784903458095,0.1880697823076531,1.0506686596018544,0.0,2.0,Danube,52,0.1947726785046968
Danube_Middle,EUS_001,760.3084199719478,668.5920282257725,0.1460546896513804,0.6543876470893533,5.0,5.0,Danube,46,0.2399210431742569
Danube_Middle,EUS_002,470.3683280860524,661.3581273821204,0.1696186844201545,0.2282396502959663,0.6,3.0,Danube,39,0.0675850872649696
Danube_Middle,EUS_003,841.460829864805,762.7633314742658,0.2444925878776586,0.8078211992227314,5.0,5.0,Danube,111,1.0753424926533413
Danube_Middle,EUS_004,560.2145354058914,672.8754381556023,0.1530356387968184,0.1879774602229171,5.0,5.0,Danube,68,0.3580368919677585
Danube_Middle,EUS_005,563.343940360032,676.538834909649,0.1528949094709029,0.0591440399671691,0.0,1.0,Danube,68,0.366424626264023
Danube_Middle,EUS_006,355.6849798255344,670.9901127494834,0.1821575741956406,0.0062338093908522,,1.0,Danube,31,0.0125586786991586
Danube_Middle,EUS_007,182.48920135034908,695.070391365975,0.2048645827591302,0.0804464095353781,0.5,2.0,Danube,18,-0.100144845220468
Danube_Middle,EUS_008,159.8003948984672,692.4295812926692,0.2079157940960847,0.0847408510447066,0.5,3.0,Danube,19,-0.1215770061913796
Danube_Middle,EUS_009,284.53118964659063,681.1321014446069,0.1882898125073411,0.0921907132247131,0.0,1.0,Danube,26,-0.0350278636722289
Danube_Middle,EUS_010,175.95278791758622,704.4138161935349,0.2237146865757442,0.0782217572427017,,2.0,Danube,7,-0.2355685998114919
Danube_Middle,EUS_011,157.22322200984536,699.8476722674974,0.2179661684413486,0.0830186088206453,0.5,3.0,Danube,9,-0.205625354342513
Danube_Middle,EUS_012,238.2479353364993,688.7558758568567,0.2049957100754924,0.0841130301786995,5.0,5.0,Danube,20,-0.1257134549180765
Danube_Middle,EUS_013,145.96411206754908,700.8904737743213,0.2198124421781165,0.0791187203392013,0.6,3.0,Danube,9,-0.2123985637316864
Danube_Middle,EUS_164,691.6932300775366,674.5024692939877,0.1672408298187803,1.2761637069509406,3.1,6.0,Danube,88,0.5759704067589402
Danube_Middle,EUS_165,287.0009845562614,680.4088539786795,0.1926219484891642,0.0239088436136679,4.1,6.0,Danube,26,-0.0888293564875205
Danube_Middle,EUS_166,236.81830502659724,679.8551215610593,0.1927244811154381,0.1099446572163278,0.4,4.0,Danube,28,-0.0700958131219491
Danube_Middle,EUS_167,315.2382530213783,661.9576644057719,0.1740658742279258,0.1084478723542692,6.8,7.0,Danube,49,0.1155060177148906
Danube_Middle,EUS_168,331.7590976905718,667.0455084987266,0.1698946140887124,0.0383760023977255,3.9,6.0,Danube,46,0.1394662234395867
Danube_Middle,EUS_169,318.6093970229448,673.005436755344,0.1824865761244081,0.0861222238414714,10.4,5.0,Danube,34,0.006131157035855
Danube_Middle,EUS_176,973.613083844453,658.4751108068156,0.148801527100991,1.351285752931794,3.1,6.0,Danube,68,0.4511538984734635
Danube_Middle,EUS_177,907.9557009903092,699.5704298153403,0.2086390255280449,0.5898996501759942,5.0,5.0,Danube,103,0.8589389663923567
Danube_Middle,EUS_178,344.8455950617821,663.2761915182462,0.1650887637156685,0.4273800833909387,6.8,7.0,Danube,61,0.2815804190134281
Danube_Middle,EUS_179,373.8596798989431,665.7458543153078,0.1612033335380659,0.3813371589568556,4.6,6.0,Danube,56,0.2381947409808322
Danube_Middle,EUS_180,388.7239205188129,672.0523162385529,0.1675185659305855,0.3544014581473118,10.4,5.0,Danube,44,0.1226848195712288
Danube_Middle,EUS_313,631.2927972206809,695.2064619206186,0.1870863222488829,69.89882587979923,27.7,6.0,Danube,88,0.6780227573576403
Danube_Middle,EUS_314,341.8846525309844,670.4457665429239,0.1623314518333705,114.27705383323,9.7,7.0,Danube,51,0.2215878696363163
Danube_Middle,EUS_315,320.90815678756536,671.5579618946855,0.1685572740719713,551.9792934054989,6.1,7.0,Danube,48,0.1599797425371762
Danube_Middle,EUS_316,285.0620975693854,672.4227433156104,0.1636865583361648,260.0192509680367,6.1,7.0,Danube,59,0.2442028183047365
Danube_Middle,EUS_317,297.6914404270209,686.7894736345384,0.166177006776687,0.3063140971248509,14.6,6.0,Danube,73,0.4252660708487765
Danube_Middle,EUS_318,278.03568332001095,674.2249705780955,0.1634277065299788,58.60654356781584,6.6,7.0,Danube,62,0.2828741630030053
Danube_Middle,EUS_319,248.98602771193896,675.8164861741419,0.162127414393894,0.2014510427788744,0.6,6.0,Danube,62,0.2746303463964916
Danube_Middle,EUS_320,302.95385823649565,673.6668738221364,0.1607536195398483,0.1987215263741839,3.2,4.0,Danube,60,0.2908773833692191
Danube_Middle,EUS_321,477.9389280042319,687.0123007380244,0.168248601324861,0.4409886326647977,7.2,4.0,Danube,77,0.4782506344128578
Danube_Middle,EUS_322,225.3206926053065,683.0802102709864,0.1625036967851041,0.2632304333954603,6.7,7.0,Danube,63,0.3163359531295401
Danube_Middle,EUS_323,258.0256165658389,670.2016721785312,0.1647554654343822,0.2741027156753699,6.7,7.0,Danube,56,0.2048123602510777
Danube_Middle,EUS_324,183.60140776551864,680.5340578182244,0.1654839823473887,84.59688021194172,7.1,7.0,Danube,62,0.2805432355576886
Danube_Middle,EUS_325,198.83924794877768,679.6809658470089,0.1650267050467237,81.6326053004556,0.1,3.0,Danube,63,0.2925466548276732
Danube_Middle,EUS_326,173.6717900877758,684.4018785159118,0.1665880654190672,0.1126744925228162,7.2,7.0,Danube,59,0.2326890705106963
Danube_Middle,EUS_327,157.8125208517462,685.344049890855,0.1669037053309049,0.1226989621963079,7.2,7.0,Danube,57,0.2215340382359146
Danube_Middle,EUS_328,191.7292358118776,676.1878576417241,0.1656460919744637,243.14766131451063,7.5,7.0,Danube,61,0.2667678618273024
Danube_Middle,EUS_329,187.3111875525568,681.318533410927,0.166615685808691,364.59429848844223,7.3,7.0,Danube,61,0.2431032117897902
Danube_Middle,EUS_330,289.6472445828994,667.7903084752459,0.1722495275720525,109.97983223039108,5.5,7.0,Danube,46,0.1186304898933488
Danube_Middle,EUS_332,416.9871344012845,668.0218310536158,0.1587080058325043,0.2644545234719376,8.0,7.0,Danube,60,0.2299355925756725
Danube_Middle,EUS_334,477.298067766504,649.9534098859452,0.1616475305654457,0.017159129783427,4.1,6.0,Danube,54,0.1998054388537671
Danube_Upper,EUS_051,232.82138865880543,832.4100460770118,0.2819236477486732,0.1515539305627627,0.0,1.0,Danube,20,-0.1279176556217348
Danube_Upper,EUS_082,698.1067837503551,811.4444613310184,0.2512811081173448,1.19554240414162,16.6,4.0,Danube,85,0.6118970641582959
Danube_Upper,EUS_096,466.4608197532164,805.9924082840906,0.2563619485569822,0.086491685368052,0.0,1.0,Danube,55,0.2646412414624924
Danube_Upper,EUS_097,408.8463351531207,812.2984500604505,0.2565260807502468,0.0974516870284118,9.1,5.0,Danube,59,0.3001885849417092
Danube_Upper,EUS_103,301.2417031917952,833.5717130345154,0.280403770681196,0.0891127391947068,0.0,2.0,Danube,24,-0.0816246724874781
Danube_Upper,EUS_104,368.225531194698,826.3166221257245,0.2698129720210606,0.181945815125964,,2.0,Danube,35,0.030156097558925
Danube_Upper,EUS_105,309.47092599111784,824.070974292568,0.2512749653300213,0.892971738652728,15.9,3.0,Danube,66,0.3546267092703947
Danube_Upper,EUS_106,345.5121770944622,824.8744600245984,0.2484266738814657,0.8951632811250023,15.9,3.0,Danube,72,0.4375677244794489
Danube_Upper,EUS_107,383.2582647371448,824.250042226597,0.2719754357993684,0.5719985786078498,0.0,1.0,Danube,29,-0.0291877181011162
Danube_Upper,EUS_108,773.5417350310288,832.824323527289,0.2405465776564568,2.512309309806107,13.7,4.0,Danube,85,0.7313252392781769
Danube_Upper,EUS_109,435.3813050700645,829.5288986565346,0.2522886930773853,1.5120992663951274,7.6,3.0,Danube,85,0.5981336399423118
Danube_Upper,EUS_110,669.9005775472554,840.7052127133454,0.2666017333838924,2.280295374469408,7.6,3.0,Danube,101,0.8758985941923136
Danube_Upper,EUS_170,617.3525261244172,805.7873088629062,0.2528745969844903,0.6328253346440894,35.2,4.0,Danube,90,0.5583049649516597
Danube_Upper,EUS_171,319.1610115256804,828.2780948757769,0.2890017087644386,0.0102867427762258,4.0,4.0,Danube,22,-0.111974258497732
Danube_Upper,EUS_172,301.0077633768704,821.6021004750592,0.2788917878465918,0.0696955200367606,8.0,5.0,Danube,36,-0.0069528964394535
Danube_Upper,EUS_181,593.268623911234,892.1915139662716,0.36666558602278,1.611080861706665,9.2,7.0,Danube,144,1.4102464814797293
Danube_Upper,EUS_182,640.44245460338,805.6147188547664,0.2443527877996054,0.4469779027641194,19.4,4.0,Danube,66,0.3560769055313901
Danube_Upper,EUS_183,823.9073037611523,904.8180952581246,0.3818625304602916,50.65496712127074,8.0,5.0,Danube,149,1.6807368249151426
Danube_Upper,EUS_301,291.8546041792188,818.9949020584959,0.2686137474362673,0.7523148487659005,20.9,5.0,Danube,47,0.1184273576226897
Danube_Upper,EUS_302,192.48835424362812,829.7410383970081,0.2690371663383669,0.0351528330719566,16.3,6.0,Danube,50,0.1264096513225632
Danube_Upper,EUS_303,199.30897045020984,829.9455504041264,0.2646848656440055,0.1156856877397936,10.9,6.0,Danube,54,0.1973372325674603
Danube_Upper,EUS_304,297.9470435977791,826.394417079432,0.2569270739587832,0.1600128209058328,11.1,6.0,Danube,66,0.3288995955227553
Danube_Upper,EUS_305,230.1413986881723,835.7867064109851,0.2815086534922992,0.3705907482602412,5.8,6.0,Danube,26,-0.0331865090794
Danube_Upper,EUS_306,210.47230170770612,827.2831145336867,0.2708069324591154,0.0297786932611439,7.6,7.0,Danube,44,0.1077994161711609
Danube_Upper,EUS_307,175.74482469129478,833.2139803849764,0.2702290596185738,0.2799155077823012,8.4,7.0,Danube,42,0.1089218713996816
Danube_Upper,EUS_308,171.7447728813763,831.7112319205868,0.2722181706424834,0.177479461922735,7.8,7.0,Danube,44,0.0944402197365781
Danube_Upper,EUS_309,217.1007569061752,830.489350670057,0.2665601580126034,0.2896641219745215,7.9,7.0,Danube,45,0.1419727310932405
Danube_Upper,EUS_310,171.981222808478,833.2587378766736,0.2685256286536714,0.1788624215444959,8.7,7.0,Danube,45,0.1406141860662387
Danube_Upper,EUS_311,516.3559274624332,822.3733924504704,0.2517744004272321,0.2940935566853725,0.0,1.0,Danube,80,0.539881612012347
Danube_Upper,EUS_312,562.4513330193892,829.4328886065749,0.2561950805966969,0.5685715218487053,16.6,4.0,Danube,89,0.602276060616423
Danube_Upper,EUS_376,280.0234095843987,843.8681610160027,0.2603093383475281,0.0404453677832677,0.0,1.0,Danube,35,0.063539590833426
Danube_Upper,EUS_377,305.8622437526636,842.719977576291,0.2552847497396868,0.0857355272939193,0.0,1.0,Danube,34,0.1065807981504425
Danube_Upper,EUS_378,286.977026378665,832.6455994239215,0.2858581477038619,0.0095089450593132,0.0,1.0,Danube,16,-0.1376430137768247
Danube_Upper,EUS_379,626.0657742317325,811.4406847674977,0.2502285598182212,0.2009014603599968,,1.0,Danube,47,0.2404655756188376
Danube_Upper,EUS_380,353.27730937453754,840.6445271452673,0.2523778539619843,0.1194765390258627,0.0,1.0,Danube,40,0.1282250765799579
Rhine_Lower,EUS_084,824.8763471726945,728.7018258972017,0.1773702965945754,0.2579073783538736,0.0,,Rhine,72,0.4489224475561749
Rhine_Lower,EUS_111,420.7717639402331,762.45496311354,0.1752741592885622,9.799230786720548,,1.0,Rhine,74,0.4817578037569467
Rhine_Lower,EUS_112,531.2892779877221,796.5629122538706,0.1922020070094254,68.01550349775431,0.0,1.0,Rhine,91,0.7833868865531464
Rhine_Lower,EUS_113,389.4323018029072,761.3419202047087,0.17104201763833,9.723497569381728,32.9,3.0,Rhine,66,0.3903454307339908
Rhine_Lower,EUS_114,402.0578768634472,805.2538789967521,0.1830400972172671,57.54312460049475,32.9,3.0,Rhine,86,0.7322622819092515
Rhine_Lower,EUS_115,424.6297470475433,784.6821672678685,0.18059839149907,37.03872319692765,85.3,2.0,Rhine,84,0.6468367430482106
Rhine_Lower,EUS_116,473.2112356599805,760.5113196730092,0.1677611279817987,14.046875527594048,85.3,2.0,Rhine,65,0.4151703941777301
Rhine_Lower,EUS_218,312.5271288571444,751.8265502206702,0.1918867800453276,0.1747742547187308,87.3,,Rhine,23,-0.1268484387201533
Rhine_Lower,EUS_221,874.4826369039723,790.5906893664782,0.20958507730522,3.4273090431207827,87.3,3.0,Rhine,104,0.8761306462764302
Rhine_Lower,EUS_238,614.8552728489407,778.3384085191689,0.2097998600936787,0.5203916786272432,,7.0,Rhine,108,0.7465149678125002
Rhine_Lower,EUS_239,570.293850174677,789.7645809333325,0.2257672826870033,0.7075570565976357,,1.0,Rhine,113,0.8681634834389511
Rhine_Lower,EUS_258,105.98385581789124,776.0911457788934,0.2174209361315297,2.9777677462522905e-05,8.4,4.0,Rhine,3,-0.2737237434345081
Rhine_Lower,EUS_259,96.60830554120308,777.4551885059282,0.2168972777299621,5.9489411805908735e-05,8.4,4.0,Rhine,5,-0.2742121890127483
Rhine_Lower,EUS_260,136.08620177474873,770.330759569501,0.2089663370139756,0.0022182391666683,8.4,4.0,Rhine,10,-0.2229814584647526
Rhine_Lower,EUS_261,324.07456815079644,755.9322211733054,0.1758546474541009,4.08309326769156,8.4,4.0,Rhine,51,0.2007315602526016
Rhine_Lower,EUS_262,389.46032558132896,749.579711051957,0.1876800910517136,0.0542537937410773,8.4,4.0,Rhine,26,-0.0336431899479313
Rhine_Lower,EUS_263,327.37247153618085,754.2032153521503,0.1764077065188312,2.983053925879152,8.4,4.0,Rhine,51,0.1960710703007262
Rhine_Lower,EUS_264,341.41479275889697,754.3659242988494,0.1755096123470146,3.3919788550541154,8.4,4.0,Rhine,51,0.1993196521089088
Rhine_Lower,EUS_265,139.41418558253113,770.5010938059693,0.2052445202772189,0.0572090874201424,0.0,1.0,Rhine,12,-0.2007443988229859
Rhine_Lower,EUS_266,131.76063271492526,771.2940951659583,0.2048517509248679,0.0729857212898576,,1.0,Rhine,13,-0.1944793079774884
Rhine_Lower,EUS_375,376.58910968104016,756.1617817472048,0.1765769126518899,0.2099030831360593,0.0,1.0,Rhine,52,0.2162184061774581
Rhine_Lower,EUS_381,123.10377813902574,772.5653619902191,0.205657760577916,0.0237379780775799,0.0,1.0,Rhine,13,-0.1749963429850285
Rhine_Lower,EUS_382,235.73788995300143,771.0395363733786,0.1860002822363062,0.0023220090458224,0.0,1.0,Rhine,29,-0.0014307197469473
Rhine_Lower,EUS_383,376.56462796702976,756.874506425193,0.1812795027373658,0.1392794665327075,0.0,1.0,Rhine,35,0.0921134796009465
Rhine_Lower,EUS_387,93.90364743856816,778.8158839012892,0.2139230856930165,0.0002082641889559,0.0,1.0,Rhine,4,-0.2400200018217599
Rhine_Lower,EUS_388,103.07511136029116,776.8411207906512,0.2133608272936674,0.009137668927916,,1.0,Rhine,5,-0.2366301467136131
Rhine_Lower,EUS_392,297.884874572052,769.1812798168082,0.1858464763796402,0.0053828112514664,,1.0,Rhine,31,0.0245479297995289
Rhine_Lower,EUS_393,174.51554711453883,770.0595656018237,0.2020074024825792,0.0023895644633952,0.0,1.0,Rhine,14,-0.1465646275437217
Rhine_Lower,EUS_400,671.021216055404,733.0893914667163,0.1764356154719839,0.0664991860358388,,1.0,Rhine,58,0.3423544445681735
Rhine_Lower,EUS_401,242.968465234673,765.7966009942538,0.1895681055768177,0.0098165541950344,,2.0,Rhine,27,-0.0088542213360349
Rhine_Lower,EUS_402,424.1738906905034,755.0851680438891,0.179907830520826,0.025334682834736,,1.0,Rhine,44,0.1399930442992833
Rhine_Lower,EUS_403,462.1188586828381,758.1799600073425,0.1767992859121943,0.380731841176267,1.4,1.0,Rhine,37,0.1123614047277434
Rhine_Lower,EUS_404,137.82790519856022,768.9470701477908,0.2077888173860889,0.3672895224643356,,1.0,Rhine,14,-0.1967144540208739
Rhine_Lower,EUS_405,138.98558209599128,772.5562477479759,0.2097419181785698,0.1747995504276756,14.9,1.0,Rhine,8,-0.2213761904811519
Rhine_Lower,EUS_406,820.2227086347696,730.5838259258169,0.1726692814490707,2.4176930690838385,,1.0,Rhine,57,0.2814351192307227
Rhine_Lower,EUS_407,113.51128127633582,773.4481400822569,0.2113259269571755,0.001672880418664,0.0,1.0,Rhine,8,-0.2321802160735503
Rhine_Lower,EUS_408,476.7138478262548,771.4608609906976,0.1777403588047651,0.9531299093415642,0.0,1.0,Rhine,60,0.4599877131135774
Rhine_Lower,EUS_409,155.71234478843547,767.4219900467011,0.2075168084253437,0.0106406906194522,0.0,1.0,Rhine,11,-0.2132363991901446
Rhine_Lower,EUS_410,486.1847307694858,767.809895738893,0.1748850861334992,1.0646528881909758,,1.0,Rhine,50,0.394050838756549
Rhine_Lower,EUS_411,95.36660065728285,776.7893798855745,0.214788963686609,0.0001211885597192,,1.0,Rhine,5,-0.2591260299967922
Rhine_Lower,EUS_412,261.53368915433214,749.0756146212609,0.1887922600345843,0.0029340079179109,0.0,1.0,Rhine,34,-0.0390073245561233
Rhine_Lower,EUS_413,93.8864820495752,777.5719111821722,0.2133594719919413,0.0033875755635067,,1.0,Rhine,5,-0.2546680809805569
Rhine_Lower,EUS_414,185.0851660233562,763.5459582430055,0.1957740662002215,17.291982922811922,13.1,1.0,Rhine,22,-0.1045514085241813
Rhine_Lower,EUS_415,112.84392887567958,774.1097166932702,0.2116989212435259,0.1872223709313238,0.0,1.0,Rhine,7,-0.2400692519828828
Rhine_Lower,EUS_416,848.2820222329958,734.1781372821692,0.1745108031977315,5.791904571162355,1.4,1.0,Rhine,74,0.5138192490671403
Rhine_Lower,EUS_417,89.9521282070506,778.096908970273,0.2161509071800431,0.0001189552028907,5.5,1.0,Rhine,4,-0.2734656910018177
Rhine_Lower,EUS_418,442.943687344066,756.5147202931303,0.1751693230527966,0.4487842261276791,5.5,1.0,Rhine,53,0.2749189017275695
Rhine_Lower,EUS_419,98.19101674287526,776.8876342970661,0.2136301108143327,0.000287855383931,5.5,1.0,Rhine,6,-0.2542939764963305
Rhine_Lower,EUS_420,107.49102728970892,774.3417710541147,0.2083446820134994,0.0005671532594996,,1.0,Rhine,11,-0.1998991539688174
Rhine_Lower,EUS_421,136.03120293007032,772.9252129459691,0.2060617705963111,0.0026075116074803,0.0,1.0,Rhine,10,-0.1948709996826704
Sec_Danube_Lower,EUS_158,575.3145945399349,809.6142745666048,0.182060350107498,0.272494385163197,0.0,1.0,Danube,60,0.3376085475541759
Sec_Danube_Lower,EUS_159,470.8266154148601,812.949362404155,0.1852432353389293,0.0527011414791335,0.0,1.0,Danube,63,0.3198309304199083
Sec_Danube_Lower,EUS_160,712.29379207234,804.6073712786563,0.1818951548709885,0.6059737372954666,5.6,8.0,Danube,90,0.6794324477833372
Sec_Danube_Lower,EUS_161,809.5410816822509,807.4599080856411,0.179959575951588,1.0089980893634884,3.7,2.0,Danube,98,0.7205620418416231
Sec_Danube_Lower,EUS_162,448.1178092754069,814.1801327144279,0.2083212264282387,0.0680915911874922,3.3,4.0,Danube,40,0.0665758627762432
Sec_Danube_Lower,EUS_163,306.1376241512001,821.1085330225401,0.2045229675710775,0.109606585062042,0.0,2.0,Danube,49,0.1189473228631743
Sec_Danube_Lower,EUS_173,866.71710338418,886.5029886942376,0.3129717740110537,9.108865714863123,71.4,2.0,Danube,145,1.6282097924930443
Sec_Danube_Lower,EUS_174,781.6855049675455,821.9964949355787,0.180446589181611,0.56372306899621,85.2,4.0,Danube,101,0.790739231199845
Sec_Danube_Lower,EUS_175,460.39431932745606,808.2271502636166,0.1891608537299543,0.1555219346011321,4.2,7.0,Danube,67,0.3021222548625081
Sec_Danube_Lower,EUS_332,279.7118240383796,818.5936377554539,0.1923224569057887,0.2644545234719376,8.0,7.0,Danube,60,0.2299355925756725
Sec_Danube_Lower,EUS_333,425.13193295619527,816.6948413016491,0.1844772925713537,1.31039402460419,6.3,7.0,Danube,68,0.3688150115167539
Sec_Danube_Lower,EUS_336,259.5282531813643,823.5467557468158,0.1975119996583996,2.636951026196499,4.2,7.0,Danube,50,0.1328190237136613
Sec_Danube_Lower,EUS_337,201.0697839947697,828.2534764813763,0.1914601313365877,0.955911241874288,0.0,1.0,Danube,63,0.2585362200419216
Sec_Danube_Lower,EUS_338,299.8971977512743,812.7430090952541,0.1952447656685704,0.9408177949297144,0.0,6.0,Danube,55,0.2276135794646571
Sec_Danube_Lower,EUS_339,336.81731496321567,812.1901472308182,0.1916574897586065,9.553333826816596,,6.0,Danube,57,0.2855111177964144
Sec_Danube_Lower,EUS_340,168.60234872613205,829.3150162889783,0.1975704872725166,0.4551191329159747,9.4,8.0,Danube,57,0.1899782726675984
Sec_Danube_Lower,EUS_341,200.8666193813652,827.8604055511221,0.2001229424182626,6.34254660284159,14.2,8.0,Danube,49,0.1412343229742989
Sec_Danube_Lower,EUS_342,313.4926909410863,814.4711834597887,0.2042917736978259,32.29465918042376,0.0,3.0,Danube,46,0.1331504586618407
Sec_Danube_Lower,EUS_343,173.14406509118456,829.1344445011174,0.1987774534145934,0.8563272268275609,14.2,8.0,Danube,52,0.1586436424207661
Sec_Danube_Lower,EUS_344,460.3273636481994,804.8496734513311,0.1848990672064894,8.765844440844702,76.7,5.0,Danube,65,0.3628975871291429
Sec_Danube_Lower,EUS_345,239.2129112644164,822.0031851816601,0.1991471918325034,5.619926932436737,80.1,5.0,Danube,50,0.1481649980262437
Sec_Danube_Lower,EUS_346,571.0540144152617,812.978119933417,0.1860624055394592,11.880271823027796,61.0,5.0,Danube,80,0.5484657255901723
Sec_Danube_Lower,EUS_347,217.3001851859303,830.250803487754,0.1923010150524945,14.13574480125461,0.8,8.0,Danube,55,0.211230113081946
Sec_Danube_Lower,EUS_348,199.57209794049908,827.7099920703096,0.1936574522290627,40.82357654022002,0.5,8.0,Danube,55,0.2178646573292677
Sec_Danube_Lower,EUS_349,395.06655314837207,830.576159236644,0.1811027255488455,97.14936432667852,0.0,1.0,Danube,54,0.2088056529713735
Sec_Danube_Lower,EUS_350,245.7671486445349,834.2314948538686,0.1906774739825715,34.509132230772025,0.7,8.0,Danube,54,0.232101372074798
Sec_Danube_Lower,EUS_351,183.7948257166696,832.6596611192945,0.1948145445336775,9.554443684740518,0.7,8.0,Danube,52,0.1980522018672421
Sec_Danube_Lower,EUS_356,421.25528612486806,810.2379475158789,0.1860380993622589,0.7091958358851725,0.0,3.0,Danube,60,0.2961188259976825
Sec_Danube_Lower,EUS_357,237.8969250396472,825.6224046165917,0.2068781781175628,0.3784339247726491,0.0,3.0,Danube,45,0.1073740785967595
Sec_Danube_Lower,EUS_358,231.16807222064253,826.8476411577666,0.2218648387392197,0.1877534131911453,,3.0,Danube,33,-0.0151779169480368
Sec_Danube_Lower,EUS_359,329.316934797721,822.5447066408086,0.1880199359623733,0.7313587373536804,,4.0,Danube,61,0.3373741474909844
Sec_Danube_Lower,EUS_360,356.3301321074543,857.8798935581098,0.1960232759719812,10.146489162074996,,4.0,Danube,98,0.9912905824258196
Sec_Danube_Lower,EUS_361,271.6040060624884,838.3498636359304,0.1795643329949564,1.8407637766403264,0.0,4.0,Danube,83,0.6384621069001359
Sec_Danube_Lower,EUS_362,280.2478461687724,839.747909082097,0.180371014671836,4.418057662229861,,4.0,Danube,85,0.6840183580401498
Sec_Danube_Lower,EUS_363,362.122812539038,830.0300581641706,0.2261319232600238,0.2338730935734394,,4.0,Danube,17,-0.1402319819408082
Sec_Danube_Lower,EUS_364,560.4283769743342,874.0860754224319,0.2059417935539639,21.45385790969444,,3.0,Danube,102,1.2404902746948634
Sec_Danube_Lower,EUS_365,310.8151205201584,837.9397457440718,0.1837233580456219,1.5628687706666415,,3.0,Danube,91,0.7610545110626596
Sec_Danube_Lower,EUS_366,378.44454242550194,845.9376817693978,0.1861321342724125,4.834557932307801,0.0,3.0,Danube,99,0.8604611845377214
Sec_Danube_Lower,EUS_367,714.7938368442052,867.1460043486703,0.1989766705031718,92.0596687564631,4.2,7.0,Danube,100,1.219424985911694
Sec_Danube_Lower,EUS_368,544.5096623917642,809.4098690732144,0.1767295161103406,2.204708654793122,0.0,1.0,Danube,68,0.4329649150713759
Sec_Danube_Lower,EUS_369,366.1729791914682,824.3813723281868,0.2104728327181945,2.010751433809881,0.0,1.0,Danube,26,-0.0186312588230973
Sec_Danube_Lower,EUS_370,270.1725219441548,817.7528577414281,0.1927372887103564,0.6409113351663563,,3.0,Danube,62,0.3028591509009085
Sec_Danube_Middle,EUS_082,805.907136842343,656.0906705051611,0.1640756688622916,1.19554240414162,16.6,4.0,Danube,85,0.6118970641582959
Sec_Danube_Middle,EUS_103,332.64241065366167,683.0484343147803,0.1990447058155423,0.0891127391947068,0.0,2.0,Danube,24,-0.0816246724874781
Sec_Danube_Middle,EUS_104,426.8978624449872,669.5901532489165,0.1858383978000539,0.181945815125964,,2.0,Danube,35,0.030156097558925
Sec_Danube_Middle,EUS_106,483.7037959052712,666.0499569579933,0.1592768986351543,0.8951632811250023,15.9,3.0,Danube,72,0.4375677244794489
Sec_Danube_Middle,EUS_107,369.73508918377615,677.5529138580829,0.1909848088847749,0.5719985786078498,0.0,1.0,Danube,29,-0.0291877181011162
Sec_Danube_Middle,EUS_108,934.8521329489768,679.9896729585698,0.1609269970646954,2.512309309806107,13.7,4.0,Danube,85,0.7313252392781769
Sec_Danube_Middle,EUS_109,457.0701424367566,677.8974385689378,0.1657724296488593,1.5120992663951274,7.6,3.0,Danube,85,0.5981336399423118
Sec_Danube_Middle,EUS_110,602.1546971169599,703.3281352449654,0.1899542752547625,2.280295374469408,7.6,3.0,Danube,101,0.8758985941923136
Sec_Danube_Middle,EUS_167,248.1491730831408,670.2509258870933,0.1882248632247966,0.1084478723542692,6.8,7.0,Danube,49,0.1155060177148906
Sec_Danube_Middle,EUS_169,308.4299495785908,677.8161150768381,0.1946579678333249,0.0861222238414714,10.4,5.0,Danube,34,0.006131157035855
Sec_Danube_Middle,EUS_170,559.6533250911596,657.7868788106811,0.1670095923342767,0.6328253346440894,35.2,4.0,Danube,90,0.5583049649516597
Sec_Danube_Middle,EUS_178,378.9949081478269,659.5709454529103,0.1709702808843065,0.4273800833909387,6.8,7.0,Danube,61,0.2815804190134281
Sec_Danube_Middle,EUS_180,369.226011816471,675.1521505154565,0.1785011466403576,0.3544014581473118,10.4,5.0,Danube,44,0.1226848195712288
Sec_Danube_Middle,EUS_181,787.9315609549194,746.2141752904962,0.3011114735526686,1.611080861706665,9.2,7.0,Danube,144,1.4102464814797293
Sec_Danube_Middle,EUS_310,190.432589209305,675.2819241197175,0.1822419423097693,0.1788624215444959,8.7,7.0,Danube,45,0.1406141860662387
Sec_Danube_Middle,EUS_311,354.5311210893247,674.3007547592459,0.1676135715612415,0.2940935566853725,0.0,1.0,Danube,80,0.539881612012347
Sec_Danube_Middle,EUS_312,362.732829186573,682.0600783226175,0.1767574033304304,0.5685715218487053,16.6,4.0,Danube,89,0.602276060616423
Sec_Danube_Middle,EUS_313,393.0895097868756,684.2261083269173,0.1784212756556676,69.89882587979923,27.7,6.0,Danube,88,0.6780227573576403
Sec_Danube_Middle,EUS_314,243.70701056175045,674.1292571209491,0.1754757501880619,114.27705383323,9.7,7.0,Danube,51,0.2215878696363163
Sec_Danube_Middle,EUS_315,211.75543915988268,674.8800101638436,0.1809603799735863,551.9792934054989,6.1,7.0,Danube,48,0.1599797425371762
Sec_Danube_Middle,EUS_316,196.89949887323783,672.1598641663292,0.1761039694053262,260.0192509680367,6.1,7.0,Danube,59,0.2442028183047365
Sec_Danube_Middle,EUS_317,252.40230922188385,673.1269058163512,0.1698206368291669,0.3063140971248509,14.6,6.0,Danube,73,0.4252660708487765
Sec_Danube_Middle,EUS_318,195.74988046094396,674.5261517468796,0.17303017037605,58.60654356781584,6.6,7.0,Danube,62,0.2828741630030053
Sec_Danube_Middle,EUS_319,183.66074574173163,672.2793614107837,0.1732952839990643,0.2014510427788744,0.6,6.0,Danube,62,0.2746303463964916
Sec_Danube_Middle,EUS_320,228.9030241604921,666.2534280716635,0.1729074113864492,0.1987215263741839,3.2,4.0,Danube,60,0.2908773833692191
Sec_Danube_Middle,EUS_321,342.6854798977903,668.1180196082271,0.1693843527930348,0.4409886326647977,7.2,4.0,Danube,77,0.4782506344128578
Sec_Danube_Middle,EUS_322,185.6221634498192,674.200651629686,0.1723470543748519,0.2632304333954603,6.7,7.0,Danube,63,0.3163359531295401
Sec_Danube_Middle,EUS_323,170.2502600067545,675.5705810980742,0.1775280704362655,0.2741027156753699,6.7,7.0,Danube,56,0.2048123602510777
Sec_Danube_Middle,EUS_324,140.1663470831605,677.8407217628297,0.174745754893642,84.59688021194172,7.1,7.0,Danube,62,0.2805432355576886
Sec_Danube_Middle,EUS_325,161.68602253405516,674.7066376361606,0.1745512549652065,81.6326053004556,0.1,3.0,Danube,63,0.2925466548276732
Sec_Danube_Middle,EUS_326,136.46689609760438,679.7761626304623,0.1764587488569924,0.1126744925228162,7.2,7.0,Danube,59,0.2326890705106963
Sec_Danube_Middle,EUS_327,126.17579596055174,681.899279688856,0.1786326735048712,0.1226989621963079,7.2,7.0,Danube,57,0.2215340382359146
Sec_Danube_Middle,EUS_328,150.86639893722688,675.337382088211,0.1761261395035324,243.14766131451063,7.5,7.0,Danube,61,0.2667678618273024
Sec_Danube_Middle,EUS_329,146.13381204872658,675.0919511542997,0.1774982320909107,364.59429848844223,7.3,7.0,Danube,61,0.2431032117897902
Sec_Danube_Middle,EUS_330,175.01959594344518,675.7868514186288,0.1866611135715925,109.97983223039108,5.5,7.0,Danube,46,0.1186304898933488
Sec_Danube_Middle,EUS_331,152.64317311709826,676.282402332894,0.1840944011744961,0.0689501956189162,5.6,8.0,Danube,51,0.1217306921866844
Sec_Danube_Middle,EUS_335,430.54993387410207,654.9254161485774,0.1697914230294261,8.435694440415716,4.2,6.0,Danube,54,0.198925478176655
Sec_Danube_Middle,EUS_352,477.5776992192198,688.1209156516719,0.1573852583294543,20.101829819234418,,2.0,Danube,50,0.2481283839461021
Sec_Danube_Middle,EUS_353,396.40158110622656,690.6294398292434,0.1690949598728366,1.6877675456980268,,2.0,Danube,38,0.0735457312092364
Sec_Danube_Middle,EUS_354,299.3074079834215,688.8935097030251,0.1850874208473039,1.567630243037741,0.0,2.0,Danube,33,-0.0255630489838601
Sec_Danube_Middle,EUS_355,1113.9667783229404,705.7326491369952,0.1753810115488961,4.686918958326008,,3.0,Danube,94,0.8805519682236888
Sec_Danube_Middle,EUS_371,434.5927186396099,657.9810261475288,0.1729722177090833,1.0506686596018544,0.0,2.0,Danube,52,0.1947726785046968
Sec_Danube_Upper,EUS_001,600.5682216477036,671.2210378718576,0.2137735690514572,0.6543876470893533,5.0,5.0,Danube,46,0.2399210431742569
Sec_Danube_Upper,EUS_002,352.2816610875233,675.598367997676,0.2329559906965797,0.2282396502959663,0.6,3.0,Danube,39,0.0675850872649696
Sec_Danube_Upper,EUS_003,739.8565394021725,747.0893506757708,0.280300808764325,0.8078211992227314,5.0,5.0,Danube,111,1.0753424926533413
Sec_Danube_Upper,EUS_004,431.7461247258465,675.5527097713248,0.2206274267799123,0.1879774602229171,5.0,5.0,Danube,68,0.3580368919677585
Sec_Danube_Upper,EUS_005,430.1447065095549,676.6809683505387,0.2210945931277219,0.0591440399671691,0.0,1.0,Danube,68,0.366424626264023
Sec_Danube_Upper,EUS_006,289.4191000104731,679.8595630082145,0.2439897767819848,0.0062338093908522,,1.0,Danube,31,0.0125586786991586
Sec_Danube_Upper,EUS_007,141.57391076505664,699.7795384835345,0.2629079318572498,0.0804464095353781,0.5,2.0,Danube,18,-0.100144845220468
Sec_Danube_Upper,EUS_008,129.88718236387342,698.0283960811103,0.2651216268015564,0.0847408510447066,0.5,3.0,Danube,19,-0.1215770061913796
Sec_Danube_Upper,EUS_009,218.46955735896285,688.5501476981036,0.2486731597514169,0.0921907132247131,0.0,1.0,Danube,26,-0.0350278636722289
Sec_Danube_Upper,EUS_010,118.5616154643315,707.6850466426251,0.278089940779803,0.0782217572427017,,2.0,Danube,7,-0.2355685998114919
Sec_Danube_Upper,EUS_011,103.27751024841416,708.3268680053221,0.2734480007157597,0.0830186088206453,0.5,3.0,Danube,9,-0.205625354342513
Sec_Danube_Upper,EUS_012,158.3343444667649,696.5140107641566,0.262937303816767,0.0841130301786995,5.0,5.0,Danube,20,-0.1257134549180765
Sec_Danube_Upper,EUS_013,114.18248481116956,706.6553155054386,0.2742922486454806,0.0791187203392013,0.6,3.0,Danube,9,-0.2123985637316864
Sec_Danube_Upper,EUS_051,250.7240016807456,690.3689481186128,0.2499617460172659,0.1515539305627627,0.0,1.0,Danube,20,-0.1279176556217348
Sec_Danube_Upper,EUS_096,454.10161851572417,661.8625125634871,0.2261041027607411,0.086491685368052,0.0,1.0,Danube,55,0.2646412414624924
Sec_Danube_Upper,EUS_097,386.1575805872205,672.1579591672988,0.2271822850345552,0.0974516870284118,9.1,5.0,Danube,59,0.3001885849417092
Sec_Danube_Upper,EUS_105,720.6072293938772,662.9577388001982,0.2165804995208636,0.892971738652728,15.9,3.0,Danube,66,0.3546267092703947
Sec_Danube_Upper,EUS_164,599.2491485312797,676.5442058052234,0.2301911379009978,1.2761637069509406,3.1,6.0,Danube,88,0.5759704067589402
Sec_Danube_Upper,EUS_165,213.65591288226312,689.3237910960376,0.2537871898008201,0.0239088436136679,4.1,6.0,Danube,26,-0.0888293564875205
Sec_Danube_Upper,EUS_166,174.55091516639962,689.7381266314125,0.2535643633287109,0.1099446572163278,0.4,4.0,Danube,28,-0.0700958131219491
Sec_Danube_Upper,EUS_168,269.15889121684233,675.7404837173108,0.2360767732393306,0.0383760023977255,3.9,6.0,Danube,46,0.1394662234395867
Sec_Danube_Upper,EUS_171,209.7175860315808,685.623998620915,0.2584262173430112,0.0102867427762258,4.0,4.0,Danube,22,-0.111974258497732
Sec_Danube_Upper,EUS_172,213.37111544076905,681.222728372032,0.2493727883812892,0.0696955200367606,8.0,5.0,Danube,36,-0.0069528964394535
Sec_Danube_Upper,EUS_176,767.5683752569892,665.6936971823887,0.2128675463728795,1.351285752931794,3.1,6.0,Danube,68,0.4511538984734635
Sec_Danube_Upper,EUS_177,701.6353951081483,718.87080947144,0.2531767530506478,0.5898996501759942,5.0,5.0,Danube,103,0.8589389663923567
Sec_Danube_Upper,EUS_179,397.4966767845336,669.9548560181416,0.2260755303204024,0.3813371589568556,4.6,6.0,Danube,56,0.2381947409808322
Sec_Danube_Upper,EUS_182,479.6236353040572,671.0116761898984,0.2204167809955928,0.4469779027641194,19.4,4.0,Danube,66,0.3560769055313901
Sec_Danube_Upper,EUS_183,776.3804945373437,828.8343814860975,0.4521171677769768,50.65496712127074,8.0,5.0,Danube,149,1.6807368249151426
Sec_Danube_Upper,EUS_301,289.8870662578849,679.1029579377857,0.2328852060799943,0.7523148487659005,20.9,5.0,Danube,47,0.1184273576226897
Sec_Danube_Upper,EUS_302,187.8960174352954,688.9489636908529,0.2349559027066967,0.0351528330719566,16.3,6.0,Danube,50,0.1264096513225632
Sec_Danube_Upper,EUS_303,195.78741530833975,692.2141460770009,0.2317443981698017,0.1156856877397936,10.9,6.0,Danube,54,0.1973372325674603
Sec_Danube_Upper,EUS_304,297.05862669222284,687.9078990439332,0.2283282059696371,0.1600128209058328,11.1,6.0,Danube,66,0.3288995955227553
Sec_Danube_Upper,EUS_305,244.22521599419437,693.8041593677923,0.2462343430781651,0.3705907482602412,5.8,6.0,Danube,26,-0.0331865090794
Sec_Danube_Upper,EUS_306,198.33120690501968,688.2183371537941,0.2379016155772888,0.0297786932611439,7.6,7.0,Danube,44,0.1077994161711609
Sec_Danube_Upper,EUS_307,167.25386607591355,695.4886721670323,0.2368280349134208,0.2799155077823012,8.4,7.0,Danube,42,0.1089218713996816
Sec_Danube_Upper,EUS_308,168.8898635812975,693.4874152726679,0.2385997874159125,0.177479461922735,7.8,7.0,Danube,44,0.0944402197365781
Sec_Danube_Upper,EUS_309,201.1732809855384,690.9547740556532,0.2344459257818525,0.2896641219745215,7.9,7.0,Danube,45,0.1419727310932405
Sec_Danube_Upper,EUS_334,428.13556934190433,665.3789402182384,0.2258054919062976,0.017159129783427,4.1,6.0,Danube,54,0.1998054388537671
Sec_Danube_Upper,EUS_376,234.2088158949336,708.8377183791547,0.2315548495232572,0.0404453677832677,0.0,1.0,Danube,35,0.063539590833426
Sec_Danube_Upper,EUS_377,250.46362870314792,703.3037408539564,0.2292260012610131,0.0857355272939193,0.0,1.0,Danube,34,0.1065807981504425
Sec_Danube_Upper,EUS_378,203.1154272073722,694.6264838770988,0.2569114625965037,0.0095089450593132,0.0,1.0,Danube,16,-0.1376430137768247
Sec_Danube_Upper,EUS_379,528.8891352311756,670.6642289779339,0.2224839565932899,0.2009014603599968,,1.0,Danube,47,0.2404655756188376
Sec_Danube_Upper,EUS_380,285.62956402650616,700.5538117223398,0.2279666057177285,0.1194765390258627,0.0,1.0,Danube,40,0.1282250765799579
Sec_Elbe_Lower,EUS_024,282.71666153165705,813.1590441135085,0.263756578264051,0.0367902826107817,19.0,2.0,Elbe,29,-0.0192027478896275
Sec_Elbe_Lower,EUS_026,139.41515087731753,845.4517422163475,0.3006706595052877,0.0057757974514418,0.0,1.0,Elbe,2,-0.254867323893641
Sec_Elbe_Lower,EUS_027,713.020239438513,782.3482241259313,0.2177678425720027,64.94661588896811,16.1,5.0,Elbe,53,0.2873010983668432
Sec_Elbe_Lower,EUS_028,337.2005946456526,817.2927364975124,0.2633441960485905,3.61972841272898,0.0,1.0,Elbe,28,-0.0326872671968758
Sec_Elbe_Lower,EUS_029,1156.2723649314314,892.9609086080559,0.3102936153317996,275.79808106569726,95.1,1.0,Elbe,129,1.597442538946882
Sec_Elbe_Lower,EUS_030,819.2528119922655,780.1513162772045,0.2076565317999907,27.61646832768569,30.8,4.0,Elbe,74,0.5851288224679
Sec_Elbe_Lower,EUS_035,348.7060675397028,813.34800592324,0.2622040730952167,20.80335177167977,45.1,1.0,Elbe,27,-0.042895678888505
Sec_Elbe_Lower,EUS_036,284.0691594752112,824.1586291912812,0.2752149711858296,1.2880826980781828,31.8,3.0,Elbe,24,-0.094075651486515
Sec_Elbe_Lower,EUS_052,138.98660049794765,844.6211841791124,0.2996510042531923,0.0236294344541446,0.0,1.0,Elbe,5,-0.2606384765523252
Sec_Elbe_Lower,EUS_053,899.2567209088294,778.006759617819,0.213750548515526,40.50434212060182,30.8,4.0,Elbe,85,0.5822333977097605
Sec_Elbe_Lower,EUS_101,1041.3833655838812,807.0827581340267,0.2478853600668175,46.49781475299314,51.1,5.0,Elbe,114,1.1038849132101347
Sec_Elbe_Lower,EUS_156,599.1295073143524,778.1669146162471,0.2254918555960673,1.654716554365198,19.3,5.0,Elbe,74,0.4775092759334867
Sec_Elbe_Lower,EUS_157,437.42985656110096,806.4816212525722,0.2564810341897726,0.4588367011247846,21.1,6.0,Elbe,26,-0.0199756367289475
Sec_Elbe_Lower,EUS_200,1194.0040954295816,775.5890996105123,0.2287487577816451,1.2155386392934475,16.1,5.0,Elbe,101,0.9301934778364872
Sec_Elbe_Lower,EUS_201,241.95221085399388,827.2648307587218,0.2772532340424784,0.0011133354477726,23.0,2.0,Elbe,12,-0.1754957317743013
Sec_Elbe_Lower,EUS_209,495.6903396633452,796.488372644805,0.2404693902929085,1.1576810865758704,19.0,2.0,Elbe,48,0.1655788268073512
Sec_Elbe_Lower,EUS_214,161.5937857781639,840.4140249252321,0.2925113526840072,0.0381531236154325,0.0,1.0,Elbe,8,-0.245764308829884
Sec_Elbe_Lower,EUS_215,833.0726698257855,879.5973932722388,0.3484231451706018,133.6232226744387,95.1,1.0,Elbe,144,1.5121049336373935
Sec_Elbe_Lower,EUS_240,780.3415603266274,781.9888376460979,0.2102626002317644,0.2620762204443451,29.0,2.0,Elbe,83,0.5256212514921074
Sec_Elbe_Lower,EUS_280,442.60843435297056,794.9115100681553,0.2299806490528917,1.5845264304480748,0.2,1.0,Elbe,92,0.6136705866249018
Sec_Elbe_Lower,EUS_281,367.4887167396012,796.2965743222372,0.2271261565797588,1.7175226653213531,30.4,7.0,Elbe,78,0.4827685486187524
Sec_Elbe_Lower,EUS_282,204.9114533815648,828.2682468897215,0.231803865504876,5.066139535600984,30.4,7.0,Elbe,91,0.6819944919264725
Sec_Elbe_Lower,EUS_283,213.78798871457477,827.8510050981579,0.2314516953066658,4.191842494002308,30.4,7.0,Elbe,91,0.6642219966184671
Sec_Elbe_Lower,EUS_284,235.3154687895544,829.8117672007309,0.2360983842675764,3.791535929344029,30.4,7.0,Elbe,97,0.7296223726877878
Sec_Elbe_Lower,EUS_285,297.48796830735654,821.4943737340143,0.2329126911948792,3.7467333243309247,22.1,7.0,Elbe,95,0.690547466643234
Sec_Elbe_Lower,EUS_286,294.6487797208032,806.3564667768895,0.2277480121698884,2.065783402441064,22.0,7.0,Elbe,81,0.5123175135448967
Sec_Elbe_Lower,EUS_287,210.10212060357867,817.7244819701017,0.2315343432981292,2.30611958974774,22.0,7.0,Elbe,83,0.510655485895477
Sec_Elbe_Lower,EUS_288,244.5082964881853,813.8374626492292,0.2294197757933369,2.48989738604372,21.9,7.0,Elbe,82,0.5369839272990627
Sec_Elbe_Lower,EUS_289,229.45424182439243,820.9964114863396,0.2402053993807831,2.9908921790814174,21.9,7.0,Elbe,104,0.6978543456042339
Sec_Elbe_Lower,EUS_290,237.7576868779903,816.2200726367028,0.2284402880469408,2.5290698087642007,23.6,7.0,Elbe,83,0.483941720615032
Sec_Elbe_Lower,EUS_291,226.69187407223728,830.1529134101534,0.2304212242191448,3.5730455842381463,23.0,7.0,Elbe,91,0.6278228681714105
Sec_Elbe_Lower,EUS_292,268.77451594734,829.029589578892,0.2362861906974866,4.618136982209467,23.2,7.0,Elbe,99,0.7215184203118924
Sec_Elbe_Lower,EUS_293,237.33291898417835,832.3537734780447,0.2305444013871029,3.8371949165926864,23.3,7.0,Elbe,92,0.6439025990539863
Sec_Elbe_Lower,EUS_294,241.25772599205317,828.9550489065524,0.2290025483512645,3.379297786581652,21.3,7.0,Elbe,91,0.6293387554152909
Sec_Elbe_Lower,EUS_295,235.45249265009988,831.0545245952252,0.2270173136793861,3.7256183078178537,21.0,7.0,Elbe,88,0.5919231872305349
Sec_Elbe_Lower,EUS_296,238.0160940598056,828.3758981068238,0.2270793741004623,3.7746921887086726,20.8,7.0,Elbe,88,0.598003007331894
Sec_Elbe_Lower,EUS_297,456.86184533015455,786.4874439212432,0.2264051073737971,3.4018713783479213,0.0,2.0,Elbe,65,0.4350050165420915
Sec_Elbe_Lower,EUS_298,763.3182157986477,797.7675991548447,0.2369403270153327,9.861830758085445,33.2,5.0,Elbe,100,0.8998603060489307
Sec_Elbe_Lower,EUS_299,481.1578934614365,815.0823006794525,0.2249982614641859,18.355309386240453,30.4,7.0,Elbe,89,0.7987408988131749
Sec_Elbe_Lower,EUS_300,323.576650221977,799.462814490258,0.2278819889306324,2.5373358404670783,23.6,7.0,Elbe,76,0.438521252395684
Sec_Elbe_Lower,EUS_372,140.68409352578445,846.2014317368099,0.2959372117648436,0.0001962470189201,0.0,1.0,Elbe,7,-0.2409251020139911
Sec_Elbe_Lower,EUS_373,161.50018588714894,841.7730314562712,0.2706973409903161,0.0017672538588107,0.0,1.0,Elbe,15,-0.1015079279457097
Sec_Elbe_Lower,EUS_374,329.31974069746786,815.2485784893493,0.2486744556176408,0.0443197694525251,0.0,1.0,Elbe,31,0.0732833640058824
Sec_Elbe_Lower,EUS_424,280.5182761680739,825.7900834266025,0.25933454438687,0.0073273249729587,,1.0,Elbe,22,-0.0438664160579754
Sec_Elbe_Lower,EUS_434,1184.363233472768,761.286743764779,0.2080687533109937,31.16420086920171,29.0,2.0,Elbe,71,0.5362751809817548
Sec_Elbe_Lower,EUS_437,217.45065235226372,839.3789143241617,0.2799248895241282,0.0015531484126317,0.0,1.0,Elbe,10,-0.1807176692318921
Sec_Elbe_Lower,EUS_438,225.64215772093752,830.7901114768907,0.2580952554701289,0.0213529646179013,0.0,1.0,Elbe,19,-0.0465223086867703
Sec_Elbe_Lower,EUS_439,344.95302014579033,815.3511450749143,0.2505798216057878,0.0468077951398916,0.0,1.0,Elbe,25,0.0189035792556999
Sec_Elbe_Lower,EUS_440,1156.692759677009,804.1508490996049,0.2028771521028085,8.194668603908632,45.1,1.0,Elbe,66,0.5442258215341906
Sec_Elbe_Lower,EUS_441,356.17754941490534,821.157280935923,0.259952337755655,0.0665077280129996,23.0,2.0,Elbe,19,-0.0499736351982839
Sec_Elbe_Middle,EUS_018,804.802991001702,716.7943846806849,0.1956086897174016,76.83648854455568,32.7,3.0,Elbe,90,0.7600321896357944
Sec_Elbe_Middle,EUS_019,570.278563429585,713.034004811601,0.2012719655648343,0.1610424518178147,3.9,1.0,Elbe,56,0.248119492299141
Sec_Elbe_Middle,EUS_020,324.80167905871184,725.5466777280614,0.2260523820965235,2.911678535691586,,2.0,Elbe,39,0.0949909266488305
Sec_Elbe_Middle,EUS_021,129.4447652555865,760.9233590125003,0.2730273266972218,0.001313724062286,0.0,2.0,Elbe,3,-0.259746086244048
Sec_Elbe_Middle,EUS_022,406.4308329487458,723.1496342562557,0.211765129684161,19.478567212871667,19.0,1.0,Elbe,45,0.1632120097491106
Sec_Elbe_Middle,EUS_023,634.4802715215276,747.3412403254249,0.2061003294114984,27.2386475642373,6.7,2.0,Elbe,98,0.9119260814940569
Sec_Elbe_Middle,EUS_025,287.13641606081967,733.7897384609784,0.2395984773574752,0.0978587187411915,19.0,2.0,Elbe,25,-0.042403366910841
Sec_Elbe_Middle,EUS_034,162.83368838589286,751.050388419591,0.2572574155483282,0.0031060674114227,36.9,2.0,Elbe,14,-0.1689771382632713
Sec_Elbe_Middle,EUS_047,250.56063387435844,742.407577446129,0.2411994464026729,0.1875213702103887,,1.0,Elbe,19,-0.1235873850087332
Sec_Elbe_Middle,EUS_048,276.31996305530674,741.1324815647699,0.2376809753727831,0.2442369216094017,,1.0,Elbe,22,-0.1233853116595106
Sec_Elbe_Middle,EUS_050,422.8211577624435,712.5473666798541,0.2126510549140556,0.1696362563496767,,1.0,Elbe,48,0.1606825069788836
Sec_Elbe_Middle,EUS_054,728.3569028376912,712.9979863930869,0.1975511723924871,1.6180555823175926,,1.0,Elbe,50,0.2809938502408225
Sec_Elbe_Middle,EUS_055,322.4264354183196,728.9390670355401,0.2242467820687669,0.1781741611226214,37.0,1.0,Elbe,33,-0.0263686832623954
Sec_Elbe_Middle,EUS_056,704.0212181408533,735.5192365954758,0.2323739177550718,30.523950566420964,0.0,1.0,Elbe,113,0.9482871314148448
Sec_Elbe_Middle,EUS_151,974.973024796901,707.7615794092611,0.2060255575288314,19.8572101804828,62.4,2.0,Elbe,93,0.7855137003136626
Sec_Elbe_Middle,EUS_152,435.7041623648347,736.4088181315537,0.2136579156532239,0.0333142935398595,0.0,1.0,Elbe,36,0.1102285732470084
Sec_Elbe_Middle,EUS_153,651.1105929604328,740.7007580870304,0.192592931887268,0.066117416374124,28.5,5.0,Elbe,64,0.3999009414421541
Sec_Elbe_Middle,EUS_154,304.22828169886697,740.0435814074839,0.2366825547717869,0.0232580899510639,0.0,2.0,Elbe,25,-0.0738333651522599
Sec_Elbe_Middle,EUS_202,775.5009952910438,782.378816889259,0.2744546301343032,2.473682396396416,32.7,3.0,Elbe,131,1.320056133099394
Sec_Elbe_Middle,EUS_203,457.4358364616061,716.3203631961222,0.2130154376829588,0.0632372482959565,0.0,1.0,Elbe,45,0.1585150112709122
Sec_Elbe_Middle,EUS_204,456.3675137066487,713.4998248274748,0.2057476533071154,10.048967229215458,,2.0,Elbe,69,0.4544766488117158
Sec_Elbe_Middle,EUS_205,171.08827662085787,754.3058658385293,0.255701341767349,0.0384270782638943,,2.0,Elbe,14,-0.1833557685455127
Sec_Elbe_Middle,EUS_206,691.3008147350981,724.962783417706,0.201532391216978,19.549091996139904,,1.0,Elbe,95,0.8496325708100151
Sec_Elbe_Middle,EUS_207,615.549317461024,757.4123339100138,0.2256823666525855,24.04743382329739,6.7,2.0,Elbe,112,1.0742172585613694
Sec_Elbe_Middle,EUS_208,147.06373998953325,761.001449561413,0.2683051724248677,0.0305593803029521,6.7,2.0,Elbe,8,-0.2503190213810807
Sec_Elbe_Middle,EUS_210,430.6897246394422,722.5013255423262,0.2133630167270597,0.2162310397069282,0.0,2.0,Elbe,40,0.1618577012884488
Sec_Elbe_Middle,EUS_211,408.1867687740219,718.1910261612351,0.216668169728717,2.0552297428617465,6.7,2.0,Elbe,51,0.2385706459825381
Sec_Elbe_Middle,EUS_212,446.2135952596353,716.2606900134554,0.2158376352743414,0.0966896641426668,19.0,2.0,Elbe,49,0.1562941557466316
Sec_Elbe_Middle,EUS_213,312.13683053284603,730.3314620464291,0.2349341323352856,0.0603776455629627,19.0,1.0,Elbe,30,-0.0305646730349896
Sec_Elbe_Middle,EUS_241,538.351397837773,727.5718056431942,0.2061624949190772,0.2417416721090609,,1.0,Elbe,96,0.7378656062914724
Sec_Elbe_Middle,EUS_243,614.6790359297727,788.5176088783744,0.2713587148841234,0.5531228587904469,,1.0,Elbe,128,1.16560912567075
Sec_Elbe_Middle,EUS_244,653.2466829325608,827.7256192370584,0.2986377977045303,1.9503822972870568,36.0,5.0,Elbe,135,1.4961680747768769
Sec_Elbe_Middle,EUS_249,641.8559268816389,729.7338742602532,0.2147724340440709,0.6192164702851733,34.6,5.0,Elbe,106,0.8268476206252101
Sec_Elbe_Middle,EUS_255,406.3351583796111,724.3346719571533,0.2086831756998646,0.0377796486878641,33.3,5.0,Elbe,46,0.1626019374531755
Sec_Elbe_Middle,EUS_256,384.1463756824763,719.9911068212838,0.2154622795203276,0.0556222759541709,,1.0,Elbe,45,0.135812568786501
Sec_Elbe_Middle,EUS_257,471.70231742902297,738.4578755953555,0.217330607322317,0.2099445487288329,33.3,5.0,Elbe,105,0.799458222243827
Sec_Elbe_Middle,EUS_267,376.5944631533731,729.9021284406473,0.2033838349614979,5.409478324520219,34.6,5.0,Elbe,58,0.2817819563939946
Sec_Elbe_Middle,EUS_268,407.36642422690784,726.890714986492,0.2001391592581256,6.448929268544731,34.6,5.0,Elbe,60,0.3204681694290129
Sec_Elbe_Middle,EUS_269,458.8144883481663,726.471281742041,0.2006260237759732,5.683013122425834,34.6,5.0,Elbe,61,0.3391966757511909
Sec_Elbe_Middle,EUS_270,292.7531437621681,741.2834525159101,0.2210168031284246,0.0883432884138926,,1.0,Elbe,32,0.0316732120107811
Sec_Elbe_Middle,EUS_271,175.21607899337818,756.9674870051772,0.2650961093082249,0.0010229589313528,,1.0,Elbe,7,-0.2350698263244524
Sec_Elbe_Middle,EUS_272,307.0506107235768,741.0261227374773,0.2197951517800227,0.1935831042518506,0.0,1.0,Elbe,32,0.0553751534587287
Sec_Elbe_Middle,EUS_277,423.7916204374921,734.1529749822039,0.2090122888952786,2.3434179167600875,22.1,6.0,Elbe,98,0.7064050376159914
Sec_Elbe_Middle,EUS_278,437.0797667460865,741.742711784302,0.2107525115490917,1.9944051922505888,22.0,6.0,Elbe,99,0.750796345428113
Sec_Elbe_Middle,EUS_279,390.6536604948213,738.6835296832194,0.2083929911003039,1.9813811247729056,21.9,6.0,Elbe,97,0.6918477562269228
Sec_Elbe_Middle,EUS_427,589.5112322250516,711.4943409418547,0.2035137861554216,0.1278920342004703,0.0,1.0,Elbe,51,0.2819412935469061
Sec_Elbe_Middle,EUS_431,409.4177754949392,728.2750795014637,0.2225517040270544,0.0517247304314997,,2.0,Elbe,36,0.1344332410443663
Sec_Elbe_Middle,EUS_432,167.63261000590268,757.3118289060792,0.2544232648744289,0.0045505227767592,0.0,1.0,Elbe,11,-0.1540468150742104
Sec_Elbe_Middle,EUS_435,328.7139644059443,730.9864145479818,0.2248862919200554,0.0185373729603784,0.0,1.0,Elbe,37,0.0796161707743268
Sec_Elbe_Middle,EUS_436,382.4517527825328,733.2443496130493,0.2152001949870291,0.9028104093018238,0.0,1.0,Elbe,35,0.0584051448531559
Sec_Elbe_Upper,EUS_031,352.10467232057255,673.0789111308515,0.195436130767133,0.0334694087847834,0.0,1.0,Elbe,38,0.0908243244784247
Sec_Elbe_Upper,EUS_032,785.0644190581935,749.6944476207808,0.2431023219335147,79.78374371699834,40.0,5.0,Elbe,128,1.4303433365966916
Sec_Elbe_Upper,EUS_033,468.6167937505738,667.6462857439055,0.1616772481722184,10.326762071348844,29.2,5.0,Elbe,83,0.6173732863571966
Sec_Elbe_Upper,EUS_037,436.15109897679184,664.7795750860015,0.1647210468858455,2.9757445039865997,33.1,2.0,Elbe,63,0.3647597168564118
Sec_Elbe_Upper,EUS_038,316.6935570991658,696.7750158013451,0.1866391696080705,0.0729649394249737,0.0,1.0,Elbe,31,0.0890011948300215
Sec_Elbe_Upper,EUS_039,362.02479748945456,667.4216048904054,0.1684382101315456,1.731495215194236,40.0,5.0,Elbe,63,0.3492163007394998
Sec_Elbe_Upper,EUS_040,177.4306981802314,719.8347321692295,0.2519305768060914,0.0037731116036946,40.0,5.0,Elbe,4,-0.2668942509335004
Sec_Elbe_Upper,EUS_041,400.78456908483895,673.1278985962973,0.1629195404945766,2.324233673496854,37.4,4.0,Elbe,70,0.4520753522449942
Sec_Elbe_Upper,EUS_042,531.9482245294763,674.9426315259458,0.1626462707530774,10.109369684061242,37.4,4.0,Elbe,90,0.7380147831236475
Sec_Elbe_Upper,EUS_043,451.5080742065954,678.7836543695455,0.1612882574231824,4.489095662038769,20.0,3.0,Elbe,83,0.6444849306660853
Sec_Elbe_Upper,EUS_044,675.0979686259308,654.767670333803,0.1555138400972737,9.304137486301034,13.0,1.0,Elbe,73,0.5122309615749131
Sec_Elbe_Upper,EUS_045,588.1306605194673,662.5316752066261,0.1587125932359841,2.4583119091540357,13.0,1.0,Elbe,76,0.4765465969929262
Sec_Elbe_Upper,EUS_046,604.680338494893,648.1079397701773,0.1660683138718674,2.6280192086941807,13.0,1.0,Elbe,61,0.3101600735181989
Sec_Elbe_Upper,EUS_049,453.43002947558256,666.1438931434152,0.1803360223916622,0.1325341965043948,,1.0,Elbe,45,0.1482637517917281
Sec_Elbe_Upper,EUS_057,868.1481826881303,667.9076179586469,0.1544066556729316,0.4944765374295967,0.0,1.0,Elbe,92,0.6738799458987665
Sec_Elbe_Upper,EUS_058,360.28064084275934,671.6630165411667,0.1690196435619436,3.7131538140506777,45.9,5.0,Elbe,72,0.3786987508216495
Sec_Elbe_Upper,EUS_059,353.0329859521682,674.5040628227747,0.164648735009823,5.227696695860635,45.9,5.0,Elbe,77,0.464155722923508
Sec_Elbe_Upper,EUS_060,374.736983184614,680.5276648905025,0.1640910916974976,8.140078829783237,26.2,4.0,Elbe,88,0.5734627108709006
Sec_Elbe_Upper,EUS_061,377.6007168709908,682.4597255126105,0.1633383304892851,8.093002713671348,26.2,4.0,Elbe,83,0.5299610593513241
Sec_Elbe_Upper,EUS_062,303.3714831024607,683.7769577758697,0.2032022757989343,0.0369708926062932,26.2,4.0,Elbe,34,-0.0194068660010406
Sec_Elbe_Upper,EUS_063,372.2141627642003,682.6174518111987,0.1654054904936182,10.860697797736243,26.2,4.0,Elbe,90,0.61714393576482
Sec_Elbe_Upper,EUS_064,355.21187736116843,670.5827043963463,0.1740656298515395,3.368082894159083,45.9,4.0,Elbe,65,0.2714315797524213
Sec_Elbe_Upper,EUS_065,478.09321352916095,675.0115540933601,0.1655329097351424,0.6372084341709111,23.4,4.0,Elbe,69,0.4087239081132089
Sec_Elbe_Upper,EUS_066,512.1433514465981,669.9324765471797,0.160682290926511,0.7549543771023028,23.4,4.0,Elbe,80,0.5672593669172834
Sec_Elbe_Upper,EUS_067,392.44047969899896,693.8735767412819,0.1657714254213141,0.6287382969218677,26.6,4.0,Elbe,98,0.7196260383598613
Sec_Elbe_Upper,EUS_068,399.73025909793046,689.7922877860036,0.1638777961367966,0.649365220912442,15.7,3.0,Elbe,94,0.6839897937829954
Sec_Elbe_Upper,EUS_069,524.5296741115594,687.1220272170348,0.1824579787116386,0.988909766607828,42.7,4.0,Elbe,115,0.8558234393595909
Sec_Elbe_Upper,EUS_079,649.9882451399992,658.4865867183353,0.1575998776929737,0.9974037257535434,17.1,6.0,Elbe,85,0.6147959166436541
Sec_Elbe_Upper,EUS_080,529.2492436959288,657.2058362752707,0.166867533201303,0.4464630647490614,1.8,4.0,Elbe,63,0.3619811182696416
Sec_Elbe_Upper,EUS_081,579.587719948638,661.7902475898898,0.1594965125371507,1.000190903090589,24.8,6.0,Elbe,81,0.6109645178389959
Sec_Elbe_Upper,EUS_147,356.06973965351017,696.9568856318947,0.2121624490915092,0.0294256822808665,0.0,1.0,Elbe,23,-0.0664515122493586
Sec_Elbe_Upper,EUS_148,549.6087170260222,678.349874328526,0.1770011696013604,0.2901698384119991,0.0,2.0,Elbe,38,0.1006522685298793
Sec_Elbe_Upper,EUS_149,688.796761015634,656.2266867535213,0.1604716169629089,4.040554220456385,17.4,5.0,Elbe,90,0.6814459871041092
Sec_Elbe_Upper,EUS_150,886.3838698993559,751.464787161133,0.241606498342609,77.10168946866506,61.5,1.0,Elbe,131,1.439411478064094
Sec_Elbe_Upper,EUS_155,340.23696915580786,691.5355768271014,0.1880790931074177,0.0267802545990363,22.2,6.0,Elbe,32,0.0508298579462613
Sec_Elbe_Upper,EUS_235,263.39397807944124,710.5250031964781,0.227294616593663,0.1596380806151235,0.0,1.0,Elbe,15,-0.1790131319257549
Sec_Elbe_Upper,EUS_245,787.0992480057099,749.1151832730739,0.2445014105273225,6.012718166335712,26.2,1.0,Elbe,134,1.4247313702829372
Sec_Elbe_Upper,EUS_250,383.2466918689779,663.1561214632878,0.181623002357441,0.5692385230527673,26.2,1.0,Elbe,58,0.243145044368289
Sec_Elbe_Upper,EUS_273,452.60819823982,680.9766072170797,0.1732649302029804,1.3102853366557858,17.1,6.0,Elbe,105,0.8005130821403785
Sec_Elbe_Upper,EUS_274,392.2542314998225,689.6689737726475,0.1691030667587473,1.85382071850838,21.5,6.0,Elbe,101,0.7659246343034973
Sec_Elbe_Upper,EUS_275,352.4169960655957,691.1245878348972,0.1709234651025251,2.20375343762816,22.2,6.0,Elbe,103,0.7619750005740843
Sec_Elbe_Upper,EUS_276,337.64620147646275,686.9062549908966,0.1683160455602514,1.559070894645432,22.0,6.0,Elbe,100,0.7218843580067678
Sec_Elbe_Upper,EUS_425,263.4036290178875,706.2654689033565,0.2169332615824503,0.1340188069510197,0.0,1.0,Elbe,18,-0.0980796986467301
Sec_Elbe_Upper,EUS_426,464.9914375630254,670.4475534963094,0.1682577556027469,2.4653646258755195,29.2,1.0,Elbe,57,0.3633294474082875
Sec_Elbe_Upper,EUS_428,208.65196219458247,711.6818010361867,0.2138835724336676,0.0099520228946553,0.0,1.0,Elbe,19,-0.0741999702882234
Sec_Elbe_Upper,EUS_429,543.8375880181002,663.8187047908982,0.1675320955127774,0.0691860209523685,,1.0,Elbe,54,0.3425568001156714
Sec_Elbe_Upper,EUS_430,183.39792781593,720.0349319780395,0.2216455114852439,0.0019869409529062,0.0,1.0,Elbe,15,-0.1126903548795989
Sec_Elbe_Upper,EUS_433,558.4942178902431,662.2186944985015,0.1835837601731608,0.4545882669145084,0.0,1.0,Elbe,38,0.0590914779738556
Sec_Elbe_Upper,EUS_444,396.0831259700555,694.2251121107931,0.1859524436639034,2.162107922059289,0.0,1.0,Elbe,40,0.0659819361054051
Sec_Elbe_Upper,EUS_445,955.6032504928548,693.7274489183501,0.1502664888885676,3.36358470195555,0.0,1.0,Elbe,71,0.6212099060123434
Sec_Rhine_Lower,EUS_084,807.0092688922003,830.3343063245494,0.1856173360256108,0.2579073783538736,0.0,,Rhine,72,0.4489224475561749
Sec_Rhine_Lower,EUS_111,404.9273242667821,851.204494125256,0.1851180677782608,9.799230786720548,,1.0,Rhine,74,0.4817578037569467
Sec_Rhine_Lower,EUS_112,461.5696826783478,877.3135195895758,0.1996940875425787,68.01550349775431,0.0,1.0,Rhine,91,0.7833868865531464
Sec_Rhine_Lower,EUS_113,345.05259314579257,853.886168542908,0.1837542442251753,9.723497569381728,32.9,3.0,Rhine,66,0.3903454307339908
Sec_Rhine_Lower,EUS_114,369.9529135946295,881.5498310468724,0.1914118223894746,57.54312460049475,32.9,3.0,Rhine,86,0.7322622819092515
Sec_Rhine_Lower,EUS_115,455.431445869357,870.5414622398083,0.1891742345847155,37.03872319692765,85.3,2.0,Rhine,84,0.6468367430482106
Sec_Rhine_Lower,EUS_116,432.1242920157659,850.956657805098,0.1792370898948901,14.046875527594048,85.3,2.0,Rhine,65,0.4151703941777301
Sec_Rhine_Lower,EUS_218,390.3869641381422,843.5947766072437,0.2072115238414098,0.1747742547187308,87.3,,Rhine,23,-0.1268484387201533
Sec_Rhine_Lower,EUS_221,748.2035101608284,875.1348830708253,0.2142703556010609,3.4273090431207827,87.3,3.0,Rhine,104,0.8761306462764302
Sec_Rhine_Lower,EUS_238,547.1684950509837,864.5315506172082,0.2111729410874191,0.5203916786272432,,7.0,Rhine,108,0.7465149678125002
Sec_Rhine_Lower,EUS_239,515.4060434548924,875.6778310524169,0.2267035531541719,0.7075570565976357,,1.0,Rhine,113,0.8681634834389511
Sec_Rhine_Lower,EUS_258,116.96388752732628,865.1377822739037,0.2376897267994362,2.9777677462522905e-05,8.4,4.0,Rhine,3,-0.2737237434345081
Sec_Rhine_Lower,EUS_259,105.02970365295904,866.2378636181958,0.236422353658999,5.9489411805908735e-05,8.4,4.0,Rhine,5,-0.2742121890127483
Sec_Rhine_Lower,EUS_260,142.74537302516865,861.4970423942847,0.2279414726514973,0.0022182391666683,8.4,4.0,Rhine,10,-0.2229814584647526
Sec_Rhine_Lower,EUS_261,262.2434478883719,858.1697845647792,0.1902843119076578,4.08309326769156,8.4,4.0,Rhine,51,0.2007315602526016
Sec_Rhine_Lower,EUS_262,381.7669220214695,848.9879593370651,0.20384402544507,0.0542537937410773,8.4,4.0,Rhine,26,-0.0336431899479313
Sec_Rhine_Lower,EUS_263,279.47252468870784,856.6037642585904,0.1908138028059187,2.983053925879152,8.4,4.0,Rhine,51,0.1960710703007262
Sec_Rhine_Lower,EUS_264,273.8487731311515,856.0901360901987,0.1902059258925185,3.3919788550541154,8.4,4.0,Rhine,51,0.1993196521089088
Sec_Rhine_Lower,EUS_265,146.19993038454936,861.2396512286526,0.2231871048280703,0.0572090874201424,0.0,1.0,Rhine,12,-0.2007443988229859
Sec_Rhine_Lower,EUS_266,143.1005968988169,862.196655454141,0.2225504761465047,0.0729857212898576,,1.0,Rhine,13,-0.1944793079774884
Sec_Rhine_Lower,EUS_381,156.10259734156745,859.77159453155,0.2233929935087888,0.0237379780775799,0.0,1.0,Rhine,13,-0.1749963429850285
Sec_Rhine_Lower,EUS_382,303.8434029673375,856.8524647910733,0.1993610936909519,0.0023220090458224,0.0,1.0,Rhine,29,-0.0014307197469473
Sec_Rhine_Lower,EUS_383,515.275729591554,854.0728103248072,0.1915140865294849,0.1392794665327075,0.0,1.0,Rhine,35,0.0921134796009465
Sec_Rhine_Lower,EUS_387,122.18476595268154,865.5242263122444,0.2326502840434091,0.0002082641889559,0.0,1.0,Rhine,4,-0.2400200018217599
Sec_Rhine_Lower,EUS_388,137.40669955876572,863.7913046539635,0.2322912121644719,0.009137668927916,,1.0,Rhine,5,-0.2366301467136131
Sec_Rhine_Lower,EUS_392,356.1718416494583,860.9246283125257,0.1975085368281967,0.0053828112514664,,1.0,Rhine,31,0.0245479297995289
Sec_Rhine_Lower,EUS_393,218.7589463982574,862.3864473364291,0.2185399889285063,0.0023895644633952,0.0,1.0,Rhine,14,-0.1465646275437217
Sec_Rhine_Lower,EUS_400,723.5493365999791,840.0534363990369,0.1861000074139214,0.0664991860358388,,1.0,Rhine,58,0.3423544445681735
Sec_Rhine_Lower,EUS_401,307.0890116563137,856.5673681364751,0.2002991769998406,0.0098165541950344,,2.0,Rhine,27,-0.0088542213360349
Sec_Rhine_Lower,EUS_402,546.590146342454,855.510456390417,0.1892028578485125,0.025334682834736,,1.0,Rhine,44,0.1399930442992833
Sec_Rhine_Upper,EUS_017,153.5214780391071,670.2680094487514,0.2352926189424244,0.0085206564520017,100.0,4.0,Rhine,17,-0.1678109329460876
Sec_Rhine_Upper,EUS_070,426.96973873283065,664.9849373287069,0.2056762562207957,0.2717501649712542,100.0,4.0,Rhine,67,0.3890931220222177
Sec_Rhine_Upper,EUS_071,215.30722940276232,665.816672666622,0.2314540474654481,0.1160134796481247,94.9,6.0,Rhine,17,-0.1458124204279585
Sec_Rhine_Upper,EUS_072,304.6044234296403,657.7034874721612,0.2083718122423255,0.2000601907526846,95.0,6.0,Rhine,50,0.164148220460497
Sec_Rhine_Upper,EUS_073,319.93614169656155,660.8725911874412,0.2135216073090803,0.0698240882156092,100.0,2.0,Rhine,31,0.0317142908515868
Sec_Rhine_Upper,EUS_074,279.58567751589675,680.2299818996283,0.2045402475053456,1.6844311876893527,100.0,2.0,Rhine,65,0.4368989040104722
Sec_Rhine_Upper,EUS_075,352.56499917815626,692.5143960769014,0.2186238840343367,1.8110981351576163,100.0,2.0,Rhine,78,0.623743503460184
Sec_Rhine_Upper,EUS_076,457.6639184455886,681.6658483887451,0.2358447784090955,1.24323109564674,100.0,3.0,Rhine,87,0.6236893739143513
Sec_Rhine_Upper,EUS_077,413.85243622621766,707.8013022343845,0.2581705154409611,1.1391080966846487,100.0,4.0,Rhine,99,0.8715166163683141
Sec_Rhine_Upper,EUS_078,282.71952330040074,658.8797696207258,0.2176075696411459,0.2082290876735588,100.0,2.0,Rhine,32,-0.0016939754977893
Sec_Rhine_Upper,EUS_375,331.7601838947278,663.6352149368751,0.2076368800131199,0.2099030831360593,0.0,1.0,Rhine,52,0.2162184061774581
Sec_Rhine_Upper,EUS_403,450.99405828867447,664.3078697694353,0.2036893391340784,0.380731841176267,1.4,1.0,Rhine,37,0.1123614047277434
Sec_Rhine_Upper,EUS_404,119.90731711365837,673.517315989561,0.2386003456345898,0.3672895224643356,,1.0,Rhine,14,-0.1967144540208739
Sec_Rhine_Upper,EUS_405,130.85395194313932,676.0617751875203,0.2395094648289433,0.1747995504276756,14.9,1.0,Rhine,8,-0.2213761904811519
Sec_Rhine_Upper,EUS_406,556.9012119848994,665.6740280742895,0.2022911440511484,2.4176930690838385,,1.0,Rhine,57,0.2814351192307227
Sec_Rhine_Upper,EUS_407,98.52408141754672,677.7216137699774,0.2423906295749181,0.001672880418664,0.0,1.0,Rhine,8,-0.2321802160735503
Sec_Rhine_Upper,EUS_408,381.1332511252473,674.6804201061034,0.2106446124369816,0.9531299093415642,0.0,1.0,Rhine,60,0.4599877131135774
Sec_Rhine_Upper,EUS_409,152.05268097477915,673.0556575434777,0.2358938590579909,0.0106406906194522,0.0,1.0,Rhine,11,-0.2132363991901446
Sec_Rhine_Upper,EUS_410,400.4046551526495,675.6316589811452,0.2023211784784052,1.0646528881909758,,1.0,Rhine,50,0.394050838756549
Sec_Rhine_Upper,EUS_411,91.06157016988118,678.0002707294956,0.2448219692589713,0.0001211885597192,,1.0,Rhine,5,-0.2591260299967922
Sec_Rhine_Upper,EUS_412,262.56843968027147,659.0529787133677,0.2166479347548823,0.0029340079179109,0.0,1.0,Rhine,34,-0.0390073245561233
Sec_Rhine_Upper,EUS_413,80.55394866507723,680.9696500725513,0.2439563683209579,0.0033875755635067,,1.0,Rhine,5,-0.2546680809805569
Sec_Rhine_Upper,EUS_414,169.51989328583716,669.8001995696444,0.2272874272872214,17.291982922811922,13.1,1.0,Rhine,22,-0.1045514085241813
Sec_Rhine_Upper,EUS_415,94.15031961753589,677.1816470402533,0.2417019401899041,0.1872223709313238,0.0,1.0,Rhine,7,-0.2400692519828828
Sec_Rhine_Upper,EUS_416,593.9221534167588,667.1913654596013,0.2119242055324754,5.791904571162355,1.4,1.0,Rhine,74,0.5138192490671403
Sec_Rhine_Upper,EUS_417,86.50836677870494,679.9129535433211,0.2470267466839103,0.0001189552028907,5.5,1.0,Rhine,4,-0.2734656910018177
Sec_Rhine_Upper,EUS_418,481.51935138014176,665.2576793106465,0.2018680936976157,0.4487842261276791,5.5,1.0,Rhine,53,0.2749189017275695
Sec_Rhine_Upper,EUS_419,106.32910805623013,679.4799045959483,0.2441909446342143,0.000287855383931,5.5,1.0,Rhine,6,-0.2542939764963305
Sec_Rhine_Upper,EUS_420,105.76825464011088,678.8475760176939,0.2377234296643165,0.0005671532594996,,1.0,Rhine,11,-0.1998991539688174
Sec_Rhine_Upper,EUS_421,122.64126483277744,676.9724295709653,0.2350779320218189,0.0026075116074803,0.0,1.0,Rhine,10,-0.1948709996826704
