kind,unit,label,method,site,mean_weight,sd_weight,n_edges_on_skeleton,mean_weight_on_skeleton,strength_skeleton,within_module_mean,strength_lioness,sum_tu,river_basin,stream_order,UDF,lat,lon,n_det,mean_log,basin
conc,Danube_Upper,Upper Danube,bonobo,EUS_051,0.281923647748674,0.283146725016873,278,0.87038182736956,241.966148008738,0.874859643614957,264.383317397233,0.15155393056276273,Danube,1.0,0.0,49.745228,12.122372,20,-0.12791765562173482,Danube
conc,Danube_Upper,Upper Danube,bonobo,EUS_082,0.251281108117345,0.287837427597274,278,0.848487851194441,235.879622632055,0.854345167356186,253.052943412041,1.19554240414162,Danube,4.0,16.6,48.6871108323948,16.9894285542993,85,0.6118970641582959,Danube
conc,Danube_Upper,Upper Danube,bonobo,EUS_096,0.256361948556981,0.275295213811461,278,0.848779108378749,235.960592129292,0.85562093858652,236.311358473766,0.08649168536805202,Danube,1.0,0.0,48.390928,15.696507,55,0.2646412414624924,Danube
conc,Danube_Upper,Upper Danube,bonobo,EUS_097,0.256526080750247,0.2771883404474,278,0.8533777875041,237.23902492614,0.860623455340684,228.393631419072,0.09745168702841188,Danube,5.0,9.1,46.709944,15.634373,59,0.30018858494170925,Danube
conc,Danube_Upper,Upper Danube,bonobo,EUS_103,0.280403770681197,0.277752817961884,278,0.85945026889677,238.927174753302,0.865935867365947,243.446461090098,0.08911273919470683,Danube,2.0,0.0,49.490173,16.694152,24,-0.08162467248747811,Danube
conc,Danube_Upper,Upper Danube,bonobo,EUS_104,0.269812972021059,0.278038135665543,278,0.854079850586281,237.434198462986,0.863415579558819,233.727748655451,0.181945815125964,Danube,2.0,,49.48904,16.692684,35,0.030156097558925066,Danube
conc,Danube_Upper,Upper Danube,bonobo,EUS_105,0.25127496533002,0.283250201743447,278,0.864255643260283,240.263068826359,0.871610080386223,246.091896198992,0.892971738652728,Danube,3.0,15.9,49.542607,16.573452,66,0.3546267092703947,Danube
conc,Danube_Upper,Upper Danube,bonobo,EUS_106,0.248426673881465,0.286441913515048,278,0.862807041988955,239.860357672929,0.868927055991299,251.115854562775,0.8951632811250023,Danube,3.0,15.9,49.542243,16.573741,72,0.43756772447944897,Danube
conc,Danube_Upper,Upper Danube,bonobo,EUS_107,0.271975435799369,0.27809716542582,278,0.855671683570367,237.876728032562,0.858824052320008,250.568751271307,0.5719985786078498,Danube,1.0,0.0,49.379365,16.760357,29,-0.029187718101116235,Danube
conc,Danube_Upper,Upper Danube,bonobo,EUS_108,0.240546577656457,0.317966926438165,278,0.844076570372925,234.653286563673,0.863891100213972,291.317490771308,2.512309309806107,Danube,4.0,13.7,49.565749,17.267724,85,0.7313252392781769,Danube
conc,Danube_Upper,Upper Danube,bonobo,EUS_109,0.252288693077385,0.290975315115882,278,0.854570749928575,237.570668480144,0.866091362897587,259.466409867285,1.5120992663951274,Danube,3.0,7.6,49.347639,16.65102,85,0.5981336399423118,Danube
conc,Danube_Upper,Upper Danube,bonobo,EUS_110,0.266601733383893,0.313491201696896,278,0.849991476186117,236.297630379741,0.865854803563471,321.524271168874,2.280295374469408,Danube,3.0,7.6,49.343754,16.648637,101,0.8758985941923136,Danube
conc,Danube_Upper,Upper Danube,bonobo,EUS_170,0.25287459698449,0.274894484700452,278,0.834963665956643,232.119899135947,0.837909453525061,252.20243524141,0.6328253346440894,Danube,4.0,35.2,49.125151,16.627226,90,0.5583049649516597,Danube
conc,Danube_Upper,Upper Danube,bonobo,EUS_171,0.289001708764439,0.267433147063727,278,0.856598510842431,238.134386014196,0.860240954101686,246.541014176938,0.010286742776225892,Danube,4.0,4.0,48.110907,14.896042,22,-0.11197425849773202,Danube
conc,Danube_Upper,Upper Danube,bonobo,EUS_172,0.278891787846591,0.271809517382542,278,0.852065635905771,236.874246781804,0.85575753808813,233.421126275757,0.06969552003676066,Danube,5.0,8.0,48.413553,10.888442,36,-0.00695289643945359,Danube
conc,Danube_Upper,Upper Danube,bonobo,EUS_181,0.366665586022779,0.336621301230006,278,0.913228478538387,253.877517033672,0.914713885064062,507.782382401214,1.611080861706665,Danube,7.0,9.2,49.123616,16.627051,144,1.4102464814797293,Danube
conc,Danube_Upper,Upper Danube,bonobo,EUS_182,0.244352787799606,0.279394095475599,278,0.824189470676447,229.124672848052,0.824351587938109,269.517757329476,0.4469779027641194,Danube,4.0,19.4,48.11049,14.897041,66,0.3560769055313901,Danube
conc,Danube_Upper,Upper Danube,bonobo,EUS_183,0.381862530460293,0.371472362674837,278,0.925084328526288,257.173443330308,0.926057792832191,744.13750520353,50.654967121270744,Danube,5.0,8.0,48.414023,10.88854,149,1.6807368249151426,Danube
conc,Danube_Upper,Upper Danube,bonobo,EUS_301,0.268613747436268,0.272701575190625,278,0.85955027444238,238.954976294982,0.865631455786707,235.61872325414,0.7523148487659005,Danube,5.0,20.9,48.42402048,10.02624817,47,0.11842735762268973,Danube
conc,Danube_Upper,Upper Danube,bonobo,EUS_302,0.269037166338368,0.277140303267806,278,0.860028946115878,239.088047020214,0.866103101912204,234.666864415708,0.03515283307195662,Danube,6.0,16.3,48.73335642,11.14445055,50,0.1264096513225632,Danube
conc,Danube_Upper,Upper Danube,bonobo,EUS_303,0.264684865644005,0.279662472512446,278,0.861230841179841,239.422173847996,0.867095493353793,237.587610755754,0.1156856877397936,Danube,6.0,10.9,48.91633554,11.86649367,54,0.19733723256746036,Danube
conc,Danube_Upper,Upper Danube,bonobo,EUS_304,0.256927073958783,0.282734730929144,278,0.861545313555358,239.509597168389,0.867048406887592,237.458961815625,0.16001282090583283,Danube,6.0,11.1,48.77267035,13.0101508,66,0.32889959552275533,Danube
conc,Danube_Upper,Upper Danube,bonobo,EUS_305,0.2815086534923,0.27824204888425,278,0.859909520246378,239.054846628493,0.867100183404963,239.337953756218,0.37059074826024124,Danube,6.0,5.8,48.55724283,13.43597663,26,-0.03318650907940004,Danube
conc,Danube_Upper,Upper Danube,bonobo,EUS_306,0.270806932459115,0.28137201240517,278,0.859679260646548,238.99083445974,0.86544770007831,234.721467605243,0.029778693261143924,Danube,7.0,7.6,48.52084906,13.70232057,44,0.10779941617116093,Danube
conc,Danube_Upper,Upper Danube,bonobo,EUS_307,0.270229059618575,0.282598483168178,278,0.860745252350071,239.28718015332,0.867722930356932,236.009024298986,0.27991550778230123,Danube,7.0,8.4,48.24100774,14.51473092,42,0.1089218713996816,Danube
conc,Danube_Upper,Upper Danube,bonobo,EUS_308,0.272218170642483,0.280936520974033,278,0.862965729604632,239.904472830088,0.868832918362877,240.295091545685,0.17747946192273503,Danube,7.0,7.8,48.38560425,15.53280995,44,0.09444021973657811,Danube
conc,Danube_Upper,Upper Danube,bonobo,EUS_309,0.266560158012604,0.283073348780183,278,0.858326819936161,238.614855942253,0.863109198835348,233.998618394839,0.28966412197452157,Danube,7.0,7.9,48.32964293,16.33237286,45,0.14197273109324055,Danube
conc,Danube_Upper,Upper Danube,bonobo,EUS_310,0.268525628653671,0.282335511448026,278,0.861312056986111,239.444751842139,0.866678625773442,237.036685626066,0.1788624215444959,Danube,7.0,8.7,48.15125675,16.94446796,45,0.14061418606623874,Danube
conc,Danube_Upper,Upper Danube,bonobo,EUS_311,0.251774400427232,0.285884707425691,278,0.860898299703567,239.329727317592,0.866310160544583,244.543123813567,0.29409355668537257,Danube,1.0,0.0,48.72353966,16.88493834,80,0.539881612012347,Danube
conc,Danube_Upper,Upper Danube,bonobo,EUS_312,0.256195080596695,0.288877128268429,278,0.858123263077983,238.558267135679,0.863932656433545,244.455535503974,0.5685715218487053,Danube,4.0,16.6,48.68704724,16.98848745,89,0.602276060616423,Danube
conc,Danube_Upper,Upper Danube,bonobo,EUS_376,0.260309338347528,0.312249397276108,278,0.871106675474047,242.167655781785,0.875989920164371,258.428824724302,0.040445367783267745,Danube,1.0,0.0,48.456463,10.965202,35,0.06353959083342609,Danube
conc,Danube_Upper,Upper Danube,bonobo,EUS_377,0.255284749739686,0.315114348022742,278,0.871072973782438,242.158286711518,0.875727782957086,258.777459200076,0.08573552729391933,Danube,1.0,0.0,48.424693,12.72698,34,0.10658079815044255,Danube
conc,Danube_Upper,Upper Danube,bonobo,EUS_378,0.285858147703862,0.281386036717517,278,0.868654102659595,241.485840539367,0.872715848566579,259.765121306332,0.009508945059313236,Danube,1.0,0.0,48.414723,10.942116,16,-0.13764301377682472,Danube
conc,Danube_Upper,Upper Danube,bonobo,EUS_379,0.250228559818221,0.287729753257803,278,0.842247229099508,234.144729689663,0.85298912885619,246.339538819562,0.20090146035999687,Danube,1.0,,48.420842,12.728327,47,0.2404655756188376,Danube
conc,Danube_Upper,Upper Danube,bonobo,EUS_380,0.252377853961985,0.315101014862849,278,0.860653188057706,239.261586280042,0.866128411449711,242.014178613147,0.11947653902586271,Danube,1.0,0.0,48.631298,12.899675,40,0.12822507657995796,Danube
conc,Danube_Middle,Middle Danube,bonobo,EUS_001,0.146054689651381,0.322805408877332,235,0.732443045290642,187.257552179202,0.726401849978228,264.341047094911,0.6543876470893533,Danube,5.0,5.0,46.076255,14.637157,46,0.2399210431742569,Danube
conc,Danube_Middle,Middle Danube,bonobo,EUS_002,0.169618684420154,0.28753778580918,235,0.722127778858477,183.775252826459,0.713141233139071,199.544575913647,0.22823965029596635,Danube,3.0,0.6,46.001086,14.469558,39,0.06758508726496969,Danube
conc,Danube_Middle,Middle Danube,bonobo,EUS_003,0.244492587877658,0.402455283179514,235,0.783512547990526,198.482066647252,0.770829705084157,580.230135513853,0.8078211992227314,Danube,5.0,5.0,46.072357,14.63525,111,1.0753424926533413,Danube
conc,Danube_Middle,Middle Danube,bonobo,EUS_004,0.153035638796818,0.302332943649841,235,0.71470364681991,183.199067763205,0.711303952010207,214.767176927847,0.18797746022291717,Danube,5.0,5.0,46.087919,14.677909,68,0.3580368919677585,Danube
conc,Danube_Middle,Middle Danube,bonobo,EUS_005,0.152894909470903,0.302474936784532,235,0.716887829097259,183.642339969771,0.717269255162576,207.433569145807,0.05914403996716917,Danube,1.0,0.0,45.951136,14.296199,68,0.366424626264023,Danube
conc,Danube_Middle,Middle Danube,bonobo,EUS_006,0.18215757419564,0.281500838151755,235,0.725075876229223,185.677394266315,0.718438746434878,211.909744165852,0.006233809390852262,Danube,1.0,,45.952858,14.298592,31,0.012558678699158625,Danube
conc,Danube_Middle,Middle Danube,bonobo,EUS_007,0.20486458275913,0.282268775906894,235,0.746729393338952,190.716196109147,0.738085257695517,218.960282826969,0.08044640953537814,Danube,2.0,0.5,45.97193,14.313989,18,-0.10014484522046808,Danube
conc,Danube_Middle,Middle Danube,bonobo,EUS_008,0.207915794096084,0.279027477724862,235,0.740436602720313,189.230183738989,0.733915503522939,203.067170443495,0.08474085104470666,Danube,3.0,0.5,46.117018,14.610843,19,-0.12157700619137961,Danube
conc,Danube_Middle,Middle Danube,bonobo,EUS_009,0.188289812507342,0.287088560693438,235,0.739799724939741,189.074449158413,0.730413684281824,222.155461898055,0.09219071322471319,Danube,1.0,0.0,46.328569,14.584276,26,-0.035027863672228925,Danube
conc,Danube_Middle,Middle Danube,bonobo,EUS_010,0.223714686575745,0.278960650576127,235,0.760058771870137,190.054119570903,0.755874135280036,226.124140554441,0.07822175724270176,Danube,2.0,,46.279685,14.614511,7,-0.23556859981149195,Danube
conc,Danube_Middle,Middle Danube,bonobo,EUS_011,0.217966168441348,0.278910794083693,235,0.754929977727129,191.340774757995,0.749589471191189,221.540571215177,0.0830186088206453,Danube,3.0,0.5,46.114864,14.612,9,-0.205625354342513,Danube
conc,Danube_Middle,Middle Danube,bonobo,EUS_012,0.204995710075493,0.282280186569269,235,0.737925358352066,188.390007739401,0.731218407572207,206.330138112936,0.08411303017869959,Danube,5.0,5.0,46.075391,14.63705,20,-0.12571345491807653,Danube
conc,Danube_Middle,Middle Danube,bonobo,EUS_013,0.219812442178117,0.27895147360776,235,0.754633352110378,191.544355583663,0.749082712560496,226.319776651106,0.07911872033920132,Danube,3.0,0.6,45.974343,14.415741,9,-0.2123985637316864,Danube
conc,Danube_Middle,Middle Danube,bonobo,EUS_164,0.16724082981878,0.299894049624343,235,0.708876299577059,180.880507327808,0.706735264907364,239.170107219177,1.2761637069509406,Danube,6.0,3.1,46.310181,16.397589,88,0.5759704067589402,Danube
conc,Danube_Middle,Middle Danube,bonobo,EUS_165,0.192621948489163,0.286150989505075,235,0.739774541909101,188.358753048194,0.73166997564359,214.925724496174,0.023908843613667914,Danube,6.0,4.1,45.784996,16.132961,26,-0.08882935648752059,Danube
conc,Danube_Middle,Middle Danube,bonobo,EUS_166,0.192724481115439,0.277749331566055,235,0.732362579920333,187.19209465474,0.724656710226342,195.37447634178,0.10994465721632789,Danube,4.0,0.4,46.065975,14.623696,28,-0.07009581312194911,Danube
conc,Danube_Middle,Middle Danube,bonobo,EUS_167,0.174065874227926,0.272974766899853,235,0.707791701807973,180.974830690486,0.701760053319888,176.21706099659,0.10844787235426928,Danube,7.0,6.8,47.455269,19.06115,49,0.1155060177148906,Danube
conc,Danube_Middle,Middle Danube,bonobo,EUS_168,0.169894614088712,0.277548048581711,235,0.711962397698433,182.407661836611,0.707301477071036,179.286434351234,0.038376002397725525,Danube,6.0,3.9,45.95689,15.488278,46,0.13946622343958673,Danube
conc,Danube_Middle,Middle Danube,bonobo,EUS_169,0.182486576124408,0.280983424891597,235,0.716388165867336,183.425563884585,0.707446967623142,199.445264770804,0.08612222384147146,Danube,5.0,10.4,49.24502,18.639577,34,0.006131157035855092,Danube
conc,Danube_Middle,Middle Danube,bonobo,EUS_176,0.148801527100991,0.312444585389225,235,0.693321952633121,177.89259609364,0.711612301470017,286.975000675142,1.351285752931794,Danube,6.0,3.1,46.310154,16.397992,68,0.4511538984734635,Danube
conc,Danube_Middle,Middle Danube,bonobo,EUS_177,0.208639025528045,0.351824286491402,235,0.764565281945734,192.195443372066,0.749426346752645,415.110352720965,0.5898996501759942,Danube,5.0,5.0,46.071103,14.634847,103,0.8589389663923567,Danube
conc,Danube_Middle,Middle Danube,bonobo,EUS_178,0.165088763715669,0.279066361271112,235,0.716125908215226,182.679315519006,0.708299849954843,184.573197356552,0.4273800833909387,Danube,7.0,6.8,47.45407,19.060272,61,0.2815804190134281,Danube
conc,Danube_Middle,Middle Danube,bonobo,EUS_179,0.161203333538065,0.285949993942859,235,0.714950504917762,183.088403957543,0.711788240729696,183.256721922357,0.38133715895685566,Danube,6.0,4.6,45.94238,15.495631,56,0.2381947409808322,Danube
conc,Danube_Middle,Middle Danube,bonobo,EUS_180,0.167518565930585,0.293166986069366,235,0.718902095621949,184.043713730176,0.710504925724362,196.84361093602,0.35440145814731183,Danube,5.0,10.4,49.244395,18.639079,44,0.12268481957122887,Danube
conc,Danube_Middle,Middle Danube,bonobo,EUS_313,0.187086322248884,0.337265627102544,235,0.747396016639549,189.757072960722,0.74638650312997,286.516474584148,69.89882587979923,Danube,6.0,27.7,48.19817131,16.97246712,88,0.6780227573576403,Danube
conc,Danube_Middle,Middle Danube,bonobo,EUS_314,0.162331451833372,0.287988106697475,235,0.723712941484065,184.19686804016,0.717154035572726,193.45348502563,114.27705383322999,Danube,7.0,9.7,48.13703476,17.10424581,51,0.22158786963631635,Danube
conc,Danube_Middle,Middle Danube,bonobo,EUS_315,0.168557274071972,0.286071427931544,235,0.708036406133112,181.621737171894,0.704478976231357,184.511488158941,551.9792934054989,Danube,7.0,6.1,48.032998,17.234718,48,0.1599797425371762,Danube
conc,Danube_Middle,Middle Danube,bonobo,EUS_316,0.163686558336165,0.291861695095592,235,0.724450053905929,185.436582420046,0.72114544752718,188.763804828892,260.0192509680367,Danube,7.0,6.1,47.788522,17.658216,59,0.24420281830473659,Danube
conc,Danube_Middle,Middle Danube,bonobo,EUS_317,0.166177006776687,0.309186422104289,235,0.742976502339821,189.816452585016,0.738984463154193,222.60235991259,0.30631409712485097,Danube,6.0,14.6,47.735884,17.759652,73,0.42526607084877655,Danube
conc,Danube_Middle,Middle Danube,bonobo,EUS_318,0.16342770652998,0.295283077018505,235,0.73289346409816,187.493649060656,0.728077433702346,208.05153257287,58.606543567815834,Danube,7.0,6.6,47.738524,17.82486,62,0.28287416300300533,Danube
conc,Danube_Middle,Middle Danube,bonobo,EUS_319,0.162127414393893,0.290368000666812,235,0.735395874103617,188.072153024609,0.728743087455449,200.175259649758,0.20145104277887443,Danube,6.0,0.6,47.775321,18.138059,62,0.27463034639649164,Danube
conc,Danube_Middle,Middle Danube,bonobo,EUS_320,0.160753619539849,0.293535456429523,235,0.733158954170304,187.346123193107,0.725012231875255,200.236241717667,0.1987215263741839,Danube,4.0,3.2,47.827465,18.720857,60,0.2908773833692191,Danube
conc,Danube_Middle,Middle Danube,bonobo,EUS_321,0.168248601324861,0.320688400685441,235,0.734502473764458,187.895394108394,0.734969030047724,239.35434302572,0.4409886326647977,Danube,4.0,7.2,47.88632,18.762617,77,0.4782506344128578,Danube
conc,Danube_Middle,Middle Danube,bonobo,EUS_322,0.162503696785105,0.299606454170223,235,0.742476883853173,189.746831761944,0.735319120138129,212.033262888318,0.2632304333954603,Danube,7.0,6.7,47.815412,18.861581,63,0.3163359531295401,Danube
conc,Danube_Middle,Middle Danube,bonobo,EUS_323,0.164755465434382,0.2867239425722,235,0.734553610692226,187.856667171088,0.726231898029819,199.410554753653,0.2741027156753699,Danube,7.0,6.7,47.65723,19.11901,56,0.20481236025107774,Danube
conc,Danube_Middle,Middle Danube,bonobo,EUS_324,0.165483982347389,0.293482739861936,235,0.737734515481056,188.620846517285,0.730498815660123,202.214849277946,84.59688021194172,Danube,7.0,7.1,47.38675,19.010849,62,0.2805432355576886,Danube
conc,Danube_Middle,Middle Danube,bonobo,EUS_325,0.165026705046724,0.29027836673105,235,0.736391399393458,188.330734100681,0.731610957611846,196.191027219354,81.6326053004556,Danube,3.0,0.1,47.034613,18.97922,63,0.2925466548276732,Danube
conc,Danube_Middle,Middle Danube,bonobo,EUS_326,0.166588065419067,0.292374521535599,235,0.736735954056633,188.357523148778,0.731219226475851,196.763769781932,0.11267449252281621,Danube,7.0,7.2,46.816039,18.9242,59,0.23268907051069637,Danube
conc,Danube_Middle,Middle Danube,bonobo,EUS_327,0.166903705330905,0.290389363204552,235,0.737957591417944,188.670679357742,0.731317192616553,199.124148478301,0.1226989621963079,Danube,7.0,7.2,46.632717,18.883772,57,0.2215340382359146,Danube
conc,Danube_Middle,Middle Danube,bonobo,EUS_328,0.165646091974464,0.288047662705744,235,0.733351939995288,187.573467397549,0.727619483763864,195.343021939972,243.14766131451066,Danube,7.0,7.5,46.201667,18.925202,61,0.26676786182730244,Danube
conc,Danube_Middle,Middle Danube,bonobo,EUS_329,0.16661568580869,0.291419478955113,235,0.730126379320853,186.812311124778,0.724276259989334,194.823866624818,364.59429848844223,Danube,7.0,7.3,45.852725,18.854517,61,0.2431032117897902,Danube
conc,Danube_Middle,Middle Danube,bonobo,EUS_330,0.172249527572052,0.278446646421433,235,0.713756610625281,182.319112073333,0.707227223111866,180.579120509686,109.97983223039108,Danube,7.0,5.5,45.551916,18.861546,46,0.11863048989334882,Danube
conc,Danube_Middle,Middle Danube,bonobo,EUS_332,0.158708005832505,0.293826135559065,235,0.72071121599344,183.956225680873,0.711857416603611,218.957356929396,0.26445452347193765,Danube,7.0,8.0,46.235,20.150556,60,0.2299355925756725,Danube
conc,Danube_Middle,Middle Danube,bonobo,EUS_334,0.161647530565446,0.280073999033744,235,0.701772611051458,178.825405499268,0.695437378266984,176.53346341992,0.017159129783427034,Danube,6.0,4.1,45.860644,15.692446,54,0.19980543885376717,Danube
conc,Danube_Lower,Lower Danube,bonobo,EUS_158,0.174242015801111,0.314789575565795,440,0.719900985222624,337.825865091479,0.734683384044437,360.829138133956,0.272494385163197,Danube,1.0,0.0,45.223886,19.699039,60,0.3376085475541759,Danube
conc,Danube_Lower,Lower Danube,bonobo,EUS_159,0.177199031468546,0.308903539973768,440,0.720812363617123,338.210658765604,0.736113634244874,345.416534009064,0.052701141479133594,Danube,1.0,0.0,45.240276,19.889274,63,0.3198309304199083,Danube
conc,Danube_Lower,Lower Danube,bonobo,EUS_160,0.175037575656233,0.310051695485312,440,0.723382430280683,339.203206608893,0.734881095602287,408.666905658451,0.6059737372954666,Danube,8.0,5.6,45.260331,19.85665,90,0.6794324477833372,Danube
conc,Danube_Lower,Lower Danube,bonobo,EUS_161,0.173684110606547,0.314783405579554,440,0.711009212675857,335.539430625453,0.733711837072045,422.818411396105,1.0089980893634884,Danube,2.0,3.7,44.395833,26.223022,98,0.7205620418416231,Danube
conc,Danube_Lower,Lower Danube,bonobo,EUS_162,0.198675324888872,0.295538781487033,440,0.729775460878609,343.242357972424,0.741719258575919,330.675060726721,0.06809159118749222,Danube,4.0,3.3,46.789539,23.682029,40,0.06657586277624328,Danube
conc,Danube_Lower,Lower Danube,bonobo,EUS_163,0.195627231657342,0.301103496241702,440,0.735364442307054,345.80894208232,0.746183514539647,346.285838099205,0.10960658506204203,Danube,2.0,0.0,44.747126,19.726075,49,0.11894732286317436,Danube
conc,Danube_Lower,Lower Danube,bonobo,EUS_173,0.309683104097724,0.35907147288336,440,0.772018171016797,358.286229762169,0.785125766067778,775.279902634105,9.108865714863125,Danube,2.0,71.4,44.39686,26.247741,145,1.6282097924930445,Danube
conc,Danube_Lower,Lower Danube,bonobo,EUS_174,0.174196782230285,0.338929910984506,440,0.71622220513287,336.736752363012,0.745370025892631,429.10851318023,0.56372306899621,Danube,4.0,85.2,46.791089,23.717859,101,0.790739231199845,Danube
conc,Danube_Lower,Lower Danube,bonobo,EUS_175,0.180718988511156,0.300118784712855,440,0.717738186297871,338.135641873222,0.730952894690318,317.112314423304,0.15552193460113212,Danube,7.0,4.2,44.74578,19.728111,67,0.30212225486250815,Danube
conc,Danube_Lower,Lower Danube,bonobo,EUS_331,0.191146317508928,0.308693764922023,440,0.73817647824437,347.265658956152,0.746554154899684,366.733259151601,0.06895019561891622,Danube,8.0,5.6,45.233889,19.383611,51,0.12173069218668442,Danube
conc,Danube_Lower,Lower Danube,bonobo,EUS_333,0.175993027311403,0.31272518392491,440,0.731150583020547,344.486503843704,0.742499177759675,357.712634142587,1.31039402460419,Danube,7.0,6.3,45.186667,20.311667,68,0.36881501151675394,Danube
conc,Danube_Lower,Lower Danube,bonobo,EUS_335,0.186504644355178,0.313564471606216,440,0.739649824840955,348.250150336308,0.752505390641599,357.324015199039,8.435694440415716,Danube,6.0,4.2,44.87828,19.08364,54,0.19892547817665504,Danube
conc,Danube_Lower,Lower Danube,bonobo,EUS_336,0.189588509622909,0.311557365486684,440,0.743654635377725,350.057373074266,0.756780992553741,359.244729329921,2.636951026196499,Danube,7.0,4.2,44.795899,20.400902,50,0.13281902371366136,Danube
conc,Danube_Lower,Lower Danube,bonobo,EUS_337,0.183600095626243,0.318266916718328,440,0.744807093000183,350.586822820018,0.758130062504359,362.475552428114,0.9559112418742881,Danube,1.0,0.0,44.702222,20.955833,63,0.2585362200419216,Danube
conc,Danube_Lower,Lower Danube,bonobo,EUS_338,0.186331972837807,0.298286675970286,440,0.724477888182929,341.675074461641,0.739833798187678,325.099368558062,0.9408177949297143,Danube,6.0,0.0,43.7236111,21.373333,55,0.2276135794646571,Danube
conc,Danube_Lower,Lower Danube,bonobo,EUS_339,0.182688642876449,0.303788712367613,440,0.722571306936535,340.933300811578,0.737051846662535,321.104805167015,9.553333826816596,Danube,6.0,,44.601944,21.086389,57,0.28551111779641447,Danube
conc,Danube_Lower,Lower Danube,bonobo,EUS_340,0.189221950015136,0.313931394704534,440,0.744923863486176,350.744414004533,0.758051289200995,362.328067614069,0.4551191329159747,Danube,8.0,9.4,44.814167,21.330556,57,0.18997827266759842,Danube
conc,Danube_Lower,Lower Danube,bonobo,EUS_341,0.191811569012821,0.313647845640514,440,0.745138967122886,350.757569773986,0.757954596356083,366.958908337583,6.34254660284159,Danube,8.0,14.2,44.263889,22.679722,49,0.1412343229742989,Danube
conc,Danube_Lower,Lower Danube,bonobo,EUS_342,0.194642033733049,0.296613804083088,440,0.722965939884931,340.916869184838,0.736937967563332,312.489506762842,32.29465918042376,Danube,3.0,0.0,44.1630556,22.621388,46,0.13315045866184075,Danube
conc,Danube_Lower,Lower Danube,bonobo,EUS_343,0.190384686159729,0.314334338392794,440,0.746204692648561,351.309583330141,0.758673665940642,373.854886531323,0.8563272268275609,Danube,8.0,14.2,44.165278,22.785278,52,0.15864364242076615,Danube
conc,Danube_Lower,Lower Danube,bonobo,EUS_344,0.176335018825803,0.298248736746596,440,0.714860197493933,337.05909603999,0.726170298780677,315.999490775222,8.765844440844702,Danube,5.0,76.7,43.702407,24.455325,65,0.3628975871291429,Danube
conc,Danube_Lower,Lower Danube,bonobo,EUS_345,0.190420370139195,0.310105482707086,440,0.733287934212928,345.567328875441,0.744214355199704,348.269345015276,5.619926932436737,Danube,5.0,80.1,43.612455,25.589367,50,0.14816499802624378,Danube
conc,Danube_Lower,Lower Danube,bonobo,EUS_346,0.179129632467059,0.313265058079897,440,0.71931475292658,339.388874471413,0.731130975162449,337.179623964749,11.880271823027797,Danube,5.0,61.0,43.834338,25.936214,80,0.5484657255901723,Danube
conc,Danube_Lower,Lower Danube,bonobo,EUS_347,0.183832364735505,0.319045962679943,440,0.749294104022126,352.615684746361,0.762023992510188,376.503932120268,14.13574480125461,Danube,8.0,0.8,43.91078,26.066822,55,0.21123011308194606,Danube
conc,Danube_Lower,Lower Danube,bonobo,EUS_348,0.185254156297288,0.316392920979956,440,0.743697173119681,350.146758458883,0.753557171859944,381.039215506039,40.823576540220024,Danube,8.0,0.5,44.140467,27.031433,55,0.2178646573292677,Danube
conc,Danube_Lower,Lower Danube,bonobo,EUS_349,0.174153486290765,0.336609863822818,440,0.748944239695667,351.87858824322,0.759758831887458,408.191983322707,97.14936432667852,Danube,1.0,0.0,45.483273,28.182089,54,0.20880565297137352,Danube
conc,Danube_Lower,Lower Danube,bonobo,EUS_350,0.182478523223424,0.326417233639118,440,0.750016726226327,352.799669832046,0.762702236163334,378.041028581504,34.509132230772025,Danube,8.0,0.7,45.460833,28.251667,54,0.23210137207479803,Danube
conc,Danube_Lower,Lower Danube,bonobo,EUS_351,0.186322500855233,0.319922006468634,440,0.749274052571864,352.501039524325,0.760594583645723,378.647883445855,9.554443684740518,Danube,8.0,0.7,45.428611,29.279444,52,0.1980522018672421,Danube
conc,Danube_Lower,Lower Danube,bonobo,EUS_352,0.175985148390386,0.303651689666088,440,0.72430133012472,341.939822836207,0.741963132702048,341.106244628914,20.101829819234418,Danube,2.0,,45.834291,19.632112,50,0.24812838394610212,Danube
conc,Danube_Lower,Lower Danube,bonobo,EUS_353,0.188307406923402,0.302456723682625,440,0.729105568298804,343.610173580711,0.749568242313889,355.023735636948,1.6877675456980268,Danube,2.0,,45.86677,19.613436,38,0.07354573120923641,Danube
conc,Danube_Lower,Lower Danube,bonobo,EUS_354,0.202759660228926,0.299584712246262,440,0.739777991060324,348.543640770278,0.7515293273814,353.002827378957,1.567630243037741,Danube,2.0,0.0,45.882276,19.608185,33,-0.025563048983860154,Danube
conc,Danube_Lower,Lower Danube,bonobo,EUS_355,0.183306030180497,0.33952724515095,440,0.765540099834918,360.156651395834,0.77656177063506,479.328181905946,4.686918958326008,Danube,3.0,,45.780402,19.579746,94,0.8805519682236888,Danube
conc,Danube_Lower,Lower Danube,bonobo,EUS_356,0.179728035170282,0.299365488712178,440,0.717884273741217,337.452192042233,0.736462935996243,331.808904307465,0.7091958358851725,Danube,3.0,0.0,45.569871,19.655458,60,0.2961188259976825,Danube
conc,Danube_Lower,Lower Danube,bonobo,EUS_357,0.19866539516152,0.296564829081001,440,0.737899676406626,347.291081511528,0.750532972780393,342.800989920196,0.37843392477264914,Danube,3.0,0.0,45.301246,19.743428,45,0.10737407859675956,Danube
conc,Danube_Lower,Lower Danube,bonobo,EUS_358,0.21296333486989,0.292877825130474,440,0.739982919533879,348.040482063055,0.750576176886171,349.486615302151,0.18775341319114539,Danube,3.0,,45.282738,19.814,33,-0.015177916948036855,Danube
conc,Danube_Lower,Lower Danube,bonobo,EUS_359,0.180367680360324,0.302693052094271,440,0.724146542621595,341.564897132259,0.738807835223401,327.472834946047,0.7313587373536804,Danube,4.0,,44.358347,21.0966,61,0.33737414749098443,Danube
conc,Danube_Lower,Lower Danube,bonobo,EUS_360,0.190631257456788,0.352653329633807,440,0.786961420447275,368.638029358729,0.792271947322266,555.978227588968,10.146489162074996,Danube,4.0,,44.366765,21.096424,98,0.9912905824258197,Danube
conc,Danube_Lower,Lower Danube,bonobo,EUS_361,0.173344319428286,0.325677730837409,440,0.760719462257241,357.967552050951,0.764162358290502,453.687097292311,1.8407637766403262,Danube,4.0,0.0,44.344192,20.973996,83,0.6384621069001359,Danube
conc,Danube_Lower,Lower Danube,bonobo,EUS_362,0.174238918477812,0.327909806655971,440,0.76417421691694,358.558272008073,0.766405362845348,469.217174073111,4.418057662229861,Danube,4.0,,44.344684,20.972656,85,0.6840183580401498,Danube
conc,Danube_Lower,Lower Danube,bonobo,EUS_363,0.217532424145278,0.296678372637465,440,0.744548417888408,347.219142810956,0.76062616934992,409.899209020221,0.23387309357343944,Danube,4.0,,44.344281,20.971995,17,-0.14023198194080821,Danube
conc,Danube_Lower,Lower Danube,bonobo,EUS_364,0.201741868201904,0.383424729509611,440,0.803927511316647,376.868802514501,0.806794006102323,721.84424200287,21.453857909694438,Danube,3.0,,44.374812,20.825511,102,1.2404902746948634,Danube
conc,Danube_Lower,Lower Danube,bonobo,EUS_365,0.177327351974171,0.334086607620308,440,0.769683317190006,361.926852727854,0.774721752428884,483.86356858292,1.5628687706666415,Danube,3.0,,44.368733,20.833973,91,0.7610545110626596,Danube
conc,Danube_Lower,Lower Danube,bonobo,EUS_366,0.180805308234693,0.346863557471354,440,0.768504831749818,361.355674118689,0.771151057232228,490.207873026955,4.834557932307801,Danube,3.0,0.0,44.394422,20.745402,99,0.8604611845377214,Danube
conc,Danube_Lower,Lower Danube,bonobo,EUS_367,0.195841579316722,0.377078612274667,440,0.783553401301946,367.682168208294,0.788450610955431,652.262010988362,92.0596687564631,Danube,7.0,4.2,44.921386,19.748796,100,1.2194249859116941,Danube
conc,Danube_Lower,Lower Danube,bonobo,EUS_368,0.170544834149637,0.306177493416076,440,0.715575435080958,338.146221460601,0.730864915880014,337.837475046114,2.204708654793122,Danube,1.0,0.0,44.994451,19.828862,68,0.43296491507137597,Danube
conc,Danube_Lower,Lower Danube,bonobo,EUS_369,0.203485977883434,0.300307719474862,440,0.736147119398835,347.024145349517,0.755758642230441,370.71659915933,2.010751433809881,Danube,1.0,0.0,45.0055,19.790131,26,-0.018631258823097338,Danube
conc,Danube_Lower,Lower Danube,bonobo,EUS_370,0.185126730342941,0.299882255040183,440,0.728181557032072,343.357255413647,0.742963001191925,316.02966563066,0.6409113351663563,Danube,3.0,,45.554139,19.681472,62,0.30285915090090854,Danube
conc,Danube_Lower,Lower Danube,bonobo,EUS_371,0.188069782307654,0.297811593603622,440,0.727458827452122,343.08450040185,0.741011530186607,339.086173170553,1.0506686596018544,Danube,2.0,0.0,45.7365,19.13925,52,0.19477267850469687,Danube
conc,Rhine_Lower,Lower Rhine,bonobo,EUS_084,0.177370296594575,0.287111179456969,573,0.764032385028948,444.54436206982,0.765257218756342,554.768484917689,0.2579073783538736,Rhine,,0.0,52.042027,5.109697,72,0.44892244755617494,Rhine
conc,Rhine_Lower,Lower Rhine,bonobo,EUS_111,0.175274159288562,0.302742904098328,573,0.814020582506788,474.125482307141,0.808191379754961,622.412981591221,9.799230786720548,Rhine,1.0,,50.810022,6.1050229,74,0.4817578037569467,Rhine
conc,Rhine_Lower,Lower Rhine,bonobo,EUS_112,0.192202007009426,0.339622823451557,573,0.86044861161041,500.399264477371,0.854517649345517,878.195192171526,68.01550349775431,Rhine,1.0,0.0,50.797846,6.079448,91,0.7833868865531464,Rhine
conc,Rhine_Lower,Lower Rhine,bonobo,EUS_113,0.17104201763833,0.297192617871634,573,0.818457641352961,476.64882823006,0.813489628020676,609.068167021625,9.723497569381728,Rhine,3.0,32.9,50.797832,6.229975,66,0.39034543073399086,Rhine
conc,Rhine_Lower,Lower Rhine,bonobo,EUS_114,0.183040097217267,0.341360119849961,573,0.866246282875343,503.959400842528,0.861190377634574,865.293490090268,57.54312460049475,Rhine,3.0,32.9,50.798113,6.230543,86,0.7322622819092515,Rhine
conc,Rhine_Lower,Lower Rhine,bonobo,EUS_115,0.180598391499071,0.321922160507127,573,0.848169053350343,493.510971565497,0.843569848490043,739.909997171778,37.03872319692765,Rhine,2.0,85.3,50.810022,6.105228,84,0.6468367430482106,Rhine
conc,Rhine_Lower,Lower Rhine,bonobo,EUS_116,0.167761127981797,0.298275029130671,573,0.8131380410965,472.916920112117,0.809640191093287,642.707846136153,14.046875527594047,Rhine,2.0,85.3,50.811671,6.105135,65,0.41517039417773016,Rhine
conc,Rhine_Lower,Lower Rhine,bonobo,EUS_218,0.191886780045328,0.282839494361924,573,0.803954093037068,467.884135854804,0.806691974852678,486.585123813074,0.17477425471873081,Rhine,,87.3,52.248188,5.053219,23,-0.1268484387201533,Rhine
conc,Rhine_Lower,Lower Rhine,bonobo,EUS_221,0.209585077305219,0.357575176724938,573,0.842448691579371,488.177996094298,0.841055776064278,1024.15938717161,3.4273090431207827,Rhine,3.0,87.3,52.248439,5.051222,104,0.8761306462764302,Rhine
conc,Rhine_Lower,Lower Rhine,bonobo,EUS_238,0.209799860093678,0.335139473134257,573,0.81832821109601,477.836671107471,0.820297281462756,727.387688957132,0.5203916786272432,Rhine,7.0,,51.471187,6.688798,108,0.7465149678125002,Rhine
conc,Rhine_Lower,Lower Rhine,bonobo,EUS_239,0.225767282687004,0.34613690548429,573,0.838653386769214,489.413564971141,0.840182959514188,797.675361685149,0.7075570565976357,Rhine,1.0,,51.479476,6.678543,113,0.8681634834389511,Rhine
conc,Rhine_Lower,Lower Rhine,bonobo,EUS_258,0.217420936131529,0.277803023314261,573,0.816096486297061,475.269272096745,0.818287856212905,497.013581073666,2.9777677462522905e-05,Rhine,4.0,8.4,50.29727,10.107735,3,-0.2737237434345081,Rhine
conc,Rhine_Lower,Lower Rhine,bonobo,EUS_259,0.216897277729962,0.27967149500489,573,0.819337080496032,477.104067721114,0.821908228998561,497.233334283949,5.9489411805908735e-05,Rhine,4.0,8.4,50.297581,10.106185,5,-0.2742121890127483,Rhine
conc,Rhine_Lower,Lower Rhine,bonobo,EUS_260,0.208966337013975,0.280858173148807,573,0.809149287177875,471.278769408134,0.80985350736707,468.573673430565,0.0022182391666683773,Rhine,4.0,8.4,50.297526,10.106084,10,-0.22298145846475265,Rhine
conc,Rhine_Lower,Lower Rhine,bonobo,EUS_261,0.1758546474541,0.285972224580023,573,0.792265935328352,461.647040017339,0.825192674301424,456.247723867615,4.0830932676915594,Rhine,4.0,8.4,50.297348,10.106423,51,0.2007315602526016,Rhine
conc,Rhine_Lower,Lower Rhine,bonobo,EUS_262,0.187680091051715,0.289088721590274,573,0.797422643466247,464.583231702229,0.796074999001475,502.806227567443,0.05425379374107739,Rhine,4.0,8.4,50.297559,10.108078,26,-0.033643189947931335,Rhine
conc,Rhine_Lower,Lower Rhine,bonobo,EUS_263,0.176407706518832,0.285846742708299,573,0.791984397871309,461.485656614449,0.822751484534492,452.741000929171,2.983053925879152,Rhine,4.0,8.4,50.2885,10.102729,51,0.19607107030072626,Rhine
conc,Rhine_Lower,Lower Rhine,bonobo,EUS_264,0.175509612347015,0.285166374588297,573,0.79061904946369,460.694002729146,0.813876125521225,468.273438674065,3.3919788550541154,Rhine,4.0,8.4,50.290859,10.100588,51,0.19931965210890887,Rhine
conc,Rhine_Lower,Lower Rhine,bonobo,EUS_265,0.20524452027722,0.283804484451727,573,0.81796089508533,476.337710782717,0.82015375589252,493.016181899393,0.05720908742014246,Rhine,1.0,0.0,50.016425,10.229141,12,-0.20074439882298592,Rhine
conc,Rhine_Lower,Lower Rhine,bonobo,EUS_266,0.204851750924868,0.284133846951571,573,0.818336030386419,476.492659614824,0.820684048388634,492.206611294375,0.07298572128985767,Rhine,1.0,,50.017327,10.228221,13,-0.19447930797748847,Rhine
conc,Rhine_Lower,Lower Rhine,bonobo,EUS_375,0.17657691265189,0.296869727787306,573,0.808663520896279,470.966490015217,0.813983154292727,483.679286468491,0.2099030831360593,Rhine,1.0,0.0,48.740521,8.135913,52,0.2162184061774581,Rhine
conc,Rhine_Lower,Lower Rhine,bonobo,EUS_381,0.205657760577916,0.285442718268964,573,0.817078776906502,475.805568040384,0.820117402899212,492.66640709994,0.023737978077579908,Rhine,1.0,0.0,50.364697,8.988803,13,-0.17499634298502859,Rhine
conc,Rhine_Lower,Lower Rhine,bonobo,EUS_382,0.186000282236306,0.304226845750543,573,0.818400273498333,476.537858904258,0.821345552537072,500.321721292194,0.0023220090458224325,Rhine,1.0,0.0,50.414425,8.882782,29,-0.0014307197469473297,Rhine
conc,Rhine_Lower,Lower Rhine,bonobo,EUS_383,0.181279502737365,0.301103619020674,573,0.804820059666483,468.780296435963,0.811092300311219,488.884652729176,0.13927946653270754,Rhine,1.0,0.0,50.4097711,8.9239639,35,0.09211347960094657,Rhine
conc,Rhine_Lower,Lower Rhine,bonobo,EUS_387,0.213923085693016,0.284183891806353,573,0.819955443966474,477.455313318062,0.822737635086944,503.044630830327,0.00020826418895593558,Rhine,1.0,0.0,52.159343,10.821136,4,-0.24002000182175992,Rhine
conc,Rhine_Lower,Lower Rhine,bonobo,EUS_388,0.21336082729367,0.284303403177721,573,0.819264496329414,477.059094675261,0.821931930953162,498.587603676914,0.00913766892791609,Rhine,1.0,,52.165596,10.832034,5,-0.23663014671361318,Rhine
conc,Rhine_Lower,Lower Rhine,bonobo,EUS_392,0.18584647637964,0.301531251868686,573,0.813801088307208,473.923897597386,0.816193800236055,494.692979106756,0.005382811251466463,Rhine,1.0,,52.388738,7.196858,31,0.024547929799528915,Rhine
conc,Rhine_Lower,Lower Rhine,bonobo,EUS_393,0.202007402482579,0.291976138285745,573,0.817697852438237,476.153481589346,0.820015554028669,492.266620957987,0.002389564463395213,Rhine,1.0,0.0,52.175367,10.684714,14,-0.14656462754372176,Rhine
conc,Rhine_Lower,Lower Rhine,bonobo,EUS_400,0.176435615471985,0.288957729262755,573,0.774320433207872,451.245841551876,0.783617198315564,489.33950883003,0.06649918603583888,Rhine,1.0,,50.654141,6.636399,58,0.3423544445681735,Rhine
conc,Rhine_Lower,Lower Rhine,bonobo,EUS_401,0.189568105576818,0.296853487598601,573,0.817322917873931,475.944288754944,0.819140021555716,500.523198153291,0.009816554195034488,Rhine,2.0,,51.575396,6.356239,27,-0.008854221336034942,Rhine
conc,Rhine_Lower,Lower Rhine,bonobo,EUS_402,0.179907830520827,0.300556357423181,573,0.809783456113733,471.109765294691,0.811521038343853,484.866999299535,0.025334682834736045,Rhine,1.0,,50.666319,6.554531,44,0.1399930442992833,Rhine
conc,Rhine_Lower,Lower Rhine,bonobo,EUS_403,0.176799285912194,0.301996997355986,573,0.811541022923912,472.198290485387,0.814590703177831,504.776401079938,0.38073184117626707,Rhine,1.0,1.4,49.077422,7.982825,37,0.11236140472774349,Rhine
conc,Rhine_Lower,Lower Rhine,bonobo,EUS_404,0.20778881738609,0.280558953393947,573,0.813934665516679,473.926443916934,0.817141796173982,476.378325415497,0.36728952246433566,Rhine,1.0,,49.236277,8.075976,14,-0.1967144540208739,Rhine
conc,Rhine_Lower,Lower Rhine,bonobo,EUS_405,0.20974191817857,0.285270791700391,573,0.820989889293168,477.975848816162,0.82413116710486,502.402820287686,0.1747995504276756,Rhine,1.0,14.9,49.238858,8.049594,8,-0.22137619048115195,Rhine
conc,Rhine_Lower,Lower Rhine,bonobo,EUS_406,0.172669281449072,0.294007356865605,573,0.753102468479651,438.332157339789,0.75873715711526,607.164161150889,2.4176930690838385,Rhine,1.0,,49.482365,8.19556,57,0.28143511923072273,Rhine
conc,Rhine_Lower,Lower Rhine,bonobo,EUS_407,0.211325926957176,0.281989779512986,573,0.817608521723199,476.109820300958,0.821231167497431,492.05849313358,0.0016728804186640794,Rhine,1.0,0.0,49.458909,8.097652,8,-0.2321802160735503,Rhine
conc,Rhine_Lower,Lower Rhine,bonobo,EUS_408,0.177740358804765,0.309509846298493,573,0.800243973715662,466.158298661185,0.812443930729555,471.047184166777,0.9531299093415642,Rhine,1.0,0.0,49.150369,8.052006,60,0.4599877131135774,Rhine
conc,Rhine_Lower,Lower Rhine,bonobo,EUS_409,0.207516808425343,0.282463124873052,573,0.808555434216991,470.922972483735,0.813043744808815,473.805130607043,0.010640690619452232,Rhine,1.0,0.0,49.173553,7.95339,11,-0.21323639919014462,Rhine
conc,Rhine_Lower,Lower Rhine,bonobo,EUS_410,0.1748850861335,0.305697913114051,573,0.794464974677945,462.824568610536,0.808124285068298,477.931142902828,1.0646528881909758,Rhine,1.0,,49.139221,8.063434,50,0.394050838756549,Rhine
conc,Rhine_Lower,Lower Rhine,bonobo,EUS_411,0.214788963686609,0.2821972612826,573,0.818622943016535,476.6907684382,0.822593485634618,493.778478977145,0.000121188559719258,Rhine,1.0,,49.140397,7.986364,5,-0.2591260299967922,Rhine
conc,Rhine_Lower,Lower Rhine,bonobo,EUS_412,0.188792260034584,0.287478562222454,573,0.801788035945969,466.723399408914,0.805487246347928,467.011255038219,0.0029340079179109935,Rhine,1.0,0.0,49.302446,8.147199,34,-0.039007324556123366,Rhine
conc,Rhine_Lower,Lower Rhine,bonobo,EUS_413,0.213359471991942,0.283946463121432,573,0.819246914608816,477.049289281577,0.822349226901412,501.356805273794,0.0033875755635067195,Rhine,1.0,,49.305376,8.079338,5,-0.25466808098055693,Rhine
conc,Rhine_Lower,Lower Rhine,bonobo,EUS_414,0.195774066200222,0.287631389074579,573,0.816687959549106,475.562094854779,0.820569574905919,487.090708914016,17.291982922811922,Rhine,1.0,13.1,49.258726,8.118499,22,-0.10455140852418132,Rhine
conc,Rhine_Lower,Lower Rhine,bonobo,EUS_415,0.211698921243526,0.282257682154113,573,0.81268847369502,473.290652454568,0.818523806740222,500.473226294323,0.18722237093132382,Rhine,1.0,0.0,49.265806,8.056276,7,-0.24006925198288281,Rhine
conc,Rhine_Lower,Lower Rhine,bonobo,EUS_416,0.174510803197732,0.292203989337266,573,0.762761032524379,444.501406957219,0.761958011027987,640.931524679779,5.791904571162355,Rhine,1.0,1.4,49.068706,8.005802,74,0.5138192490671403,Rhine
conc,Rhine_Lower,Lower Rhine,bonobo,EUS_417,0.216150907180044,0.281781487037518,573,0.821002891213466,477.959928519111,0.824152045286556,502.324652851352,0.0001189552028907174,Rhine,1.0,5.5,49.07187,7.948855,4,-0.2734656910018177,Rhine
conc,Rhine_Lower,Lower Rhine,bonobo,EUS_418,0.175169323052796,0.299490553888434,573,0.804910860461641,468.833070763365,0.805630446080254,472.645197768039,0.44878422612767915,Rhine,1.0,5.5,49.046771,7.986717,53,0.2749189017275695,Rhine
conc,Rhine_Lower,Lower Rhine,bonobo,EUS_419,0.213630110814333,0.283174495227484,573,0.820645543471636,477.850425115712,0.823689129847418,501.489566407262,0.00028785538393106294,Rhine,1.0,5.5,49.061533,7.947752,6,-0.2542939764963305,Rhine
conc,Rhine_Lower,Lower Rhine,bonobo,EUS_420,0.208344682013501,0.28606624087647,573,0.818368633758201,476.526010640346,0.821736739739,493.396475965735,0.0005671532594996934,Rhine,1.0,,49.28122,8.113479,11,-0.19989915396881744,Rhine
conc,Rhine_Lower,Lower Rhine,bonobo,EUS_421,0.20606177059631,0.289518869428562,573,0.818277402126789,476.492607847788,0.820672335657653,496.348297162106,0.002607511607480342,Rhine,1.0,0.0,49.281804,8.093535,10,-0.19487099968267044,Rhine
conc,Basin_Elbe,Elbe (whole basin),bonobo,EUS_018,0.184461752770365,0.263542692259835,1116,0.636112303077957,709.901330235001,0.637854428963565,1234.33867139191,76.83648854455568,Elbe,3.0,32.7,51.487434,11.752543,90,0.7600321896357944,Elbe
conc,Basin_Elbe,Elbe (whole basin),bonobo,EUS_019,0.193056976932158,0.231667306173043,1116,0.606365890163342,676.704333422289,0.616336298823556,801.704301501683,0.16104245181781476,Elbe,1.0,3.9,51.565046,11.545049,56,0.24811949229914104,Elbe
conc,Basin_Elbe,Elbe (whole basin),bonobo,EUS_020,0.224278703722536,0.217944645603056,1116,0.640340732792905,714.620257796882,0.648025714973998,731.080234688017,2.911678535691586,Elbe,2.0,,51.604375,11.404209,39,0.09499092664883053,Elbe
conc,Basin_Elbe,Elbe (whole basin),bonobo,EUS_021,0.276384339416039,0.213887723143736,1116,0.690902942770735,771.04768413214,0.691327570055554,1001.28353182313,0.001313724062286015,Elbe,2.0,0.0,51.610303,11.390604,3,-0.25974608624404805,Elbe
conc,Basin_Elbe,Elbe (whole basin),bonobo,EUS_022,0.206227167961254,0.227203489345086,1116,0.62497586387361,697.541147819633,0.631294962397145,798.853265261143,19.478567212871667,Elbe,1.0,19.0,51.64251,11.130862,45,0.16321200974911065,Elbe
conc,Basin_Elbe,Elbe (whole basin),bonobo,EUS_023,0.192365559157316,0.281483638646271,1116,0.662424237599059,739.26544916055,0.650111200713772,1327.15570923464,27.2386475642373,Elbe,2.0,6.7,51.645217,11.113781,98,0.9119260814940569,Elbe
conc,Basin_Elbe,Elbe (whole basin),bonobo,EUS_024,0.23980363998831,0.217515433602776,1116,0.654902959322803,730.871702604248,0.654930961178451,810.837223138476,0.036790282610781724,Elbe,2.0,19.0,51.741715,11.3577,29,-0.01920274788962753,Elbe
conc,Basin_Elbe,Elbe (whole basin),bonobo,EUS_025,0.238616539668337,0.216971802609552,1116,0.648232553717873,723.427529949146,0.648677275283586,857.982622624738,0.09785871874119151,Elbe,2.0,19.0,51.720914,11.296503,25,-0.04240336691084105,Elbe
conc,Basin_Elbe,Elbe (whole basin),bonobo,EUS_026,0.275570563619877,0.216652547386967,1116,0.688663848038817,768.54885441132,0.687761335874615,1024.07532220771,0.005775797451441809,Elbe,1.0,0.0,51.736073,11.148199,2,-0.254867323893641,Elbe
conc,Basin_Elbe,Elbe (whole basin),bonobo,EUS_027,0.193275955589125,0.225065137296612,1116,0.603012122319887,672.961528508994,0.633557267297587,829.270989912275,64.94661588896811,Elbe,5.0,16.1,51.847332,11.705812,53,0.2873010983668432,Elbe
conc,Basin_Elbe,Elbe (whole basin),bonobo,EUS_028,0.238854613666,0.210723087355588,1116,0.629698048162251,702.743021749072,0.634565085104245,747.543452480048,3.6197284127289797,Elbe,1.0,0.0,51.80495,11.187795,28,-0.032687267196875834,Elbe
conc,Basin_Elbe,Elbe (whole basin),bonobo,EUS_029,0.277563535091959,0.368201457939775,1116,0.766180252141097,855.148819912447,0.749308212599324,2589.52902848058,275.79808106569726,Elbe,1.0,95.1,52.028883,11.697997,129,1.597442538946882,Elbe
conc,Basin_Elbe,Elbe (whole basin),bonobo,EUS_030,0.180985316783301,0.242667023999643,1116,0.607595020597582,678.076042986901,0.61770742047769,974.203225344881,27.616468327685695,Elbe,4.0,30.8,52.033881,11.094361,74,0.5851288224679,Elbe
conc,Basin_Elbe,Elbe (whole basin),bonobo,EUS_031,0.221494074078296,0.213841842859497,1116,0.628224737086296,701.098806588306,0.636759815789682,746.872016227283,0.03346940878478347,Elbe,1.0,0.0,51.058175,12.793549,38,0.09082432447842476,Elbe
conc,Basin_Elbe,Elbe (whole basin),bonobo,EUS_032,0.267476580830708,0.329029447447583,1116,0.734726091364331,819.987324910574,0.719461865561331,1899.61585532916,79.78374371699834,Elbe,5.0,40.0,51.205813,12.404558,128,1.4303433365966916,Elbe
conc,Basin_Elbe,Elbe (whole basin),bonobo,EUS_033,0.190995060317251,0.235037145579027,1116,0.61668834136512,688.224188963474,0.634471926581188,787.249363594696,10.326762071348844,Elbe,5.0,29.2,51.181263,12.776393,83,0.6173732863571966,Elbe
conc,Basin_Elbe,Elbe (whole basin),bonobo,EUS_034,0.259364043203404,0.216174777798627,1116,0.67313434769455,751.217932027118,0.670310117666345,909.701491952265,0.0031060674114227428,Elbe,2.0,36.9,51.612556,11.720515,14,-0.16897713826327132,Elbe
conc,Basin_Elbe,Elbe (whole basin),bonobo,EUS_035,0.239931865158154,0.216681642216442,1116,0.655957312433782,732.0483606761,0.652437332533451,833.250598583286,20.80335177167977,Elbe,1.0,45.1,51.730251,11.264675,27,-0.042895678888505026,Elbe
conc,Basin_Elbe,Elbe (whole basin),bonobo,EUS_036,0.249070899496105,0.208370214627247,1116,0.642555517717832,717.091957773101,0.645161901665626,792.41786211333,1.2880826980781828,Elbe,3.0,31.8,51.752967,11.072876,24,-0.09407565148651507,Elbe
conc,Basin_Elbe,Elbe (whole basin),bonobo,EUS_037,0.193877479193539,0.233617958988031,1116,0.615182208972688,686.54334521352,0.620650968319877,763.819111000633,2.9757445039865993,Elbe,2.0,33.1,51.202112,12.458254,63,0.36475971685641184,Elbe
conc,Basin_Elbe,Elbe (whole basin),bonobo,EUS_038,0.213053027751748,0.258318740728296,1116,0.676069049370395,754.49305909736,0.672722092189276,948.943452119913,0.0729649394249737,Elbe,1.0,0.0,51.29184,12.706718,31,0.08900119483002152,Elbe
conc,Basin_Elbe,Elbe (whole basin),bonobo,EUS_039,0.197078252549589,0.220454391664605,1116,0.616596797307279,688.122025794923,0.629621533085854,716.476288223512,1.731495215194236,Elbe,5.0,40.0,51.192836,12.410964,63,0.34921630073949983,Elbe
conc,Basin_Elbe,Elbe (whole basin),bonobo,EUS_040,0.276952122689675,0.210891636263501,1116,0.682331899110324,761.482399407121,0.680431529735215,963.370093941911,0.003773111603694683,Elbe,5.0,40.0,51.183122,12.419979,4,-0.26689425093350044,Elbe
conc,Basin_Elbe,Elbe (whole basin),bonobo,EUS_041,0.191268167297122,0.230316079167881,1116,0.614231351572662,685.482188355091,0.630582931140511,761.710976278076,2.324233673496854,Elbe,4.0,37.4,51.151475,12.447428,70,0.45207535224499423,Elbe
conc,Basin_Elbe,Elbe (whole basin),bonobo,EUS_042,0.192291012753483,0.245743611666178,1116,0.622085979977231,694.24795365459,0.632134221262352,944.63423312801,10.109369684061242,Elbe,4.0,37.4,51.119068,12.439116,90,0.7380147831236475,Elbe
conc,Basin_Elbe,Elbe (whole basin),bonobo,EUS_043,0.189631294978633,0.239270567467749,1116,0.618189213323642,689.899162069185,0.628358156859717,851.641918803769,4.489095662038769,Elbe,3.0,20.0,51.147943,12.510379,83,0.6444849306660853,Elbe
conc,Basin_Elbe,Elbe (whole basin),bonobo,EUS_044,0.182772956432724,0.239655761973525,1116,0.583402861514427,651.087442073465,0.597284683842104,882.569429662418,9.304137486301034,Elbe,1.0,13.0,50.985376,11.212226,73,0.5122309615749131,Elbe
conc,Basin_Elbe,Elbe (whole basin),bonobo,EUS_045,0.186301681382016,0.238316070554582,1116,0.593231000294398,662.045796328548,0.602348974135433,774.057866904648,2.4583119091540353,Elbe,1.0,13.0,50.98946,11.214757,76,0.4765465969929262,Elbe
conc,Basin_Elbe,Elbe (whole basin),bonobo,EUS_046,0.193843168028031,0.219090508323423,1116,0.580054183265084,647.340468523834,0.581177334325415,768.090334513004,2.6280192086941807,Elbe,1.0,13.0,50.983585,11.224188,61,0.31016007351819896,Elbe
conc,Basin_Elbe,Elbe (whole basin),bonobo,EUS_047,0.239347805188981,0.24138634591191,1116,0.674516439308081,752.760346267819,0.670198673264937,961.08364904931,0.18752137021038873,Elbe,1.0,,51.341818,12.423193,19,-0.12358738500873326,Elbe
conc,Basin_Elbe,Elbe (whole basin),bonobo,EUS_048,0.235335556828092,0.241709410350661,1116,0.667906631144342,745.383800357086,0.665751787421436,934.444283250725,0.24423692160940175,Elbe,1.0,,51.341715,12.422371,22,-0.12338531165951068,Elbe
conc,Basin_Elbe,Elbe (whole basin),bonobo,EUS_049,0.208466818375281,0.236226836908076,1116,0.634824315938081,708.463936586898,0.628674811378447,788.658483882824,0.13253419650439485,Elbe,1.0,,51.322253,12.450231,45,0.14826375179172813,Elbe
conc,Basin_Elbe,Elbe (whole basin),bonobo,EUS_050,0.206370636688912,0.233848294925641,1116,0.635450945217328,709.163254862539,0.634419601515892,763.034195237331,0.16963625634967675,Elbe,1.0,,51.335115,12.435318,48,0.16068250697888362,Elbe
conc,Basin_Elbe,Elbe (whole basin),bonobo,EUS_052,0.273842768103545,0.214961547945602,1116,0.692280630882505,772.585184064876,0.69204401321064,993.497875376645,0.023629434454144657,Elbe,1.0,0.0,51.964106,11.113824,5,-0.2606384765523252,Elbe
conc,Basin_Elbe,Elbe (whole basin),bonobo,EUS_053,0.187210298817539,0.244468490773011,1116,0.611722165814772,682.681937049286,0.616733953207404,861.029472474274,40.50434212060182,Elbe,4.0,30.8,52.033881,11.094361,85,0.5822333977097605,Elbe
conc,Basin_Elbe,Elbe (whole basin),bonobo,EUS_054,0.18681336597974,0.263660856764646,1116,0.606304632682665,676.635970073854,0.603184913168718,968.898055564939,1.6180555823175926,Elbe,1.0,,51.615422,11.213788,50,0.2809938502408225,Elbe
conc,Basin_Elbe,Elbe (whole basin),bonobo,EUS_055,0.220386510700393,0.237712550793367,1116,0.654140692887914,730.021013262912,0.651933851755028,857.071018826186,0.1781741611226214,Elbe,1.0,37.0,51.34984,12.17094,33,-0.026368683262395467,Elbe
conc,Basin_Elbe,Elbe (whole basin),bonobo,EUS_056,0.216665215510668,0.27001261577065,1116,0.652663299876077,728.372242661702,0.639546081960755,1140.81167156025,30.523950566420964,Elbe,1.0,0.0,51.38886,12.09424,113,0.9482871314148447,Elbe
conc,Basin_Elbe,Elbe (whole basin),bonobo,EUS_057,0.187377077846745,0.263858568334188,1116,0.600274609111763,670.13497513663,0.602016756171617,876.132151433248,0.4944765374295967,Elbe,1.0,0.0,51.310657,12.44574,92,0.6738799458987665,Elbe
conc,Basin_Elbe,Elbe (whole basin),bonobo,EUS_058,0.198158253284536,0.222824076882541,1116,0.612781385053133,683.864025719296,0.62508059210873,683.244365340351,3.7131538140506777,Elbe,5.0,45.9,51.315545,12.356091,72,0.37869875082164955,Elbe
conc,Basin_Elbe,Elbe (whole basin),bonobo,EUS_059,0.193417527615658,0.222879421284184,1116,0.612836377287932,683.925397053332,0.616163465570382,732.193132531211,5.227696695860635,Elbe,5.0,45.9,51.315263,12.358194,77,0.46415572292350804,Elbe
conc,Basin_Elbe,Elbe (whole basin),bonobo,EUS_060,0.193119061403562,0.233481987983618,1116,0.626712617176446,699.411280768914,0.621754850549157,789.959428939013,8.140078829783237,Elbe,4.0,26.2,51.314719,12.350857,88,0.5734627108709006,Elbe
conc,Basin_Elbe,Elbe (whole basin),bonobo,EUS_061,0.192618915213276,0.231254038185937,1116,0.616760750955316,688.304998066133,0.61612945112428,765.228111276623,8.093002713671348,Elbe,4.0,26.2,51.309653,12.34774,83,0.5299610593513241,Elbe
conc,Basin_Elbe,Elbe (whole basin),bonobo,EUS_062,0.230575717345921,0.223180843461534,1116,0.645455938217318,720.328827050527,0.639558072638553,804.559828165426,0.03697089260629329,Elbe,4.0,26.2,51.303924,12.343443,34,-0.01940686600104068,Elbe
conc,Basin_Elbe,Elbe (whole basin),bonobo,EUS_063,0.194154259400437,0.23777361951369,1116,0.625114699532662,697.62800467845,0.62191631685807,830.854166700215,10.860697797736243,Elbe,4.0,26.2,51.300387,12.346931,90,0.61714393576482,Elbe
conc,Basin_Elbe,Elbe (whole basin),bonobo,EUS_064,0.202270694661099,0.212649713851593,1116,0.608872416378979,679.501616678941,0.617717003574097,674.36116095059,3.368082894159083,Elbe,4.0,45.9,51.302767,12.35593,65,0.2714315797524213,Elbe
conc,Basin_Elbe,Elbe (whole basin),bonobo,EUS_065,0.191943620518521,0.232200018392282,1116,0.60187107076658,671.688114975503,0.604393960532944,710.315111264458,0.6372084341709111,Elbe,4.0,23.4,50.718542,11.398322,69,0.40872390811320897,Elbe
conc,Basin_Elbe,Elbe (whole basin),bonobo,EUS_066,0.186809193067764,0.241906365621849,1116,0.611085973032403,681.971945904162,0.60900211903478,761.741622963728,0.7549543771023028,Elbe,4.0,23.4,50.720117,11.377208,80,0.5672593669172834,Elbe
conc,Basin_Elbe,Elbe (whole basin),bonobo,EUS_067,0.193423353384508,0.249919181862901,1116,0.621263344681129,693.32989266414,0.619069924800495,766.150812134299,0.6287382969218677,Elbe,4.0,26.6,50.719146,11.352061,98,0.7196260383598613,Elbe
conc,Basin_Elbe,Elbe (whole basin),bonobo,EUS_068,0.191470086191955,0.244310645411764,1116,0.617041441988669,688.618249259355,0.612195379328362,764.30879359169,0.649365220912442,Elbe,3.0,15.7,50.684319,11.323392,94,0.6839897937829954,Elbe
conc,Basin_Elbe,Elbe (whole basin),bonobo,EUS_069,0.21097698262792,0.261133761725471,1116,0.618685748543682,690.453295374749,0.613903590128642,798.398294689368,0.9889097666078279,Elbe,4.0,42.7,50.613133,11.393243,115,0.8558234393595909,Elbe
conc,Basin_Elbe,Elbe (whole basin),bonobo,EUS_079,0.187862747239741,0.23762345198463,1116,0.589378390693369,657.746284013799,0.59038651286999,915.586499364903,0.9974037257535434,Elbe,6.0,17.1,50.8740474367122,14.2350120487917,85,0.6147959166436541,Elbe
conc,Basin_Elbe,Elbe (whole basin),bonobo,EUS_080,0.196213881751612,0.219747716552917,1116,0.597143930685651,666.412626645186,0.595202854024928,705.320341723112,0.4464630647490614,Elbe,4.0,1.8,50.5123498768776,14.1555490788673,63,0.3619811182696416,Elbe
conc,Basin_Elbe,Elbe (whole basin),bonobo,EUS_081,0.189492455020504,0.230986132853147,1116,0.600316867497162,669.953624126833,0.604134488953835,809.882460210508,1.0001909030905887,Elbe,6.0,24.8,50.3177619492429,14.4406644580371,81,0.6109645178389959,Elbe
conc,Basin_Elbe,Elbe (whole basin),bonobo,EUS_101,0.217260678833367,0.295069600824344,1116,0.675593284710531,753.962105736952,0.659952666389127,1515.30017858827,46.49781475299314,Elbe,5.0,51.1,52.423935,13.100133,114,1.1038849132101347,Elbe
conc,Basin_Elbe,Elbe (whole basin),bonobo,EUS_147,0.237413195111715,0.234472264854025,1116,0.660160987397492,736.79370387965,0.654743225122959,942.402727971899,0.02942568228086653,Elbe,1.0,0.0,51.224765,12.181569,23,-0.06645151224935862,Elbe
conc,Basin_Elbe,Elbe (whole basin),bonobo,EUS_148,0.204853618352299,0.256647781212795,1116,0.64840760527155,723.736585307036,0.645226693604438,935.610375819192,0.29016983841199917,Elbe,2.0,0.0,51.29074,11.91067,38,0.10065226852987937,Elbe
conc,Basin_Elbe,Elbe (whole basin),bonobo,EUS_149,0.191998094338667,0.235420048844921,1116,0.60563439390942,675.887983602913,0.604741716732626,831.59506748053,4.040554220456385,Elbe,5.0,17.4,51.298634,12.05352,90,0.6814459871041092,Elbe
conc,Basin_Elbe,Elbe (whole basin),bonobo,EUS_150,0.271746654706134,0.333255022596677,1116,0.722969075410534,806.877938940958,0.720454696598233,1964.30712339568,77.10168946866506,Elbe,1.0,61.5,51.30268,12.203039,131,1.439411478064094,Elbe
conc,Basin_Elbe,Elbe (whole basin),bonobo,EUS_151,0.192260541912664,0.249446995800027,1116,0.590977171747524,659.617594279616,0.586853265742515,980.781264679583,19.857210180482802,Elbe,2.0,62.4,51.620036,12.114745,93,0.7855137003136626,Elbe
conc,Basin_Elbe,Elbe (whole basin),bonobo,EUS_152,0.206300720987628,0.270365888033215,1116,0.660950748982862,737.621035864874,0.655513287841834,986.60236912883,0.03331429353985956,Elbe,1.0,0.0,51.647855,12.086966,36,0.11022857324700841,Elbe
conc,Basin_Elbe,Elbe (whole basin),bonobo,EUS_153,0.177933600941711,0.281559255368136,1116,0.63030707907071,703.813615862864,0.626039612996555,1016.84358369136,0.06611741637412409,Elbe,5.0,28.5,51.659264,12.328634,64,0.3999009414421541,Elbe
conc,Basin_Elbe,Elbe (whole basin),bonobo,EUS_154,0.233098626007697,0.247271555286893,1116,0.671149249682702,749.002562645896,0.6664599501462,940.230881531863,0.023258089951063963,Elbe,2.0,0.0,51.668237,12.426275,25,-0.07383336515225997,Elbe
conc,Basin_Elbe,Elbe (whole basin),bonobo,EUS_155,0.215001985010842,0.255536408836441,1116,0.662189090640037,739.003025154281,0.658635191875984,971.973201342059,0.02678025459903638,Elbe,6.0,22.2,51.266838,13.403301,32,0.05082985794626137,Elbe
conc,Basin_Elbe,Elbe (whole basin),bonobo,EUS_156,0.195911525328106,0.224951165610734,1116,0.60701516839323,677.428927926844,0.615324357208704,696.089024854827,1.654716554365198,Elbe,5.0,19.3,51.7789519,13.0747829,74,0.47750927593348674,Elbe
conc,Basin_Elbe,Elbe (whole basin),bonobo,EUS_157,0.2307720063606,0.245147440068859,1116,0.658563034454729,735.221423888638,0.653791179400488,1049.57418971347,0.45883670112478464,Elbe,6.0,21.1,51.861985,12.592216,26,-0.0199756367289475,Elbe
conc,Basin_Elbe,Elbe (whole basin),bonobo,EUS_200,0.197891262667018,0.26151922555794,1116,0.587664365125347,655.869658117775,0.594942352195413,1038.17543647807,1.2155386392934477,Elbe,5.0,16.1,51.847332,11.705812,101,0.9301934778364873,Elbe
conc,Basin_Elbe,Elbe (whole basin),bonobo,EUS_201,0.254756237411486,0.228224453207401,1116,0.681892020309259,760.991494665133,0.681764855253638,968.891244929001,0.001113335447772643,Elbe,2.0,23.0,51.867988,10.892055,12,-0.1754957317743013,Elbe
conc,Basin_Elbe,Elbe (whole basin),bonobo,EUS_202,0.260839274854622,0.314266478851825,1116,0.700421176073537,781.742678179548,0.696094100105713,1500.02128697679,2.473682396396416,Elbe,3.0,32.7,51.487434,11.752543,131,1.320056133099394,Elbe
conc,Basin_Elbe,Elbe (whole basin),bonobo,EUS_203,0.207032704388513,0.235789607372294,1116,0.623316225068535,695.620907176485,0.621795042985904,808.527418797936,0.06323724829595655,Elbe,1.0,0.0,51.498382,11.593888,45,0.1585150112709122,Elbe
conc,Basin_Elbe,Elbe (whole basin),bonobo,EUS_204,0.197134047582078,0.219403006101379,1116,0.604342561404532,674.446298527458,0.607239689871639,663.194178012524,10.048967229215458,Elbe,2.0,,51.604375,11.404209,69,0.4544766488117158,Elbe
conc,Basin_Elbe,Elbe (whole basin),bonobo,EUS_205,0.256312302301902,0.224177220049411,1116,0.680988163234147,759.982790169308,0.678467187184342,963.674542418178,0.038427078263894375,Elbe,2.0,,51.610303,11.390604,14,-0.18335576854551272,Elbe
conc,Basin_Elbe,Elbe (whole basin),bonobo,EUS_206,0.18918838716799,0.25913498807355,1116,0.630396508087441,703.522503025584,0.637011813396579,1121.90225614944,19.549091996139904,Elbe,1.0,,51.610641,11.290403,95,0.8496325708100151,Elbe
conc,Basin_Elbe,Elbe (whole basin),bonobo,EUS_207,0.210415285024563,0.287642094113861,1116,0.668306418468404,745.829963010738,0.669027834102774,1428.72004687468,24.04743382329739,Elbe,2.0,6.7,51.645217,11.113781,112,1.0742172585613694,Elbe
conc,Basin_Elbe,Elbe (whole basin),bonobo,EUS_208,0.270762742850033,0.219760624746818,1116,0.687474833738982,767.221914452703,0.687657883273378,996.084098698804,0.03055938030295214,Elbe,2.0,6.7,51.6466,11.111813,8,-0.25031902138108075,Elbe
conc,Basin_Elbe,Elbe (whole basin),bonobo,EUS_209,0.217420796575377,0.215869061317934,1116,0.617922348459644,689.601340880962,0.615058150999569,679.456780418761,1.1576810865758704,Elbe,2.0,19.0,51.741715,11.3577,48,0.1655788268073512,Elbe
conc,Basin_Elbe,Elbe (whole basin),bonobo,EUS_210,0.206850035007427,0.251228697457082,1116,0.648746410124927,724.000993699418,0.642027161377884,901.671972130374,0.2162310397069282,Elbe,2.0,0.0,51.618455,11.057661,40,0.16185770128844884,Elbe
conc,Basin_Elbe,Elbe (whole basin),bonobo,EUS_211,0.211154237473689,0.220194431810299,1116,0.619632888977315,691.510304098684,0.619367853101713,685.599038371703,2.0552297428617465,Elbe,2.0,6.7,51.624382,11.078612,51,0.23857064598253816,Elbe
conc,Basin_Elbe,Elbe (whole basin),bonobo,EUS_212,0.209225854984929,0.22701464523887,1116,0.615370682827538,686.753682035532,0.611667254199307,768.768466817881,0.09668966414266685,Elbe,2.0,19.0,51.720914,11.296503,49,0.15629415574663166,Elbe
conc,Basin_Elbe,Elbe (whole basin),bonobo,EUS_213,0.233726761079107,0.228287008292666,1116,0.647898998646164,723.055282489119,0.647314358818928,821.287235530448,0.06037764556296272,Elbe,1.0,19.0,51.697588,11.131923,30,-0.03056467303498969,Elbe
conc,Basin_Elbe,Elbe (whole basin),bonobo,EUS_214,0.26761968109993,0.223425060433429,1116,0.687558713974589,767.315524795642,0.687540262172003,989.798347925998,0.03815312361543259,Elbe,1.0,0.0,51.729878,11.079224,8,-0.24576430882988404,Elbe
conc,Basin_Elbe,Elbe (whole basin),bonobo,EUS_215,0.31019958693895,0.315159794708015,1116,0.740548803556051,826.681154440605,0.733848677598086,1768.72227805147,133.6232226744387,Elbe,1.0,95.1,52.028883,11.697997,144,1.5121049336373937,Elbe
conc,Basin_Elbe,Elbe (whole basin),bonobo,EUS_235,0.251200281263889,0.231575831973732,1116,0.671975006570595,749.924107332784,0.670563560185626,947.720313229477,0.15963808061512355,Elbe,1.0,0.0,50.696792,12.770786,15,-0.17901313192575496,Elbe
conc,Basin_Elbe,Elbe (whole basin),bonobo,EUS_240,0.185353553681546,0.236881770316505,1116,0.617312539865923,689.806992472812,0.613547659149526,857.762307742908,0.26207622044434514,Elbe,2.0,29.0,51.904664,11.062966,83,0.5256212514921074,Elbe
conc,Basin_Elbe,Elbe (whole basin),bonobo,EUS_241,0.195641590742725,0.244731538169749,1116,0.628693636307097,701.62209811872,0.626731019966429,822.803345859134,0.24174167210906092,Elbe,1.0,,51.693883,12.29469,96,0.7378656062914724,Elbe
conc,Basin_Elbe,Elbe (whole basin),bonobo,EUS_242,0.203404162062111,0.303841615649816,1116,0.700600580152835,782.267137249703,0.699999745455361,1494.13794482548,0.5699736362903045,Elbe,,,,,111,1.02724175127376,Elbe
conc,Basin_Elbe,Elbe (whole basin),bonobo,EUS_243,0.253744350563555,0.295160041657447,1116,0.685542819669526,765.065786751191,0.689477651358357,1254.27062669426,0.5531228587904469,Elbe,1.0,,51.693336,12.296449,128,1.16560912567075,Elbe
conc,Basin_Elbe,Elbe (whole basin),bonobo,EUS_244,0.281440072076773,0.348678008005252,1116,0.775614645595695,865.614964596438,0.768911548333829,2315.55711278974,1.9503822972870566,Elbe,5.0,36.0,51.358773,12.336713,135,1.4961680747768769,Elbe
conc,Basin_Elbe,Elbe (whole basin),bonobo,EUS_245,0.2714864379842,0.341038258476515,1116,0.782590496060373,873.370993603376,0.782386373326915,2204.00098456676,6.012718166335712,Elbe,1.0,26.2,51.294238,12.356104,134,1.4247313702829372,Elbe
conc,Basin_Elbe,Elbe (whole basin),bonobo,EUS_249,0.203539963380001,0.259769430244414,1116,0.644683786850854,719.467106125553,0.632861882550619,1059.34538474177,0.6192164702851733,Elbe,5.0,34.6,51.357686,12.336252,106,0.8268476206252101,Elbe
conc,Basin_Elbe,Elbe (whole basin),bonobo,EUS_250,0.209637869166996,0.212425845394594,1116,0.614117160628871,685.35475126182,0.614728062444974,653.900858451732,0.5692385230527673,Elbe,1.0,26.2,51.293587,12.356189,58,0.243145044368289,Elbe
conc,Basin_Elbe,Elbe (whole basin),bonobo,EUS_253,0.265071201027167,0.3324796869161,1116,0.76114410252849,849.436818421795,0.758807550623727,2003.91442157539,3.1735783002772164,Elbe,,,,,132,1.3809502687196176,Elbe
conc,Basin_Elbe,Elbe (whole basin),bonobo,EUS_254,0.289520976425358,0.365786879138052,1116,0.794404733476004,886.670625175806,0.79223276468625,2514.78090857867,9.147778253302873,Elbe,,,,,134,1.5652597921981386,Elbe
conc,Basin_Elbe,Elbe (whole basin),bonobo,EUS_255,0.201212190724518,0.241737423412265,1116,0.636928989042146,710.846886120273,0.631845304205107,930.442375852162,0.03777964868786411,Elbe,5.0,33.3,51.711215,12.286173,46,0.16260193745317558,Elbe
conc,Basin_Elbe,Elbe (whole basin),bonobo,EUS_256,0.208091221399995,0.23532412759967,1116,0.637869123223543,711.861941517474,0.633026685020986,843.869815669091,0.05562227595417098,Elbe,1.0,,51.686915,12.294263,45,0.135812568786501,Elbe
conc,Basin_Elbe,Elbe (whole basin),bonobo,EUS_257,0.205156034882689,0.245471971872916,1116,0.637152288556189,711.061954028707,0.634562659663975,821.636173782494,0.20994454872883297,Elbe,5.0,33.3,51.701304,12.29136,105,0.799458222243827,Elbe
conc,Basin_Elbe,Elbe (whole basin),bonobo,EUS_267,0.193966466009523,0.226133610923129,1116,0.600614886317204,670.28621313,0.601992168119565,793.474654511476,5.409478324520219,Elbe,5.0,34.6,51.349743,12.342768,58,0.2817819563939946,Elbe
conc,Basin_Elbe,Elbe (whole basin),bonobo,EUS_268,0.190321401124971,0.226345991725835,1116,0.595135183424758,664.17086470203,0.600683929167887,851.481813920561,6.448929268544731,Elbe,5.0,34.6,51.349375,12.342925,60,0.32046816942901296,Elbe
conc,Basin_Elbe,Elbe (whole basin),bonobo,EUS_269,0.18913245564493,0.23466560968331,1116,0.598463729247034,668.125516907636,0.602912737851248,836.870105789991,5.683013122425834,Elbe,5.0,34.6,51.348834,12.343096,61,0.3391966757511909,Elbe
conc,Basin_Elbe,Elbe (whole basin),bonobo,EUS_270,0.213375471777011,0.25546299168661,1116,0.666170740068773,743.44654591675,0.65732340741697,968.591475366879,0.08834328841389266,Elbe,1.0,,51.692165,12.288934,32,0.03167321201078118,Elbe
conc,Basin_Elbe,Elbe (whole basin),bonobo,EUS_271,0.266991851962938,0.221824586640561,1116,0.686201955922448,765.801382809452,0.68424993671943,990.074604902179,0.001022958931352833,Elbe,1.0,,51.691631,12.28082,7,-0.23506982632445242,Elbe
conc,Basin_Elbe,Elbe (whole basin),bonobo,EUS_272,0.212293185363348,0.256610906477774,1116,0.666452250795534,743.922037011511,0.658909442320261,959.603082424608,0.1935831042518506,Elbe,1.0,0.0,51.68123,12.288827,32,0.05537515345872875,Elbe
conc,Basin_Elbe,Elbe (whole basin),bonobo,EUS_273,0.20593303010802,0.246132220278161,1116,0.63552697812198,709.248107584129,0.63639761165945,871.365284280439,1.3102853366557858,Elbe,6.0,17.1,50.889,14.232,105,0.8005130821403785,Elbe
conc,Basin_Elbe,Elbe (whole basin),bonobo,EUS_274,0.201620183394714,0.248726070666514,1116,0.646814707967133,721.845214091321,0.64868495203809,874.085749673182,1.8538207185083801,Elbe,6.0,21.5,51.05414,13.747594,101,0.7659246343034973,Elbe
conc,Basin_Elbe,Elbe (whole basin),bonobo,EUS_275,0.202913795496826,0.246381389799728,1116,0.652627683998836,728.332495342701,0.648565575497123,854.119134149856,2.2037534376281593,Elbe,6.0,22.2,51.203,13.411,103,0.7619750005740843,Elbe
conc,Basin_Elbe,Elbe (whole basin),bonobo,EUS_276,0.200983618498644,0.242452391563139,1116,0.647728419994872,722.864916714277,0.645845655465782,810.94845043545,1.5590708946454321,Elbe,6.0,22.0,51.310439,13.295093,100,0.7218843580067678,Elbe
conc,Basin_Elbe,Elbe (whole basin),bonobo,EUS_277,0.200030316663038,0.242221034784701,1116,0.651205363477069,726.745185640409,0.653488220303721,817.597504423474,2.3434179167600875,Elbe,6.0,22.1,51.557863,13.010684,98,0.7064050376159914,Elbe
conc,Basin_Elbe,Elbe (whole basin),bonobo,EUS_278,0.20098960292502,0.246306454482221,1116,0.653588840804113,729.405146337391,0.65659334710661,850.064367169625,1.9944051922505888,Elbe,6.0,22.0,51.64902,12.89452,99,0.750796345428113,Elbe
conc,Basin_Elbe,Elbe (whole basin),bonobo,EUS_279,0.199476461609563,0.240320151713797,1116,0.648870718018282,724.139721308403,0.654362693019609,805.22791772927,1.9813811247729056,Elbe,6.0,21.9,51.719,12.821,97,0.6918477562269228,Elbe
conc,Basin_Elbe,Elbe (whole basin),bonobo,EUS_280,0.197099613750161,0.234090911699085,1116,0.644073327587668,718.785833587837,0.649213367100688,772.293252985557,1.5845264304480748,Elbe,1.0,0.2,51.86,12.211,92,0.6136705866249018,Elbe
conc,Basin_Elbe,Elbe (whole basin),bonobo,EUS_281,0.195595564078055,0.221614409170678,1116,0.619058776029002,690.869594048366,0.633273557336945,729.430418617419,1.7175226653213531,Elbe,7.0,30.4,51.957,11.913,78,0.48276854861875246,Elbe
conc,Basin_Elbe,Elbe (whole basin),bonobo,EUS_282,0.195854954252115,0.238530141129262,1116,0.639099715092482,713.23528204321,0.656831161917614,806.803668473068,5.066139535600984,Elbe,7.0,30.4,51.986638,11.880605,91,0.6819944919264725,Elbe
conc,Basin_Elbe,Elbe (whole basin),bonobo,EUS_283,0.195585973272207,0.236890522377723,1116,0.636059361670672,709.84224762447,0.658268760572715,806.316513733647,4.191842494002308,Elbe,7.0,30.4,52.06694,11.6792,91,0.6642219966184671,Elbe
conc,Basin_Elbe,Elbe (whole basin),bonobo,EUS_284,0.19954528361746,0.240618762728235,1116,0.641038039763086,715.398452375604,0.663699096435437,823.198062150528,3.7915359293440294,Elbe,7.0,30.4,52.129125,11.643696,97,0.7296223726877878,Elbe
conc,Basin_Elbe,Elbe (whole basin),bonobo,EUS_285,0.196844874261847,0.238406181889284,1116,0.629325869511576,702.327670374918,0.640621017629609,857.058635452414,3.7467333243309247,Elbe,7.0,22.1,52.2157,11.70437,95,0.690547466643234,Elbe
conc,Basin_Elbe,Elbe (whole basin),bonobo,EUS_286,0.193186785108425,0.227969160466662,1116,0.615973652449956,687.426596134151,0.622031544651796,790.681786349805,2.065783402441064,Elbe,7.0,22.0,52.334,11.813,81,0.5123175135448967,Elbe
conc,Basin_Elbe,Elbe (whole basin),bonobo,EUS_287,0.197145519631494,0.226959745225088,1116,0.632158382269477,705.488754612736,0.647807312546663,717.222622639509,2.3061195897477402,Elbe,7.0,22.0,52.539792,11.979027,83,0.510655485895477,Elbe
conc,Basin_Elbe,Elbe (whole basin),bonobo,EUS_288,0.194453136452329,0.228461101856393,1116,0.624857162934687,697.34059383511,0.637263356279285,739.345236378849,2.4898973860437197,Elbe,7.0,21.9,52.786934,12.031543,82,0.5369839272990627,Elbe
conc,Basin_Elbe,Elbe (whole basin),bonobo,EUS_289,0.203388136391836,0.238346709163749,1116,0.641297249645595,715.687730604484,0.642852109508918,766.892675406594,2.9908921790814174,Elbe,7.0,21.9,52.83788,12.039297,104,0.6978543456042339,Elbe
conc,Basin_Elbe,Elbe (whole basin),bonobo,EUS_290,0.194395622733167,0.229485666939646,1116,0.626796735624075,699.505156956468,0.631307850330255,727.287115997037,2.5290698087642007,Elbe,7.0,23.6,52.986317,11.751564,83,0.48394172061503204,Elbe
conc,Basin_Elbe,Elbe (whole basin),bonobo,EUS_291,0.195295464628233,0.24138681133251,1116,0.637392970449644,711.330555021803,0.639118044814185,806.056977515449,3.5730455842381463,Elbe,7.0,23.0,53.039132,11.635786,91,0.6278228681714105,Elbe
conc,Basin_Elbe,Elbe (whole basin),bonobo,EUS_292,0.200205246169223,0.247039124841338,1116,0.63981700703234,714.035779848091,0.638115037704557,847.459391605564,4.618136982209467,Elbe,7.0,23.2,53.04717,11.554186,99,0.7215184203118924,Elbe
conc,Basin_Elbe,Elbe (whole basin),bonobo,EUS_293,0.194647693270031,0.245915370857345,1116,0.63368518819077,707.192670020899,0.64190564787683,844.171446680976,3.8371949165926864,Elbe,7.0,23.3,53.133475,11.248753,92,0.6439025990539863,Elbe
conc,Basin_Elbe,Elbe (whole basin),bonobo,EUS_294,0.194333225601569,0.240973019362218,1116,0.630207718516725,703.311813864665,0.632529866599434,809.438360863714,3.379297786581652,Elbe,7.0,21.3,53.232719,10.897789,91,0.6293387554152909,Elbe
conc,Basin_Elbe,Elbe (whole basin),bonobo,EUS_295,0.191580374712464,0.243435289184644,1116,0.628896695509502,701.848712188605,0.641540037598512,832.876103235445,3.7256183078178537,Elbe,7.0,21.0,53.368025,10.547661,88,0.5919231872305349,Elbe
conc,Basin_Elbe,Elbe (whole basin),bonobo,EUS_296,0.19212868126122,0.240876844838737,1116,0.623564513961103,695.897997580591,0.632061218378858,825.725816051747,3.7746921887086726,Elbe,7.0,20.8,53.424518,10.350688,88,0.598003007331894,Elbe
conc,Basin_Elbe,Elbe (whole basin),bonobo,EUS_297,0.195801158850323,0.220481780643026,1116,0.612911132894802,684.008824310599,0.626833184477824,723.590516917999,3.4018713783479213,Elbe,2.0,0.0,51.823,12.839,65,0.4350050165420915,Elbe
conc,Basin_Elbe,Elbe (whole basin),bonobo,EUS_298,0.204075153687528,0.258650343980875,1116,0.643668659782205,718.334224316941,0.646039899919416,986.992592645483,9.861830758085445,Elbe,5.0,33.2,51.87367,12.24583,100,0.8998603060489307,Elbe
conc,Basin_Elbe,Elbe (whole basin),bonobo,EUS_299,0.191229135863762,0.257628619999458,1116,0.633682018482008,707.18913262592,0.660559854854365,1040.95185495861,18.355309386240453,Elbe,7.0,30.4,51.977,11.886,89,0.7987408988131749,Elbe
conc,Basin_Elbe,Elbe (whole basin),bonobo,EUS_300,0.195718089896606,0.222658962245042,1116,0.624736641093044,697.206091459838,0.62520084683307,710.3356145363,2.5373358404670783,Elbe,7.0,23.6,52.908092,11.879533,76,0.438521252395684,Elbe
conc,Basin_Elbe,Elbe (whole basin),bonobo,EUS_372,0.270435459316695,0.222412426139005,1116,0.689728917692126,769.737472144413,0.6895674258836,993.880239108023,0.00019624701892019138,Elbe,1.0,0.0,52.158103,12.67008,7,-0.24092510201399117,Elbe
conc,Basin_Elbe,Elbe (whole basin),bonobo,EUS_373,0.245443385905165,0.246597721762507,1116,0.692223260663522,772.521158900491,0.692681027762133,1000.91986072082,0.001767253858810797,Elbe,1.0,0.0,53.221614,11.841881,15,-0.10150792794570973,Elbe
conc,Basin_Elbe,Elbe (whole basin),bonobo,EUS_374,0.224322133714419,0.244385203483502,1116,0.663144224754949,740.068954826524,0.659117953722539,882.553880374103,0.04431976945252512,Elbe,1.0,0.0,53.137181,12.165906,31,0.07328336400588249,Elbe
conc,Basin_Elbe,Elbe (whole basin),bonobo,EUS_424,0.235055849952197,0.245272770474228,1116,0.685723652580643,765.267596279998,0.684418232891742,964.492272965022,0.007327324972958734,Elbe,1.0,,54.15847,10.779928,22,-0.04386641605797548,Elbe
conc,Basin_Elbe,Elbe (whole basin),bonobo,EUS_425,0.240725704615402,0.246180994745529,1116,0.682206314465816,761.342246943851,0.679696427849121,984.135490420978,0.13401880695101975,Elbe,1.0,0.0,51.308685,12.981468,18,-0.09807969864673015,Elbe
conc,Basin_Elbe,Elbe (whole basin),bonobo,EUS_426,0.194596950187455,0.242156794259267,1116,0.619784454721866,691.679451469602,0.617392774429808,799.849500089892,2.4653646258755195,Elbe,1.0,29.2,51.305322,12.766474,57,0.36332944740828754,Elbe
conc,Basin_Elbe,Elbe (whole basin),bonobo,EUS_427,0.195559752812358,0.240802940528177,1116,0.613528799967624,684.698140763868,0.621371495680348,860.582258454399,0.12789203420047035,Elbe,1.0,0.0,51.491699,12.484281,51,0.28194129354690617,Elbe
conc,Basin_Elbe,Elbe (whole basin),bonobo,EUS_428,0.239616548758801,0.248807862277968,1116,0.684938710459196,764.391600872462,0.68733629632207,968.888443643451,0.009952022894655353,Elbe,1.0,0.0,51.3323,12.9852,19,-0.0741999702882234,Elbe
conc,Basin_Elbe,Elbe (whole basin),bonobo,EUS_429,0.193916351146917,0.241901392194474,1116,0.609996651928642,680.756263552365,0.605415591392204,819.706091989868,0.06918602095236852,Elbe,1.0,,51.211722,12.703206,54,0.34255680011567147,Elbe
conc,Basin_Elbe,Elbe (whole basin),bonobo,EUS_430,0.247138589952909,0.242654610918939,1116,0.689335757163141,769.298704994066,0.68889089614807,979.762336813494,0.0019869409529062955,Elbe,1.0,0.0,51.152227,12.703246,15,-0.1126903548795989,Elbe
conc,Basin_Elbe,Elbe (whole basin),bonobo,EUS_431,0.217854282153843,0.248602612689304,1116,0.643623505003455,718.283831583856,0.64923245003504,875.57560523266,0.05172473043149972,Elbe,2.0,,51.5472,12.474199,36,0.13443324104436638,Elbe
conc,Basin_Elbe,Elbe (whole basin),bonobo,EUS_432,0.255067324220748,0.234822813556296,1116,0.692352514306715,772.665405966294,0.692194383071514,998.606817036361,0.0045505227767592814,Elbe,1.0,0.0,51.615385,11.213825,11,-0.1540468150742104,Elbe
conc,Basin_Elbe,Elbe (whole basin),bonobo,EUS_433,0.209584619463764,0.228542956647583,1116,0.612861535762597,683.953473911058,0.613590312621447,848.759079787095,0.45458826691450843,Elbe,1.0,0.0,51.286396,12.15393,38,0.05909147797385566,Elbe
conc,Basin_Elbe,Elbe (whole basin),bonobo,EUS_434,0.180321761620637,0.241948632892516,1116,0.563673857997747,629.118542135993,0.575293114041994,1111.56940442201,31.16420086920171,Elbe,2.0,29.0,51.941583,11.158639,71,0.5362751809817548,Elbe
conc,Basin_Elbe,Elbe (whole basin),bonobo,EUS_435,0.221576971789228,0.233521760876646,1116,0.645919053048134,720.845663201718,0.644941800209776,803.922234312411,0.01853737296037846,Elbe,1.0,0.0,51.460978,11.471981,37,0.07961617077432685,Elbe
conc,Basin_Elbe,Elbe (whole basin),bonobo,EUS_436,0.212506300958042,0.257899445869497,1116,0.671995385687477,749.946850427224,0.667230259185383,940.684026099817,0.9028104093018238,Elbe,1.0,0.0,51.635599,11.938936,35,0.0584051448531559,Elbe
conc,Basin_Elbe,Elbe (whole basin),bonobo,EUS_437,0.25553038257827,0.248785395085217,1116,0.69278797329753,773.151378200043,0.692846802743582,1007.72438756839,0.0015531484126317273,Elbe,1.0,0.0,51.734622,10.659567,10,-0.18071766923189211,Elbe
conc,Basin_Elbe,Elbe (whole basin),bonobo,EUS_438,0.233481163427715,0.253891942217347,1116,0.690051994348259,770.098025692657,0.689252437594017,996.139963638867,0.02135296461790131,Elbe,1.0,0.0,52.592458,11.8008148,19,-0.046522308686770396,Elbe
conc,Basin_Elbe,Elbe (whole basin),bonobo,EUS_439,0.224299577555447,0.249379354391683,1116,0.660671279987393,737.309148465931,0.653296534862736,1067.50432634437,0.04680779513989169,Elbe,1.0,0.0,52.07571,11.31275,25,0.01890357925569996,Elbe
conc,Basin_Elbe,Elbe (whole basin),bonobo,EUS_440,0.180237697045206,0.272785319007719,1116,0.602926665234759,672.982394422932,0.601184331129475,966.294418891201,8.194668603908632,Elbe,1.0,45.1,51.721104,11.27815,66,0.5442258215341906,Elbe
conc,Basin_Elbe,Elbe (whole basin),bonobo,EUS_441,0.23463240839847,0.250921866421018,1116,0.682064806373972,761.184323913353,0.681886212476179,971.630860634415,0.06650772801299966,Elbe,2.0,23.0,51.89230556,10.97680556,19,-0.04997363519828392,Elbe
conc,Basin_Elbe,Elbe (whole basin),bonobo,EUS_444,0.210963424231757,0.26243919784858,1116,0.660968218172469,737.640531480475,0.655563919367579,900.816950021439,2.162107922059289,Elbe,1.0,0.0,50.935091,10.785234,40,0.06598193610540513,Elbe
conc,Basin_Elbe,Elbe (whole basin),bonobo,EUS_445,0.176886800679297,0.294916104035034,1116,0.626969407033283,699.701021841849,0.630852462591964,1025.21066189175,3.36358470195555,Elbe,1.0,0.0,51.009793,10.891151,71,0.6212099060123434,Elbe
conc,Basin_Danube,Danube (whole basin),bonobo,EUS_001,0.162682628777772,0.250570309792789,752,0.609378312335877,462.999312585784,0.635230344559927,780.832583078706,0.6543876470893533,Danube,5.0,5.0,46.076255,14.637157,46,0.2399210431742569,Danube
conc,Basin_Danube,Danube (whole basin),bonobo,EUS_002,0.185027618653153,0.23047579421974,752,0.617713051185157,468.618811709318,0.631127181083825,601.507177497285,0.22823965029596635,Danube,3.0,0.6,46.001086,14.469558,39,0.06758508726496969,Danube
conc,Basin_Danube,Danube (whole basin),bonobo,EUS_003,0.198165401975502,0.304931112780796,752,0.665469018235351,504.933087315689,0.672845173502764,1324.86255457942,0.8078211992227314,Danube,5.0,5.0,46.072357,14.63525,111,1.0753424926533413,Danube
conc,Basin_Danube,Danube (whole basin),bonobo,EUS_004,0.166549332466906,0.239010967551696,752,0.601394401669299,456.937722773698,0.617056394650432,561.92581406556,0.18797746022291717,Danube,5.0,5.0,46.087919,14.677909,68,0.3580368919677585,Danube
conc,Basin_Danube,Danube (whole basin),bonobo,EUS_005,0.166836067584389,0.236105909625592,752,0.596845834795075,453.556609105602,0.61355214989604,568.038278285486,0.05914403996716917,Danube,1.0,0.0,45.951136,14.296199,68,0.366424626264023,Danube
conc,Basin_Danube,Danube (whole basin),bonobo,EUS_006,0.194926093510458,0.226494924491932,752,0.618583486103477,469.865618064222,0.631667007189786,600.599389135818,0.006233809390852262,Danube,1.0,,45.952858,14.298592,31,0.012558678699158625,Danube
conc,Basin_Danube,Danube (whole basin),bonobo,EUS_007,0.212736956780693,0.228894361218331,752,0.654448697226463,496.417106348607,0.667346211591011,610.934807432836,0.08044640953537814,Danube,2.0,0.5,45.97193,14.313989,18,-0.10014484522046808,Danube
conc,Basin_Danube,Danube (whole basin),bonobo,EUS_008,0.215581004085465,0.226912140762668,752,0.653748241661046,496.373900852672,0.669647114942726,568.06117318033,0.08474085104470666,Danube,3.0,0.5,46.117018,14.610843,19,-0.12157700619137961,Danube
conc,Basin_Danube,Danube (whole basin),bonobo,EUS_009,0.201286997511034,0.23187234498611,752,0.644182111537947,488.360771689252,0.654754600758132,616.644802913693,0.09219071322471319,Danube,1.0,0.0,46.328569,14.584276,26,-0.035027863672228925,Danube
conc,Basin_Danube,Danube (whole basin),bonobo,EUS_010,0.227238964392889,0.226021165704216,752,0.667483688602933,506.059892920163,0.685189390326763,652.831528335406,0.07822175724270176,Danube,2.0,,46.279685,14.614511,7,-0.23556859981149195,Danube
conc,Basin_Danube,Danube (whole basin),bonobo,EUS_011,0.222883469359906,0.227574118696691,752,0.668992911439528,506.771847029771,0.685954361893366,643.714837071541,0.0830186088206453,Danube,3.0,0.5,46.114864,14.612,9,-0.205625354342513,Danube
conc,Basin_Danube,Danube (whole basin),bonobo,EUS_012,0.213693034998935,0.226874539000403,752,0.650757516920332,493.527884714434,0.664519220047075,592.48652248088,0.08411303017869959,Danube,5.0,5.0,46.075391,14.63705,20,-0.12571345491807653,Danube
conc,Basin_Danube,Danube (whole basin),bonobo,EUS_013,0.224193126647542,0.225443043609126,752,0.661259266998168,501.063482822332,0.677597200802618,655.481061406177,0.07911872033920132,Danube,3.0,0.6,45.974343,14.415741,9,-0.2123985637316864,Danube
conc,Basin_Danube,Danube (whole basin),bonobo,EUS_051,0.200620302861105,0.24165784284064,752,0.65568318587657,497.240490135296,0.674620102966353,617.125780157049,0.15155393056276273,Danube,1.0,0.0,49.745228,12.122372,20,-0.12791765562173482,Danube
conc,Basin_Danube,Danube (whole basin),bonobo,EUS_082,0.174418306648554,0.248125628895484,752,0.605203745739999,458.098045232152,0.622784586155632,648.567305789428,1.19554240414162,Danube,4.0,16.6,48.6871108323948,16.9894285542993,85,0.6118970641582959,Danube
conc,Basin_Danube,Danube (whole basin),bonobo,EUS_096,0.17554697678313,0.231649130308337,752,0.610717500696592,463.609031580963,0.623912930733436,516.987182523584,0.08649168536805202,Danube,1.0,0.0,48.390928,15.696507,55,0.2646412414624924,Danube
conc,Basin_Danube,Danube (whole basin),bonobo,EUS_097,0.174487723273418,0.239280315393694,752,0.616146154882358,467.68489401893,0.6309488111208,484.366406454949,0.09745168702841188,Danube,5.0,9.1,46.709944,15.634373,59,0.30018858494170925,Danube
conc,Basin_Danube,Danube (whole basin),bonobo,EUS_103,0.199873067810571,0.236295062365299,752,0.645806825309531,489.861518888955,0.663632084666741,623.795205340707,0.08911273919470683,Danube,2.0,0.0,49.490173,16.694152,24,-0.08162467248747811,Danube
conc,Basin_Danube,Danube (whole basin),bonobo,EUS_104,0.189149738942488,0.22972130488016,752,0.613569882583072,465.652807864579,0.625137868058442,564.368866763897,0.181945815125964,Danube,2.0,,49.48904,16.692684,35,0.030156097558925066,Danube
conc,Basin_Danube,Danube (whole basin),bonobo,EUS_105,0.169459267050375,0.233496605725017,752,0.609241766592822,463.024452158979,0.628170918432205,549.687446477174,0.892971738652728,Danube,3.0,15.9,49.542607,16.573452,66,0.3546267092703947,Danube
conc,Basin_Danube,Danube (whole basin),bonobo,EUS_106,0.168400968554109,0.234201909465731,752,0.608277298424326,462.300669580301,0.626146712987613,575.624889039474,0.8951632811250023,Danube,3.0,15.9,49.542243,16.573741,72,0.43756772447944897,Danube
conc,Basin_Danube,Danube (whole basin),bonobo,EUS_107,0.193558421733601,0.23496122281213,752,0.637373232491046,483.537234959819,0.651826422403311,588.84810088792,0.5719985786078498,Danube,1.0,0.0,49.379365,16.760357,29,-0.029187718101116235,Danube
conc,Basin_Danube,Danube (whole basin),bonobo,EUS_108,0.166673757160238,0.267691350271995,752,0.610828008326045,463.856609009065,0.627797681505223,951.398731716353,2.512309309806107,Danube,4.0,13.7,49.565749,17.267724,85,0.7313252392781769,Danube
conc,Basin_Danube,Danube (whole basin),bonobo,EUS_109,0.174092606576593,0.240780049650383,752,0.618567983036106,469.601176584735,0.634188695927621,636.36064455458,1.5120992663951274,Danube,3.0,7.6,49.347639,16.65102,85,0.5981336399423118,Danube
conc,Basin_Danube,Danube (whole basin),bonobo,EUS_110,0.191306588695815,0.270059252110957,752,0.629808707012893,477.867409365313,0.651183621545864,953.221698144682,2.280295374469408,Danube,3.0,7.6,49.343754,16.648637,101,0.8758985941923136,Danube
conc,Basin_Danube,Danube (whole basin),bonobo,EUS_158,0.172701488933481,0.229260503993004,752,0.600029131030405,454.542423024126,0.618233931276482,528.198569085873,0.272494385163197,Danube,1.0,0.0,45.223886,19.699039,60,0.3376085475541759,Danube
conc,Basin_Danube,Danube (whole basin),bonobo,EUS_159,0.174074129981971,0.227856920382379,752,0.599327357037794,455.575602448333,0.618791511416955,488.788343992279,0.052701141479133594,Danube,1.0,0.0,45.240276,19.889274,63,0.3198309304199083,Danube
conc,Basin_Danube,Danube (whole basin),bonobo,EUS_160,0.173956893100433,0.243069702631383,752,0.617969953979659,468.416103837353,0.638099258324173,735.489525645733,0.6059737372954666,Danube,8.0,5.6,45.260331,19.85665,90,0.6794324477833372,Danube
conc,Basin_Danube,Danube (whole basin),bonobo,EUS_161,0.175978738535419,0.249573879030413,752,0.608944286385881,462.837246343684,0.619728075404352,678.832682231674,1.0089980893634884,Danube,2.0,3.7,44.395833,26.223022,98,0.7205620418416231,Danube
conc,Basin_Danube,Danube (whole basin),bonobo,EUS_162,0.188231060428878,0.222105499508231,752,0.612860705104502,465.738509988345,0.629354320886784,499.788031356918,0.06809159118749222,Danube,4.0,3.3,46.789539,23.682029,40,0.06657586277624328,Danube
conc,Basin_Danube,Danube (whole basin),bonobo,EUS_163,0.188488340284839,0.223053987712195,752,0.624811369636423,474.759050729474,0.643521864338494,480.895525849896,0.10960658506204203,Danube,2.0,0.0,44.747126,19.726075,49,0.11894732286317436,Danube
conc,Basin_Danube,Danube (whole basin),bonobo,EUS_164,0.169445337180841,0.243103782312065,752,0.6136073540216,466.352081040833,0.635605367322703,599.535628019714,1.2761637069509406,Danube,6.0,3.1,46.310181,16.397589,88,0.5759704067589402,Danube
conc,Basin_Danube,Danube (whole basin),bonobo,EUS_165,0.206158139314093,0.226595212996256,752,0.641747128048192,486.83063636963,0.659533227365534,600.731760432058,0.023908843613667914,Danube,6.0,4.1,45.784996,16.132961,26,-0.08882935648752059,Danube
conc,Basin_Danube,Danube (whole basin),bonobo,EUS_166,0.206311472620334,0.224987293342801,752,0.641509100061344,487.272303638334,0.658287540830841,553.268686736748,0.10994465721632789,Danube,4.0,0.4,46.065975,14.623696,28,-0.07009581312194911,Danube
conc,Basin_Danube,Danube (whole basin),bonobo,EUS_167,0.192477936567698,0.224131813023678,752,0.633341632088907,481.140663748782,0.652645447092269,486.429331442983,0.10844787235426928,Danube,7.0,6.8,47.455269,19.06115,49,0.1155060177148906,Danube
conc,Basin_Danube,Danube (whole basin),bonobo,EUS_168,0.187431809049422,0.223046598938643,752,0.625368392977062,475.179374033025,0.646866005858415,501.550953237752,0.038376002397725525,Danube,6.0,3.9,45.95689,15.488278,46,0.13946622343958673,Danube
conc,Basin_Danube,Danube (whole basin),bonobo,EUS_169,0.198856864622847,0.226471014241205,752,0.634580443936672,482.124202821927,0.653320946807145,515.257296859908,0.08612222384147146,Danube,5.0,10.4,49.24502,18.639577,34,0.006131157035855092,Danube
conc,Basin_Danube,Danube (whole basin),bonobo,EUS_170,0.176391694538448,0.233902454140988,752,0.606138628191606,460.740280100361,0.624361831894388,522.269792376746,0.6328253346440894,Danube,4.0,35.2,49.125151,16.627226,90,0.5583049649516597,Danube
conc,Basin_Danube,Danube (whole basin),bonobo,EUS_171,0.209764092600903,0.222191560209249,752,0.641312687492868,487.041949455228,0.659597108819977,574.029063514161,0.010286742776225892,Danube,4.0,4.0,48.110907,14.896042,22,-0.11197425849773202,Danube
conc,Basin_Danube,Danube (whole basin),bonobo,EUS_172,0.200197732484981,0.229616486243606,752,0.64277947484434,488.172151631127,0.657588868567171,533.750874662091,0.06969552003676066,Danube,5.0,8.0,48.413553,10.888442,36,-0.00695289643945359,Danube
conc,Basin_Danube,Danube (whole basin),bonobo,EUS_173,0.326630551165353,0.332025892580618,752,0.738540369227798,557.892473649778,0.741058618251712,1977.98073003571,9.108865714863125,Danube,2.0,71.4,44.39686,26.247741,145,1.6282097924930445,Danube
conc,Basin_Danube,Danube (whole basin),bonobo,EUS_174,0.176652763826319,0.275099230788647,752,0.618745607785382,470.213585527441,0.629184758269418,856.449205696054,0.56372306899621,Danube,4.0,85.2,46.791089,23.717859,101,0.790739231199845,Danube
conc,Basin_Danube,Danube (whole basin),bonobo,EUS_175,0.176683674332665,0.222751053191505,752,0.607002049462425,461.360653341194,0.623689228273557,455.980264102704,0.15552193460113212,Danube,7.0,4.2,44.74578,19.728111,67,0.30212225486250815,Danube
conc,Basin_Danube,Danube (whole basin),bonobo,EUS_176,0.163287053362045,0.237232674297382,752,0.586165452854255,445.643089383819,0.598271994073928,679.06395986873,1.351285752931794,Danube,6.0,3.1,46.310154,16.397992,68,0.4511538984734635,Danube
conc,Basin_Danube,Danube (whole basin),bonobo,EUS_177,0.183126463611652,0.271882959569816,752,0.641644374439615,487.044488390991,0.653839781975664,955.132982409038,0.5898996501759942,Danube,5.0,5.0,46.071103,14.634847,103,0.8589389663923567,Danube
conc,Basin_Danube,Danube (whole basin),bonobo,EUS_178,0.1786740230719,0.225228790171547,752,0.619340078155336,470.627203993129,0.639195942309436,495.327654430987,0.4273800833909387,Danube,7.0,6.8,47.45407,19.060272,61,0.2815804190134281,Danube
conc,Basin_Danube,Danube (whole basin),bonobo,EUS_179,0.176032864360168,0.226821530207604,752,0.614923539759362,467.317374644564,0.633275956594256,560.992760429522,0.38133715895685566,Danube,6.0,4.6,45.94238,15.495631,56,0.2381947409808322,Danube
conc,Basin_Danube,Danube (whole basin),bonobo,EUS_180,0.185551143131764,0.230962974514327,752,0.629537535449483,478.279655636793,0.649861653203555,509.543762373914,0.35440145814731183,Danube,5.0,10.4,49.244395,18.639079,44,0.12268481957122887,Danube
conc,Basin_Danube,Danube (whole basin),bonobo,EUS_181,0.297664976956942,0.303981360470228,752,0.712917026621488,540.746356339716,0.716264670090959,1450.91020573559,1.611080861706665,Danube,7.0,9.2,49.123616,16.627051,144,1.4102464814797293,Danube
conc,Basin_Danube,Danube (whole basin),bonobo,EUS_182,0.169575672677158,0.231581985483569,752,0.606182066106905,460.71596115014,0.624621857816408,541.772093626965,0.4469779027641194,Danube,4.0,19.4,48.11049,14.897041,66,0.3560769055313901,Danube
conc,Basin_Danube,Danube (whole basin),bonobo,EUS_183,0.3400454494011,0.339493168945893,752,0.74113911443674,561.788436148996,0.748858534976097,2065.03778078733,50.654967121270744,Danube,5.0,8.0,48.414023,10.88854,149,1.6807368249151426,Danube
conc,Basin_Danube,Danube (whole basin),bonobo,EUS_301,0.188463600987834,0.222149161465791,752,0.622064491931295,471.576372205323,0.634085815942383,575.049231027572,0.7523148487659005,Danube,5.0,20.9,48.42402048,10.02624817,47,0.11842735762268973,Danube
conc,Basin_Danube,Danube (whole basin),bonobo,EUS_302,0.187346315898448,0.228797789230859,752,0.639733389167719,485.740541456919,0.655061255288923,492.846362088593,0.03515283307195662,Danube,6.0,16.3,48.73335642,11.14445055,50,0.1264096513225632,Danube
conc,Basin_Danube,Danube (whole basin),bonobo,EUS_303,0.183095669713567,0.232396144910186,752,0.640683110550304,486.463864535995,0.657165526969475,501.696346104363,0.1156856877397936,Danube,6.0,10.9,48.91633554,11.86649367,54,0.19733723256746036,Danube
conc,Basin_Danube,Danube (whole basin),bonobo,EUS_304,0.176771035452124,0.237602544426759,752,0.637586871801393,484.27543675689,0.655381187012738,499.662360688745,0.16001282090583283,Danube,6.0,11.1,48.77267035,13.0101508,66,0.32889959552275533,Danube
conc,Basin_Danube,Danube (whole basin),bonobo,EUS_305,0.20006524159228,0.233418986051366,752,0.64875211112208,491.276943836073,0.65697176579907,572.974268548318,0.37059074826024124,Danube,6.0,5.8,48.55724283,13.43597663,26,-0.03318650907940004,Danube
conc,Basin_Danube,Danube (whole basin),bonobo,EUS_306,0.188523008500682,0.233305358434725,752,0.63919114016091,484.957800547829,0.652909473076325,510.415940018758,0.029778693261143924,Danube,7.0,7.6,48.52084906,13.70232057,44,0.10779941617116093,Danube
conc,Basin_Danube,Danube (whole basin),bonobo,EUS_307,0.189316363218202,0.235865329434805,752,0.645640224523601,489.807577582694,0.658522805476806,522.883554575522,0.27991550778230123,Danube,7.0,8.4,48.24100774,14.51473092,42,0.1089218713996816,Danube
conc,Basin_Danube,Danube (whole basin),bonobo,EUS_308,0.190575451096555,0.232859524767798,752,0.642782812836644,487.692815988128,0.654681291812941,516.361841140335,0.17747946192273503,Danube,7.0,7.8,48.38560425,15.53280995,44,0.09444021973657811,Danube
conc,Basin_Danube,Danube (whole basin),bonobo,EUS_309,0.185017706022685,0.235698988118185,752,0.636870195374417,483.269234057043,0.650837505853401,506.443964146654,0.28966412197452157,Danube,7.0,7.9,48.32964293,16.33237286,45,0.14197273109324055,Danube
conc,Basin_Danube,Danube (whole basin),bonobo,EUS_310,0.187122240152205,0.235527712908387,752,0.641643596843734,486.84484401478,0.655564529929112,514.388777974175,0.1788624215444959,Danube,7.0,8.7,48.15125675,16.94446796,45,0.14061418606623874,Danube
conc,Basin_Danube,Danube (whole basin),bonobo,EUS_311,0.174907086076473,0.248369969947738,752,0.625303819172226,474.964547677704,0.641320698859633,601.907087277076,0.29409355668537257,Danube,1.0,0.0,48.72353966,16.88493834,80,0.539881612012347,Danube
conc,Basin_Danube,Danube (whole basin),bonobo,EUS_312,0.182519566203483,0.245005497275522,752,0.62936463297629,478.074465492061,0.646862461444573,547.224995877831,0.5685715218487053,Danube,4.0,16.6,48.68704724,16.98848745,89,0.602276060616423,Danube
conc,Basin_Danube,Danube (whole basin),bonobo,EUS_313,0.184192977587367,0.253691626218972,752,0.631384621550369,479.594042550329,0.651968654757493,563.560051841382,69.89882587979923,Danube,6.0,27.7,48.19817131,16.97246712,88,0.6780227573576403,Danube
conc,Basin_Danube,Danube (whole basin),bonobo,EUS_314,0.180825432367611,0.235289932672,752,0.635542840244836,482.227835249677,0.6505730225944,504.228611055239,114.27705383322999,Danube,7.0,9.7,48.13703476,17.10424581,51,0.22158786963631635,Danube
conc,Basin_Danube,Danube (whole basin),bonobo,EUS_315,0.184532618086862,0.23609558313728,752,0.633872646456633,481.393776761654,0.6465814043044,529.138524322409,551.9792934054989,Danube,7.0,6.1,48.032998,17.234718,48,0.1599797425371762,Danube
conc,Basin_Danube,Danube (whole basin),bonobo,EUS_316,0.180346088793232,0.235951170377992,752,0.636723371603069,483.179553210395,0.650208657182984,495.363244037369,260.0192509680367,Danube,7.0,6.1,47.788522,17.658216,59,0.24420281830473659,Danube
conc,Basin_Danube,Danube (whole basin),bonobo,EUS_317,0.176220568581243,0.238923972456217,752,0.633622746356494,480.896444493902,0.649889576149215,507.476214633925,0.30631409712485097,Danube,6.0,14.6,47.735884,17.759652,73,0.42526607084877655,Danube
conc,Basin_Danube,Danube (whole basin),bonobo,EUS_318,0.177949874621393,0.235914657666281,752,0.635544363426167,482.650435687337,0.65112743887041,498.785895309233,58.606543567815834,Danube,7.0,6.6,47.738524,17.82486,62,0.28287416300300533,Danube
conc,Basin_Danube,Danube (whole basin),bonobo,EUS_319,0.178808480977162,0.228020152368222,752,0.633952376905906,481.448070951662,0.651994474355091,480.540763844918,0.20145104277887443,Danube,6.0,0.6,47.775321,18.138059,62,0.27463034639649164,Danube
conc,Basin_Danube,Danube (whole basin),bonobo,EUS_320,0.178621098209939,0.229661820559484,752,0.632240732338186,480.043167680346,0.650308192835166,483.046518803076,0.1987215263741839,Danube,4.0,3.2,47.827465,18.720857,60,0.2908773833692191,Danube
conc,Basin_Danube,Danube (whole basin),bonobo,EUS_321,0.175731980526657,0.239943796043932,752,0.630433889377219,478.836722585474,0.65089826616968,515.364456169899,0.4409886326647977,Danube,4.0,7.2,47.88632,18.762617,77,0.4782506344128578,Danube
conc,Basin_Danube,Danube (whole basin),bonobo,EUS_322,0.178366574384766,0.232727628587213,752,0.638389670109666,484.818409416823,0.65385090145626,501.552583922749,0.2632304333954603,Danube,7.0,6.7,47.815412,18.861581,63,0.3163359531295401,Danube
conc,Basin_Danube,Danube (whole basin),bonobo,EUS_323,0.182770620219506,0.231196679416338,752,0.634689814885601,482.009457224033,0.65080385565845,503.760096061671,0.2741027156753699,Danube,7.0,6.7,47.65723,19.11901,56,0.20481236025107774,Danube
conc,Basin_Danube,Danube (whole basin),bonobo,EUS_324,0.179454552350364,0.231271756618142,752,0.633418299358515,481.065394091152,0.652301248683972,476.602393240955,84.59688021194172,Danube,7.0,7.1,47.38675,19.010849,62,0.2805432355576886,Danube
conc,Basin_Danube,Danube (whole basin),bonobo,EUS_325,0.179430837370715,0.229421769519346,752,0.634872141478227,482.186490214428,0.649854169221809,481.239530199657,81.6326053004556,Danube,3.0,0.1,47.034613,18.97922,63,0.2925466548276732,Danube
conc,Basin_Danube,Danube (whole basin),bonobo,EUS_326,0.181045866001063,0.231278793770965,752,0.636488987534127,483.341216711852,0.652044148147679,497.261313817393,0.11267449252281621,Danube,7.0,7.2,46.816039,18.9242,59,0.23268907051069637,Danube
conc,Basin_Danube,Danube (whole basin),bonobo,EUS_327,0.1825823924611,0.230069334843028,752,0.638897541842922,485.176203582075,0.656173218346494,493.987858786793,0.1226989621963079,Danube,7.0,7.2,46.632717,18.883772,57,0.2215340382359146,Danube
conc,Basin_Danube,Danube (whole basin),bonobo,EUS_328,0.179854591332739,0.230045195125754,752,0.635572871323168,482.661517934119,0.653742172303899,491.512649442876,243.14766131451066,Danube,7.0,7.5,46.201667,18.925202,61,0.26676786182730244,Danube
conc,Basin_Danube,Danube (whole basin),bonobo,EUS_329,0.181327846744364,0.229636198516857,752,0.635906486123193,482.928066043346,0.653015955046503,491.027122113601,364.59429848844223,Danube,7.0,7.3,45.852725,18.854517,61,0.2431032117897902,Danube
conc,Basin_Danube,Danube (whole basin),bonobo,EUS_330,0.189973293367791,0.226441925251532,752,0.638983417504177,485.298465460294,0.654482105284266,496.854191409678,109.97983223039108,Danube,7.0,5.5,45.551916,18.861546,46,0.11863048989334882,Danube
conc,Basin_Danube,Danube (whole basin),bonobo,EUS_331,0.188008676441166,0.23013895487383,752,0.639647759483103,485.733462683563,0.655598883300827,504.230721301355,0.06895019561891622,Danube,8.0,5.6,45.233889,19.383611,51,0.12173069218668442,Danube
conc,Basin_Danube,Danube (whole basin),bonobo,EUS_332,0.179044362859119,0.234063199846099,752,0.63435061046675,481.788594387794,0.649422747145143,493.115016619626,0.26445452347193765,Danube,7.0,8.0,46.235,20.150556,60,0.2299355925756725,Danube
conc,Basin_Danube,Danube (whole basin),bonobo,EUS_333,0.173235982699206,0.239770308687014,752,0.626369808861096,475.822229136277,0.64374443431959,508.812659458796,1.31039402460419,Danube,7.0,6.3,45.186667,20.311667,68,0.36881501151675394,Danube
conc,Basin_Danube,Danube (whole basin),bonobo,EUS_334,0.179507821244059,0.227015415042273,752,0.614173153039227,466.648329377835,0.62965968823925,570.499475697765,0.017159129783427034,Danube,6.0,4.1,45.860644,15.692446,54,0.19980543885376717,Danube
conc,Basin_Danube,Danube (whole basin),bonobo,EUS_335,0.180189568391852,0.233247815632267,752,0.621756135188492,472.048472557278,0.637632169417864,511.240638500775,8.435694440415716,Danube,6.0,4.2,44.87828,19.08364,54,0.19892547817665504,Danube
conc,Basin_Danube,Danube (whole basin),bonobo,EUS_336,0.182949808701444,0.232607466232179,752,0.628574117446698,477.308078698485,0.642784067419219,499.562821578532,2.636951026196499,Danube,7.0,4.2,44.795899,20.400902,50,0.13281902371366136,Danube
conc,Basin_Danube,Danube (whole basin),bonobo,EUS_337,0.179497966019019,0.236504938641451,752,0.635473954356882,482.645030235368,0.652771492942108,504.982486350468,0.9559112418742881,Danube,1.0,0.0,44.702222,20.955833,63,0.2585362200419216,Danube
conc,Basin_Danube,Danube (whole basin),bonobo,EUS_338,0.177511821061503,0.223621071839174,752,0.611916017525355,464.61754393737,0.626931226195371,484.537794314352,0.9408177949297143,Danube,6.0,0.0,43.7236111,21.373333,55,0.2276135794646571,Danube
conc,Basin_Danube,Danube (whole basin),bonobo,EUS_339,0.175447361400552,0.227982987433425,752,0.610843877980784,463.843115871108,0.626074874807049,497.96027309073,9.553333826816596,Danube,6.0,,44.601944,21.086389,57,0.28551111779641447,Danube
conc,Basin_Danube,Danube (whole basin),bonobo,EUS_340,0.184105085586348,0.232452795494147,752,0.639363023878774,485.486607589148,0.654748175903304,488.250285172942,0.4551191329159747,Danube,8.0,9.4,44.814167,21.330556,57,0.18997827266759842,Danube
conc,Basin_Danube,Danube (whole basin),bonobo,EUS_341,0.186273038559816,0.232465438849681,752,0.640239443396282,486.278215136475,0.655903546298546,502.170663360709,6.34254660284159,Danube,8.0,14.2,44.263889,22.679722,49,0.1412343229742989,Danube
conc,Basin_Danube,Danube (whole basin),bonobo,EUS_342,0.183653360790325,0.221479499860676,752,0.615116685270309,466.839678282523,0.627423526536568,463.095674738928,32.29465918042376,Danube,3.0,0.0,44.1630556,22.621388,46,0.13315045866184075,Danube
conc,Basin_Danube,Danube (whole basin),bonobo,EUS_343,0.185238526515575,0.233504664142177,752,0.641353310703523,487.071135030133,0.657446970713644,503.096007152416,0.8563272268275609,Danube,8.0,14.2,44.165278,22.785278,52,0.15864364242076615,Danube
conc,Basin_Danube,Danube (whole basin),bonobo,EUS_344,0.172005079641531,0.229173071658285,752,0.627222603366076,476.370233147701,0.645189065204599,492.544623612029,8.765844440844702,Danube,5.0,76.7,43.702407,24.455325,65,0.3628975871291429,Danube
conc,Basin_Danube,Danube (whole basin),bonobo,EUS_345,0.183051098836488,0.231930304375573,752,0.631128447646942,479.326244317477,0.645891244274831,489.755838488995,5.619926932436737,Danube,5.0,80.1,43.612455,25.589367,50,0.14816499802624378,Danube
conc,Basin_Danube,Danube (whole basin),bonobo,EUS_346,0.173911482350107,0.247229903481519,752,0.608971476333275,462.700613728612,0.623670880530744,571.785395470547,11.880271823027797,Danube,5.0,61.0,43.834338,25.936214,80,0.5484657255901723,Danube
conc,Basin_Danube,Danube (whole basin),bonobo,EUS_347,0.177645918136156,0.241459288869302,752,0.640040657429812,486.130017996532,0.655633561121378,519.241144121857,14.13574480125461,Danube,8.0,0.8,43.91078,26.066822,55,0.21123011308194606,Danube
conc,Basin_Danube,Danube (whole basin),bonobo,EUS_348,0.18027155342249,0.236506612148592,752,0.639027599791165,485.362284726092,0.65529533287819,523.542791722128,40.823576540220024,Danube,8.0,0.5,44.140467,27.031433,55,0.2178646573292677,Danube
conc,Basin_Danube,Danube (whole basin),bonobo,EUS_349,0.171723824851675,0.249701350076067,752,0.63542324092454,482.569545112354,0.645647659520996,591.248960068173,97.14936432667852,Danube,1.0,0.0,45.483273,28.182089,54,0.20880565297137352,Danube
conc,Basin_Danube,Danube (whole basin),bonobo,EUS_350,0.176807317195473,0.244226710699338,752,0.635412433497485,482.637398122568,0.648000276568039,552.219477001897,34.509132230772025,Danube,8.0,0.7,45.460833,28.251667,54,0.23210137207479803,Danube
conc,Basin_Danube,Danube (whole basin),bonobo,EUS_351,0.181336157541979,0.238792365942189,752,0.641069669425444,486.772084280202,0.65518414950609,525.757799459836,9.554443684740518,Danube,8.0,0.7,45.428611,29.279444,52,0.1980522018672421,Danube
conc,Basin_Danube,Danube (whole basin),bonobo,EUS_352,0.165938998519758,0.245693682402364,752,0.617801791580539,469.206517425449,0.647354799279569,645.798943376569,20.101829819234418,Danube,2.0,,45.834291,19.632112,50,0.24812838394610212,Danube
conc,Basin_Danube,Danube (whole basin),bonobo,EUS_353,0.176927113225326,0.239912852852923,752,0.623824882300025,473.563565683902,0.647416997488889,649.368388756559,1.6877675456980268,Danube,2.0,,45.86677,19.613436,38,0.07354573120923641,Danube
conc,Basin_Danube,Danube (whole basin),bonobo,EUS_354,0.190728516606661,0.232399120537337,752,0.633528215940861,480.861779352145,0.651419298966801,555.737927402761,1.567630243037741,Danube,2.0,0.0,45.882276,19.608185,33,-0.025563048983860154,Danube
conc,Basin_Danube,Danube (whole basin),bonobo,EUS_355,0.179742929344128,0.306432512968615,752,0.698650087171109,529.555052274119,0.715304925053286,1216.7207672854,4.686918958326008,Danube,3.0,,45.780402,19.579746,94,0.8805519682236888,Danube
conc,Basin_Danube,Danube (whole basin),bonobo,EUS_356,0.169807059306525,0.23460807387695,752,0.609141380589031,461.938752654422,0.632710593396309,585.330921216941,0.7091958358851725,Danube,3.0,0.0,45.569871,19.655458,60,0.2961188259976825,Danube
conc,Basin_Danube,Danube (whole basin),bonobo,EUS_357,0.189098728047028,0.222668317918542,752,0.62900351824184,477.489608131349,0.645651638997588,471.932021853327,0.37843392477264914,Danube,3.0,0.0,45.301246,19.743428,45,0.10737407859675956,Danube
conc,Basin_Danube,Danube (whole basin),bonobo,EUS_358,0.200753149775643,0.220856830069251,752,0.634195863953285,481.402868898776,0.648993968342531,494.865539039742,0.18775341319114539,Danube,3.0,,45.282738,19.814,33,-0.015177916948036855,Danube
conc,Basin_Danube,Danube (whole basin),bonobo,EUS_359,0.168290645949688,0.241709425353943,752,0.618844182686708,470.263909843755,0.630627180182035,625.901776776047,0.7313587373536804,Danube,4.0,,44.358347,21.0966,61,0.33737414749098443,Danube
conc,Basin_Danube,Danube (whole basin),bonobo,EUS_360,0.184989445392176,0.320910869011422,752,0.728363861465072,552.536148041351,0.748053691851734,1451.07957800221,10.146489162074996,Danube,4.0,,44.366765,21.096424,98,0.9912905824258197,Danube
conc,Basin_Danube,Danube (whole basin),bonobo,EUS_361,0.166014939208846,0.277717444225292,752,0.669958949943682,508.854662796527,0.686228495121606,955.609534710581,1.8407637766403262,Danube,4.0,0.0,44.344192,20.973996,83,0.6384621069001359,Danube
conc,Basin_Danube,Danube (whole basin),bonobo,EUS_362,0.16690550632514,0.280390109236201,752,0.679791423133447,516.481447139732,0.690335388131389,1034.95390269566,4.418057662229861,Danube,4.0,,44.344684,20.972656,85,0.6840183580401498,Danube
conc,Basin_Danube,Danube (whole basin),bonobo,EUS_363,0.207011620211969,0.229990959209826,752,0.649255971924805,492.805342336044,0.669907931830505,652.140509941599,0.23387309357343944,Danube,4.0,,44.344281,20.971995,17,-0.14023198194080821,Danube
conc,Basin_Danube,Danube (whole basin),bonobo,EUS_364,0.199680596859831,0.355326759762258,752,0.758310579706553,574.149598729308,0.761495150915272,2084.33659276313,21.453857909694438,Danube,3.0,,44.374812,20.825511,102,1.2404902746948634,Danube
conc,Basin_Danube,Danube (whole basin),bonobo,EUS_365,0.172675575027051,0.288712973505635,752,0.692476028997095,525.702846357374,0.715008354691209,1074.21624013468,1.5628687706666415,Danube,3.0,,44.368733,20.833973,91,0.7610545110626596,Danube
conc,Basin_Danube,Danube (whole basin),bonobo,EUS_366,0.177747617828012,0.306491625574129,752,0.705097560043013,535.434741969948,0.715678562935692,1209.30701517735,4.834557932307801,Danube,3.0,0.0,44.394422,20.745402,99,0.8604611845377214,Danube
conc,Basin_Danube,Danube (whole basin),bonobo,EUS_367,0.192247693155218,0.349271498117332,752,0.730038509436453,553.931092948353,0.727103492998567,1968.23052351349,92.0596687564631,Danube,7.0,4.2,44.921386,19.748796,100,1.2194249859116941,Danube
conc,Basin_Danube,Danube (whole basin),bonobo,EUS_368,0.161687529645859,0.252118565534938,752,0.608578307313914,462.225811508594,0.617849013935651,743.562340075881,2.204708654793122,Danube,1.0,0.0,44.994451,19.828862,68,0.43296491507137597,Danube
conc,Basin_Danube,Danube (whole basin),bonobo,EUS_369,0.191458735785804,0.235333401123749,752,0.637391015330064,483.871889632451,0.659801062233807,625.092839211191,2.010751433809881,Danube,1.0,0.0,45.0055,19.790131,26,-0.018631258823097338,Danube
conc,Basin_Danube,Danube (whole basin),bonobo,EUS_370,0.175996685840529,0.229284801718009,752,0.625648933156797,474.957907728291,0.647682560311846,498.596556716406,0.6409113351663563,Danube,3.0,,45.554139,19.681472,62,0.30285915090090854,Danube
conc,Basin_Danube,Danube (whole basin),bonobo,EUS_371,0.180292731258981,0.225547369954697,752,0.621419370826151,472.000769414583,0.640488107585069,475.922636362287,1.0506686596018544,Danube,2.0,0.0,45.7365,19.13925,52,0.19477267850469687,Danube
conc,Basin_Danube,Danube (whole basin),bonobo,EUS_376,0.178388273412463,0.272818853640976,752,0.659203388111231,500.165727039476,0.676191200896134,662.389293406654,0.040445367783267745,Danube,1.0,0.0,48.456463,10.965202,35,0.06353959083342609,Danube
conc,Basin_Danube,Danube (whole basin),bonobo,EUS_377,0.176312568043587,0.267998705774135,752,0.65384529519952,495.60975081574,0.668478804277191,665.148308586973,0.08573552729391933,Danube,1.0,0.0,48.424693,12.72698,34,0.10658079815044255,Danube
conc,Basin_Danube,Danube (whole basin),bonobo,EUS_378,0.204781193523245,0.239255925160466,752,0.652357784279415,494.943919315046,0.666028731400012,663.324747996819,0.009508945059313236,Danube,1.0,0.0,48.414723,10.942116,16,-0.13764301377682472,Danube
conc,Basin_Danube,Danube (whole basin),bonobo,EUS_379,0.17141757266176,0.244898906844526,752,0.608422343061253,462.188228412786,0.626371643010031,557.40648702226,0.20090146035999687,Danube,1.0,,48.420842,12.728327,47,0.2404655756188376,Danube
conc,Basin_Danube,Danube (whole basin),bonobo,EUS_380,0.174435492490994,0.265490409361017,752,0.645343999656744,489.633720464626,0.661235875343562,653.441933441463,0.11947653902586271,Danube,1.0,0.0,48.631298,12.899675,40,0.12822507657995796,Danube
conc,Basin_Rhine,Rhine (whole basin),bonobo,EUS_014,0.203179868362231,0.260616702923029,617,0.783946618976041,484.633885414099,0.788422791640143,515.0689187423,0.002056333096305602,Rhine,,,,,9,-0.2233422035541681,Rhine
conc,Basin_Rhine,Rhine (whole basin),bonobo,EUS_015,0.192637252472679,0.263820860661521,617,0.779851544934818,482.106522449277,0.785144579899197,513.940868293469,0.006033467356809405,Rhine,,,,,21,-0.13285941512191046,Rhine
conc,Basin_Rhine,Rhine (whole basin),bonobo,EUS_016,0.183554056192335,0.256877716043911,617,0.752751712148426,465.387597866938,0.760868619737292,424.092258783136,0.0825766630834744,Rhine,,,,,33,-0.017921427083651232,Rhine
conc,Basin_Rhine,Rhine (whole basin),bonobo,EUS_017,0.196421399900151,0.263586279976556,617,0.784016450115514,484.67587478382,0.791623098080522,505.168669508659,0.00852065645200173,Rhine,4.0,100.0,47.061138,7.630828,17,-0.1678109329460876,Rhine
conc,Basin_Rhine,Rhine (whole basin),bonobo,EUS_070,0.168029533553525,0.271118782297363,617,0.763976939447294,472.858216485527,0.774960536339342,556.484480969561,0.2717501649712542,Rhine,4.0,100.0,47.061138,7.630828,67,0.3890931220222177,Rhine
conc,Basin_Rhine,Rhine (whole basin),bonobo,EUS_071,0.195563650290486,0.257040740520958,617,0.776456733504675,480.504062580627,0.779934690879824,487.029966678317,0.11601347964812476,Rhine,6.0,94.9,47.264483,7.823449,17,-0.14581242042795856,Rhine
conc,Basin_Rhine,Rhine (whole basin),bonobo,EUS_072,0.172238640552771,0.255292883996206,617,0.747176369469638,462.363764098699,0.758963359028084,438.774946559648,0.20006019075268466,Rhine,6.0,95.0,47.266159,7.828628,50,0.16414822046049704,Rhine
conc,Basin_Rhine,Rhine (whole basin),bonobo,EUS_073,0.177963625017705,0.254968854785658,617,0.747849498592388,462.852934616898,0.75017686316989,454.55470855174,0.06982408821560927,Rhine,2.0,100.0,47.4156775716131,9.19848898749848,31,0.03171429085158681,Rhine
conc,Basin_Rhine,Rhine (whole basin),bonobo,EUS_074,0.162719032062974,0.279570315812761,617,0.775118099523507,479.730696147591,0.780269558406249,634.281005244642,1.6844311876893527,Rhine,2.0,100.0,47.415744,9.198482,65,0.43689890401047227,Rhine
conc,Basin_Rhine,Rhine (whole basin),bonobo,EUS_075,0.169713955550915,0.300033619635812,617,0.806554657869761,499.119874095496,0.805137129872514,770.654369285738,1.8110981351576163,Rhine,2.0,100.0,47.445835,9.152919,78,0.623743503460184,Rhine
conc,Basin_Rhine,Rhine (whole basin),bonobo,EUS_076,0.180365436359805,0.293573871470114,617,0.782662897820204,484.386749522662,0.781822599119304,674.7654712049,1.24323109564674,Rhine,3.0,100.0,47.569311,8.47944,87,0.6236893739143513,Rhine
conc,Basin_Rhine,Rhine (whole basin),bonobo,EUS_077,0.201554704793263,0.326763430526076,617,0.810768960208622,501.713341193257,0.808364474083802,823.42916563822,1.1391080966846487,Rhine,4.0,100.0,47.437823,8.352392,99,0.8715166163683141,Rhine
conc,Basin_Rhine,Rhine (whole basin),bonobo,EUS_078,0.183528183808815,0.251786906619565,617,0.742937108425745,459.672546957978,0.750732453723362,413.134894693567,0.20822908767355883,Rhine,2.0,100.0,47.402115,8.408079,32,-0.001693975497789338,Rhine
conc,Basin_Rhine,Rhine (whole basin),bonobo,EUS_084,0.170345191912247,0.269903708752773,617,0.752994603930267,465.347559393286,0.758084476999508,544.758961213253,0.2579073783538736,Rhine,,0.0,52.042027,5.109697,72,0.44892244755617494,Rhine
conc,Basin_Rhine,Rhine (whole basin),bonobo,EUS_111,0.167879752144311,0.280516812856596,617,0.783897012181312,485.145283572086,0.78006408294184,657.91331350462,9.799230786720548,Rhine,1.0,,50.810022,6.1050229,74,0.4817578037569467,Rhine
conc,Basin_Rhine,Rhine (whole basin),bonobo,EUS_112,0.185155600550399,0.31949524979788,617,0.837817514160705,518.398982279644,0.829341866809732,991.94382046634,68.01550349775431,Rhine,1.0,0.0,50.797846,6.079448,91,0.7833868865531464,Rhine
conc,Basin_Rhine,Rhine (whole basin),bonobo,EUS_113,0.163547889343882,0.27517479905102,617,0.782277706131894,484.117869669538,0.784061785032789,623.592621122291,9.723497569381728,Rhine,3.0,32.9,50.797832,6.229975,66,0.39034543073399086,Rhine
conc,Basin_Rhine,Rhine (whole basin),bonobo,EUS_114,0.176059957078586,0.319012505900973,617,0.834398808467295,516.30788949311,0.831266076336933,950.156809561552,57.54312460049475,Rhine,3.0,32.9,50.798113,6.230543,86,0.7322622819092515,Rhine
conc,Basin_Rhine,Rhine (whole basin),bonobo,EUS_115,0.173674681242434,0.301800028699891,617,0.812131712799697,502.522189511707,0.818349485743413,780.190127565225,37.03872319692765,Rhine,2.0,85.3,50.810022,6.105228,84,0.6468367430482106,Rhine
conc,Basin_Rhine,Rhine (whole basin),bonobo,EUS_116,0.160737833631688,0.276711320824861,617,0.769461471386597,475.702608045633,0.781756435779831,672.084755920098,14.046875527594047,Rhine,2.0,85.3,50.811671,6.105135,65,0.41517039417773016,Rhine
conc,Basin_Rhine,Rhine (whole basin),bonobo,EUS_218,0.184134612722562,0.263685314705682,617,0.768073808520911,475.158972366821,0.77024561172603,517.155693343477,0.17477425471873081,Rhine,,87.3,52.248188,5.053219,23,-0.1268484387201533,Rhine
conc,Basin_Rhine,Rhine (whole basin),bonobo,EUS_221,0.205745319446777,0.343529327697523,617,0.823466440246515,509.373249552894,0.819756909089477,1052.71181241594,3.4273090431207827,Rhine,3.0,87.3,52.248439,5.051222,104,0.8761306462764302,Rhine
conc,Basin_Rhine,Rhine (whole basin),bonobo,EUS_238,0.204803328087804,0.317735542035556,617,0.787970907308886,487.637481587547,0.795188784104005,773.46340920681,0.5203916786272432,Rhine,7.0,,51.471187,6.688798,108,0.7465149678125002,Rhine
conc,Basin_Rhine,Rhine (whole basin),bonobo,EUS_239,0.219242691698791,0.329464027446911,617,0.81308423993342,502.914947151853,0.817938364638625,848.687861661902,0.7075570565976357,Rhine,1.0,,51.479476,6.678543,113,0.8681634834389511,Rhine
conc,Basin_Rhine,Rhine (whole basin),bonobo,EUS_258,0.211781571992144,0.256620542185306,617,0.785644761586073,486.164495377966,0.790303056214325,520.342451580095,2.9777677462522905e-05,Rhine,4.0,8.4,50.29727,10.107735,3,-0.2737237434345081,Rhine
conc,Basin_Rhine,Rhine (whole basin),bonobo,EUS_259,0.211008361735694,0.258691628837199,617,0.790854504100647,489.355695135766,0.79720767838169,525.865067449169,5.9489411805908735e-05,Rhine,4.0,8.4,50.297581,10.106185,5,-0.2742121890127483,Rhine
conc,Basin_Rhine,Rhine (whole basin),bonobo,EUS_260,0.203335288981777,0.260509850529452,617,0.778281007860937,481.610691795836,0.781691792256801,493.064637368992,0.0022182391666683773,Rhine,4.0,8.4,50.297526,10.106084,10,-0.22298145846475265,Rhine
conc,Basin_Rhine,Rhine (whole basin),bonobo,EUS_261,0.167210959381045,0.264545897486964,617,0.741816139438689,459.160044858863,0.781693704940988,475.809506032109,4.0830932676915594,Rhine,4.0,8.4,50.297348,10.106423,51,0.2007315602526016,Rhine
conc,Basin_Rhine,Rhine (whole basin),bonobo,EUS_262,0.180589665276738,0.27172319396962,617,0.767440026367953,474.947695058822,0.767545554430496,496.034840849818,0.05425379374107739,Rhine,4.0,8.4,50.297559,10.108078,26,-0.033643189947931335,Rhine
conc,Basin_Rhine,Rhine (whole basin),bonobo,EUS_263,0.167797378077781,0.264519644648474,617,0.742682943798287,459.694843963707,0.77963297195672,470.138087713179,2.983053925879152,Rhine,4.0,8.4,50.2885,10.102729,51,0.19607107030072626,Rhine
conc,Basin_Rhine,Rhine (whole basin),bonobo,EUS_264,0.167186549225572,0.263972326258188,617,0.740234152719305,458.172486737485,0.789839390587,484.235474249119,3.3919788550541154,Rhine,4.0,8.4,50.290859,10.100588,51,0.19931965210890887,Rhine
conc,Basin_Rhine,Rhine (whole basin),bonobo,EUS_265,0.198397393081125,0.263962771104055,617,0.788552650007703,487.958701343249,0.793673015283702,523.738236404379,0.05720908742014246,Rhine,1.0,0.0,50.016425,10.229141,12,-0.20074439882298592,Rhine
conc,Basin_Rhine,Rhine (whole basin),bonobo,EUS_266,0.198012546021388,0.264811467640363,617,0.788516725905504,487.875655496225,0.793748410461451,522.303552627173,0.07298572128985767,Rhine,1.0,,50.017327,10.228221,13,-0.19447930797748847,Rhine
conc,Basin_Rhine,Rhine (whole basin),bonobo,EUS_375,0.168130576752988,0.278930606474982,617,0.770989774797411,477.128261240909,0.780151880061104,494.563695310883,0.2099030831360593,Rhine,1.0,0.0,48.740521,8.135913,52,0.2162184061774581,Rhine
conc,Basin_Rhine,Rhine (whole basin),bonobo,EUS_381,0.199867630753518,0.263435254950724,617,0.786939019336011,486.986838782247,0.792791320693623,517.401220005814,0.023737978077579908,Rhine,1.0,0.0,50.364697,8.988803,13,-0.17499634298502859,Rhine
conc,Basin_Rhine,Rhine (whole basin),bonobo,EUS_382,0.177476358591853,0.284614775633437,617,0.788030702108802,487.635191928944,0.794727824020841,524.596708707704,0.0023220090458224325,Rhine,1.0,0.0,50.414425,8.882782,29,-0.0014307197469473297,Rhine
conc,Basin_Rhine,Rhine (whole basin),bonobo,EUS_383,0.171218035805078,0.28414210387566,617,0.76850753040214,475.611816886065,0.782029606448788,513.515668024516,0.13927946653270754,Rhine,1.0,0.0,50.4097711,8.9239639,35,0.09211347960094657,Rhine
conc,Basin_Rhine,Rhine (whole basin),bonobo,EUS_387,0.207716117684076,0.263662465475765,617,0.791943868039242,490.075149120768,0.798513090872104,532.99909916409,0.00020826418895593558,Rhine,1.0,0.0,52.159343,10.821136,4,-0.24002000182175992,Rhine
conc,Basin_Rhine,Rhine (whole basin),bonobo,EUS_388,0.207068564986133,0.263667543052013,617,0.790985418523698,489.483764104035,0.797184608966611,529.397521125374,0.00913766892791609,Rhine,1.0,,52.165596,10.832034,5,-0.23663014671361318,Rhine
conc,Basin_Rhine,Rhine (whole basin),bonobo,EUS_392,0.176370140571079,0.284253028043727,617,0.78336137321646,484.774061345803,0.788009595361761,521.86815680147,0.005382811251466463,Rhine,1.0,,52.388738,7.196858,31,0.024547929799528915,Rhine
conc,Basin_Rhine,Rhine (whole basin),bonobo,EUS_393,0.194414445931395,0.272858750419052,617,0.789615836026094,488.629915270346,0.795313195601715,523.844577692001,0.002389564463395213,Rhine,1.0,0.0,52.175367,10.684714,14,-0.14656462754372176,Rhine
conc,Basin_Rhine,Rhine (whole basin),bonobo,EUS_400,0.167676732822017,0.269176634554404,617,0.724375680640581,448.328517102442,0.744098530219913,527.195594245498,0.06649918603583888,Rhine,1.0,,50.654141,6.636399,58,0.3423544445681735,Rhine
conc,Basin_Rhine,Rhine (whole basin),bonobo,EUS_401,0.180366568487654,0.277828228277738,617,0.78841789485476,487.896470513149,0.792460326896497,531.265165996034,0.009816554195034488,Rhine,2.0,,51.575396,6.356239,27,-0.008854221336034942,Rhine
conc,Basin_Rhine,Rhine (whole basin),bonobo,EUS_402,0.170223633331298,0.284395262986014,617,0.778738827283804,481.927718814634,0.783513135715576,512.13203457172,0.025334682834736045,Rhine,1.0,,50.666319,6.554531,44,0.1399930442992833,Rhine
conc,Basin_Rhine,Rhine (whole basin),bonobo,EUS_403,0.167276715008236,0.287074356356449,617,0.779518334821386,482.247532886222,0.784976282696841,546.830235770346,0.38073184117626707,Rhine,1.0,1.4,49.077422,7.982825,37,0.11236140472774349,Rhine
conc,Basin_Rhine,Rhine (whole basin),bonobo,EUS_404,0.20157630757849,0.260367525800124,617,0.782243514539921,484.016351851715,0.789976489069147,493.631358330492,0.36728952246433566,Rhine,1.0,,49.236277,8.075976,14,-0.1967144540208739,Rhine
conc,Basin_Rhine,Rhine (whole basin),bonobo,EUS_405,0.203222327125035,0.266125598912784,617,0.79141196317598,489.679535329697,0.797576402292343,529.425559522741,0.1747995504276756,Rhine,1.0,14.9,49.238858,8.049594,8,-0.22137619048115195,Rhine
conc,Basin_Rhine,Rhine (whole basin),bonobo,EUS_406,0.163476286144857,0.278250241930017,617,0.715196242002275,442.648202894545,0.726508426804613,580.148232948634,2.4176930690838385,Rhine,1.0,,49.482365,8.19556,57,0.28143511923072273,Rhine
conc,Basin_Rhine,Rhine (whole basin),bonobo,EUS_407,0.205334530306878,0.261900397823178,617,0.788078787046587,487.690256060586,0.795536290045414,520.833702489012,0.0016728804186640794,Rhine,1.0,0.0,49.458909,8.097652,8,-0.2321802160735503,Rhine
conc,Basin_Rhine,Rhine (whole basin),bonobo,EUS_408,0.16870215437562,0.294966109615669,617,0.757195857063143,468.632987125145,0.780828515399637,488.213726522116,0.9531299093415642,Rhine,1.0,0.0,49.150369,8.052006,60,0.4599877131135774,Rhine
conc,Basin_Rhine,Rhine (whole basin),bonobo,EUS_409,0.20159638376963,0.261905526385248,617,0.777795583013273,481.345779037787,0.786841288123759,495.130221588833,0.010640690619452232,Rhine,1.0,0.0,49.173553,7.95339,11,-0.21323639919014462,Rhine
conc,Basin_Rhine,Rhine (whole basin),bonobo,EUS_410,0.164808431032872,0.289048930424931,617,0.754053826571258,466.673165293104,0.779941593069393,506.953230820349,1.0646528881909758,Rhine,1.0,,49.139221,8.063434,50,0.394050838756549,Rhine
conc,Basin_Rhine,Rhine (whole basin),bonobo,EUS_411,0.208656541298804,0.26146548331358,617,0.789100646864584,488.319137071322,0.797278852576748,519.222494166966,0.000121188559719258,Rhine,1.0,,49.140397,7.986364,5,-0.2591260299967922,Rhine
conc,Basin_Rhine,Rhine (whole basin),bonobo,EUS_412,0.180710490253566,0.269015011785202,617,0.769161046692768,476.005911709767,0.775220924347611,488.530666527818,0.0029340079179109935,Rhine,1.0,0.0,49.302446,8.147199,34,-0.039007324556123366,Rhine
conc,Basin_Rhine,Rhine (whole basin),bonobo,EUS_413,0.207207111803425,0.264156340607799,617,0.790422937319765,489.136908187529,0.797898802072136,530.655403178202,0.0033875755635067195,Rhine,1.0,,49.305376,8.079338,5,-0.25466808098055693,Rhine
conc,Basin_Rhine,Rhine (whole basin),bonobo,EUS_414,0.188459245055641,0.268835216913823,617,0.781305384730977,483.497315433848,0.784679996951997,515.867207786164,17.291982922811922,Rhine,1.0,13.1,49.258726,8.118499,22,-0.10455140852418132,Rhine
conc,Basin_Rhine,Rhine (whole basin),bonobo,EUS_415,0.20541537841146,0.261950903058755,617,0.779384118232949,482.325670254658,0.79055361748428,530.459200291629,0.18722237093132382,Rhine,1.0,0.0,49.265806,8.056276,7,-0.24006925198288281,Rhine
conc,Basin_Rhine,Rhine (whole basin),bonobo,EUS_416,0.167028358489762,0.273423567461684,617,0.735249212679388,454.985138256753,0.739907930640254,692.0880168287,5.791904571162355,Rhine,1.0,1.4,49.068706,8.005802,74,0.5138192490671403,Rhine
conc,Basin_Rhine,Rhine (whole basin),bonobo,EUS_417,0.209919020568829,0.261308451667583,617,0.792532570456417,490.34937848501,0.799489611089447,532.242337911191,0.0001189552028907174,Rhine,1.0,5.5,49.07187,7.948855,4,-0.2734656910018177,Rhine
conc,Basin_Rhine,Rhine (whole basin),bonobo,EUS_418,0.165896911496833,0.283057079751502,617,0.764391173667749,473.073020688244,0.772317524889994,497.332708088312,0.44878422612767915,Rhine,1.0,5.5,49.046771,7.986717,53,0.2749189017275695,Rhine
conc,Basin_Rhine,Rhine (whole basin),bonobo,EUS_419,0.207377061571638,0.263188347525961,617,0.791988282712464,490.101620529871,0.79869114166335,530.47439079851,0.00028785538393106294,Rhine,1.0,5.5,49.061533,7.947752,6,-0.2542939764963305,Rhine
conc,Basin_Rhine,Rhine (whole basin),bonobo,EUS_420,0.201544750091575,0.266493926323398,617,0.788408124550054,487.880299448884,0.79410266110922,518.087259217407,0.0005671532594996934,Rhine,1.0,,49.28122,8.113479,11,-0.19989915396881744,Rhine
conc,Basin_Rhine,Rhine (whole basin),bonobo,EUS_421,0.199142379230232,0.271013308347232,617,0.790739788661153,489.331915973445,0.796977698050904,525.746934560558,0.002607511607480342,Rhine,1.0,0.0,49.281804,8.093535,10,-0.19487099968267044,Rhine
conc,Basin_Tajo,Tajo (whole basin),bonobo,EUS_117,0.216938607087231,0.339954754443909,185,0.892503781365652,167.003402593623,0.90978522126012,156.12419383498,0.10499658685273316,Tajo,1.0,,38.863967,-9.2119261,41,0.02809674360299555,Tajo
conc,Basin_Tajo,Tajo (whole basin),bonobo,EUS_118,0.22001088394865,0.339965303160078,185,0.8995950376202,168.313732582215,0.9151933708708,165.697621046546,0.11330893772568083,Tajo,2.0,,38.8955487,-9.1223141,38,0.02268795076314425,Tajo
conc,Basin_Tajo,Tajo (whole basin),bonobo,EUS_119,0.23432511486661,0.33684277725672,185,0.901829499536987,168.685573005686,0.918800309507581,168.348099799662,0.08955934407537026,Tajo,2.0,5.7,39.0021877,-9.0013196,22,-0.10479724380082618,Tajo
conc,Basin_Tajo,Tajo (whole basin),bonobo,EUS_120,0.244101600810048,0.329652106049759,185,0.90509858116266,169.331323820529,0.924072403406065,173.672330587456,0.05015794074966663,Tajo,2.0,5.7,39.0052126,-8.9942453,12,-0.18688714066031265,Tajo
conc,Basin_Tajo,Tajo (whole basin),bonobo,EUS_121,0.220449355287652,0.334765928670138,185,0.900872365320355,168.549534198379,0.917245026221036,167.753366510713,0.1439148466034754,Tajo,2.0,0.7,39.0872117,-8.9381014,39,0.07707326883432042,Tajo
conc,Basin_Tajo,Tajo (whole basin),bonobo,EUS_122,0.212036717507178,0.331859940035209,185,0.88946343714577,166.44040881068,0.912334606192678,164.709521099201,0.1873351579219728,Tajo,2.0,0.0,39.1790592,-8.4078417,59,0.24979790303707883,Tajo
conc,Basin_Tajo,Tajo (whole basin),bonobo,EUS_123,0.219698052345147,0.344742441769799,185,0.895768864137022,167.582052069873,0.918435102181441,160.826030738361,0.34686771100626246,Tajo,3.0,,39.1671329,-8.4937787,71,0.41386840771897015,Tajo
conc,Basin_Tajo,Tajo (whole basin),bonobo,EUS_124,0.204783144061848,0.334850366754638,185,0.894377184536818,167.350799701331,0.915734793821507,177.050253110188,0.09733421878784046,Tajo,3.0,,39.1575595,-8.5075898,45,0.19587771768206436,Tajo
conc,Basin_Tajo,Tajo (whole basin),bonobo,EUS_125,0.210077135468114,0.330887831608744,185,0.891484088425364,166.8135506939,0.908729337591398,164.723649254836,0.2022846221506106,Tajo,2.0,,39.1904455,-8.4222504,47,0.1606140466697708,Tajo
conc,Basin_Tajo,Tajo (whole basin),bonobo,EUS_126,0.203091068037359,0.330213161142446,185,0.863320438976482,161.574434590383,0.919850770034224,198.429038737623,0.257356195381977,Tajo,2.0,0.0,39.236697,-8.3527033,51,0.21242027009996234,Tajo
conc,Basin_Tajo,Tajo (whole basin),bonobo,EUS_127,0.220367852473431,0.338164724704781,185,0.904504730496039,169.136032413129,0.923117504373074,172.615365153457,0.13919974533992446,Tajo,2.0,,38.7679619,-8.6173346,28,-0.01296742507375749,Tajo
conc,Basin_Tajo,Tajo (whole basin),bonobo,EUS_128,0.23418183597789,0.34643029197355,185,0.904978752175954,169.29666883922,0.923890958163171,173.447674914432,0.0024340435787065036,Tajo,2.0,,38.8074798,-8.6343414,19,-0.13092946186645768,Tajo
conc,Basin_Tajo,Tajo (whole basin),bonobo,EUS_129,0.251045625504589,0.341269215596052,185,0.894531021880348,167.33656797887,0.924743104225113,188.917600812189,1.0348236219218667,Tajo,3.0,,38.8487474,-8.7188473,87,0.6672922791598567,Tajo
conc,Basin_Tajo,Tajo (whole basin),bonobo,EUS_130,0.236799179802068,0.347325933752694,185,0.903581855722287,169.035911241275,0.921663390252172,171.129396588195,0.02497353549496207,Tajo,4.0,,38.9958899,-8.2865985,17,-0.11204705466983356,Tajo
conc,Basin_Tajo,Tajo (whole basin),bonobo,EUS_131,0.219601393810466,0.350209246834645,185,0.901440933346876,168.656685951076,0.918195911635525,168.225305139018,0.07589787384784344,Tajo,5.0,,38.9558374,-8.5290317,38,0.0823008638730971,Tajo
conc,Basin_Tajo,Tajo (whole basin),bonobo,EUS_132,0.228789632923974,0.334575535051925,185,0.902326270758463,168.821806488476,0.919584461089529,169.4379211372,0.06595712339769695,Tajo,2.0,,39.0296269,-8.3658597,32,-0.043888096557099604,Tajo
conc,Basin_Tajo,Tajo (whole basin),bonobo,EUS_133,0.226512055193715,0.341250340264106,185,0.901195880632296,168.612183897113,0.917792143401191,169.26863647627,0.0679320928937891,Tajo,3.0,,39.2256119,-8.0320844,29,-0.011363747574065684,Tajo
conc,Basin_Tajo,Tajo (whole basin),bonobo,EUS_134,0.253260262732864,0.331305044147931,185,0.905169740561585,169.309444835094,0.924195741859604,173.504720460434,0.0017835021959187103,Tajo,3.0,,39.35624,-7.824824,6,-0.245864891481118,Tajo
conc,Basin_Tajo,Tajo (whole basin),bonobo,EUS_135,0.227640003617567,0.338334656438681,185,0.899937071347792,168.365200592349,0.915767419180999,166.019066919562,0.3290775032137344,Tajo,1.0,,39.3309468,-7.9855888,30,-0.05498091566436235,Tajo
conc,Basin_Tajo,Tajo (whole basin),bonobo,EUS_136,0.236144874501835,0.339435630721751,185,0.90403459542852,169.13769572395,0.922349548312624,172.308717778425,0.07279240078288234,Tajo,1.0,,39.3266375,-7.9896916,20,-0.12326081362298741,Tajo
conc,Basin_Tajo,Tajo (whole basin),bonobo,EUS_137,0.242099027714883,0.333340121999109,185,0.903216689950235,169.010731231151,0.921046073554561,172.888238514627,0.0172952982700311,Tajo,3.0,,39.2130731,-7.7870093,13,-0.18454316722728753,Tajo
conc,Basin_Tajo,Tajo (whole basin),bonobo,EUS_138,0.229944666142141,0.340514735443397,185,0.901830806322194,168.756395073969,0.918806078941287,169.953258031936,0.2528650312829823,Tajo,3.0,,39.0706532,-7.6511694,23,-0.08562091621076097,Tajo
conc,Basin_Tajo,Tajo (whole basin),bonobo,EUS_139,0.210736822022598,0.328156407509253,185,0.893943826811908,167.284899886727,0.908782666769482,169.782105022224,0.03376464464568465,Tajo,2.0,,39.0245449,-7.5054171,47,0.16375020479445385,Tajo
conc,Basin_Tajo,Tajo (whole basin),bonobo,EUS_140,0.268368549205726,0.433420025897987,185,0.942416611303555,176.264886958117,0.939452586510711,340.433200445654,2.8148029808363573,Tajo,2.0,0.0,39.4037697,-7.5196238,96,0.8606582260389397,Tajo
conc,Basin_Tajo,Tajo (whole basin),bonobo,EUS_141,0.255963157652953,0.432280986987122,185,0.944438515831834,176.63924527532,0.942655286537346,348.71319494613,2.9018801068199784,Tajo,2.0,,39.5736053,-7.6547744,90,0.8215032688492699,Tajo
conc,Basin_Tajo,Tajo (whole basin),bonobo,EUS_142,0.21184047236788,0.326952708142465,185,0.878925976707414,164.514726882959,0.904100948325296,180.39209036824,0.03238636771265903,Tajo,1.0,0.0,39.4730053,-7.8643927,44,0.09290559346617956,Tajo
conc,Basin_Tajo,Tajo (whole basin),bonobo,EUS_143,0.202743301630363,0.332430036951694,185,0.872344332375452,163.296900978746,0.909975188526781,188.699976497691,0.03604660088921884,Tajo,2.0,0.0,39.4399489,-8.3341407,45,0.18315284111537083,Tajo
conc,Basin_Basque_Country_internal_basins,Basque Country internal basins (whole basin),bonobo,EUS_189,0.342975999725972,0.294380875337106,125,0.907721969963471,113.465246245434,0.914110702613458,119.335620322342,0.010023068321891454,Basque Country internal basins,,,43.405239,-2.695173,9,-0.22756603813646475,Basque Country internal basins
conc,Basin_Basque_Country_internal_basins,Basque Country internal basins (whole basin),bonobo,EUS_190,0.315111650570423,0.299635166469104,125,0.903472081263446,112.934010157931,0.909700619846301,114.454407891312,0.03727223810975941,Basque Country internal basins,2.0,,43.381641,-2.680837,27,-0.021668782265930255,Basque Country internal basins
conc,Basin_Basque_Country_internal_basins,Basque Country internal basins (whole basin),bonobo,EUS_191,0.29773969078699,0.298916381713395,125,0.893756505078538,111.719563134817,0.897205302172664,106.476967798173,0.23342304704045702,Basque Country internal basins,,,43.395082,-2.682708,49,0.226838924562839,Basque Country internal basins
conc,Basin_Basque_Country_internal_basins,Basque Country internal basins (whole basin),bonobo,EUS_192,0.336187049974614,0.288358100757625,125,0.905781832645089,113.222729080636,0.91167560569137,116.849134335514,0.011076292087331463,Basque Country internal basins,2.0,,43.375878,-2.680286,16,-0.14963276917594037,Basque Country internal basins
conc,Basin_Basque_Country_internal_basins,Basque Country internal basins (whole basin),bonobo,EUS_193,0.336489930366514,0.287826625258565,125,0.903619975694424,112.952496961803,0.909120245560292,115.375503604731,0.00893980769407048,Basque Country internal basins,,,43.3808166666667,-3.07655,16,-0.15687787394562816,Basque Country internal basins
conc,Basin_Basque_Country_internal_basins,Basque Country internal basins (whole basin),bonobo,EUS_194,0.325001807183883,0.291925929026973,125,0.903940644346128,112.992580543266,0.909917479973361,115.599243746018,0.023527535832081056,Basque Country internal basins,5.0,,43.334,-3.02263888888889,22,-0.07255351633253378,Basque Country internal basins
conc,Basin_Basque_Country_internal_basins,Basque Country internal basins (whole basin),bonobo,EUS_195,0.293323588115412,0.304780704672178,125,0.889876354165804,111.234544270725,0.901958690820815,112.710382824619,1.808443897199938,Basque Country internal basins,5.0,,43.3139944444444,-2.99271388888889,66,0.4525175904834298,Basque Country internal basins
conc,Basin_Basque_Country_internal_basins,Basque Country internal basins (whole basin),bonobo,EUS_196,0.312083772153172,0.323446195744251,125,0.902144273751194,112.768034218899,0.91746740464374,128.568434363234,3.638101234451515,Basque Country internal basins,5.0,16.9,43.3027861111111,-2.98001666666667,84,0.7155334921155984,Basque Country internal basins
conc,Basin_Basque_Country_internal_basins,Basque Country internal basins (whole basin),bonobo,EUS_197,0.297942645275181,0.297853037821218,125,0.900266077449272,112.533259681159,0.905257033657193,111.304288175533,0.0974840798357955,Basque Country internal basins,5.0,14.5,43.2879555555556,-2.97103333333333,55,0.29914858860837573,Basque Country internal basins
conc,Basin_Basque_Country_internal_basins,Basque Country internal basins (whole basin),bonobo,EUS_198,0.294454374988486,0.301619311973304,125,0.882812437946506,110.351554743313,0.886946318461398,103.895882589163,2.122562737527517,Basque Country internal basins,5.0,14.5,43.265575,-2.92703888888889,59,0.36345283992054783,Basque Country internal basins
conc,Basin_Basque_Country_internal_basins,Basque Country internal basins (whole basin),bonobo,EUS_199,0.314622684482144,0.299042348078678,125,0.904562413612898,113.070301701612,0.911090635253205,115.43121746334,0.10424810519944058,Basque Country internal basins,2.0,,43.381641,-2.680837,29,0.0030376322819766224,Basque Country internal basins
conc,Basin_Basque_Country_internal_basins,Basque Country internal basins (whole basin),bonobo,EUS_222,0.337376503217983,0.29276768072703,125,0.904930785525357,113.11634819067,0.910891964788819,116.529403925547,1.0721249486310391,Basque Country internal basins,3.0,,43.409309,-2.944523,14,-0.190706184355679,Basque Country internal basins
conc,Basin_Basque_Country_internal_basins,Basque Country internal basins (whole basin),bonobo,EUS_223,0.299711020708306,0.291984974268017,125,0.893421919175368,111.677739896921,0.896915054797224,104.947012554173,0.21052504837092184,Basque Country internal basins,1.0,,43.356228,-2.849521,53,0.14853532916491582,Basque Country internal basins
conc,Basin_Basque_Country_internal_basins,Basque Country internal basins (whole basin),bonobo,EUS_224,0.282120894205925,0.310457071182906,125,0.887684610366745,110.960576295843,0.905938247847546,114.759004775632,1.3683137725640973,Basque Country internal basins,3.0,15.2,43.1796,-2.663014,63,0.3805794102571682,Basque Country internal basins
conc,Basin_Basque_Country_internal_basins,Basque Country internal basins (whole basin),bonobo,EUS_225,0.293923430117706,0.295052093165885,125,0.887567059630083,110.94588245376,0.890084244469296,106.522142387253,1.3375537385035057,Basque Country internal basins,3.0,8.9,43.302808,-2.999262,66,0.3234654315595244,Basque Country internal basins
conc,Basin_Basque_Country_internal_basins,Basque Country internal basins (whole basin),bonobo,EUS_226,0.32676584314036,0.28731555361605,125,0.89689569018027,112.111961272534,0.900888578333118,108.963767443591,1.4896519046354633,Basque Country internal basins,,,43.409395,-2.934284,23,-0.10305351265760464,Basque Country internal basins
conc,Basin_Basque_Country_internal_basins,Basque Country internal basins (whole basin),bonobo,EUS_227,0.300429497431947,0.294767990065034,125,0.894197920497765,111.774740062221,0.90027582989251,106.358004604458,0.3604060739575866,Basque Country internal basins,3.0,,43.367686,-2.853625,75,0.3767638596895439,Basque Country internal basins
conc,Basin_Basque_Country_internal_basins,Basque Country internal basins (whole basin),bonobo,EUS_228,0.296012915269535,0.291538589386494,125,0.89265789687903,111.582237109879,0.897407639013039,107.166016277133,0.32406187465245084,Basque Country internal basins,3.0,24.5,43.186154,-2.665774,67,0.32783653874061813,Basque Country internal basins
conc,Basin_Basque_Country_internal_basins,Basque Country internal basins (whole basin),bonobo,EUS_229,0.412184953840732,0.347571903580323,125,0.934540916404278,116.817614550535,0.936099777057395,187.097478847734,2.033052337010369,Basque Country internal basins,5.0,16.9,43.303523,-2.982417,124,1.2071589965204954,Basque Country internal basins
conc,Basin_Basque_Country_internal_basins,Basque Country internal basins (whole basin),bonobo,EUS_230,0.300124397994428,0.334178315856378,125,0.914215709997608,114.276963749701,0.911781935840765,158.285123544227,10.326926019553857,Basque Country internal basins,,,43.347586,-3.144201,84,0.7676898059237419,Basque Country internal basins
conc,Sec_Elbe_Upper,Upper Elbe (section),bonobo,EUS_031,0.195436130767135,0.23322470835256,469,0.708021827216056,332.06223696433,0.718467332079959,330.425693547546,0.03346940878478347,Elbe,1.0,0.0,51.058175,12.793549,38,0.09082432447842476,Elbe
conc,Sec_Elbe_Upper,Upper Elbe (section),bonobo,EUS_032,0.243102321933515,0.348151118018992,469,0.811583319378366,380.632576788454,0.804980159091159,780.436535619391,79.78374371699834,Elbe,5.0,40.0,51.205813,12.404558,128,1.4303433365966916,Elbe
conc,Sec_Elbe_Upper,Upper Elbe (section),bonobo,EUS_033,0.161677248172219,0.255233753295704,469,0.713457040813749,334.611352141648,0.721293879809747,363.634001062191,10.326762071348844,Elbe,5.0,29.2,51.181263,12.776393,83,0.6173732863571966,Elbe
conc,Sec_Elbe_Upper,Upper Elbe (section),bonobo,EUS_037,0.164721046885846,0.249200229602251,469,0.705986284461803,331.107567412586,0.725650367492575,329.617889535871,2.9757445039865993,Elbe,2.0,33.1,51.202112,12.458254,63,0.36475971685641184,Elbe
conc,Sec_Elbe_Upper,Upper Elbe (section),bonobo,EUS_038,0.186639169608072,0.272214344236077,469,0.758936935753359,355.941422868325,0.766479415018511,435.206715264557,0.0729649394249737,Elbe,1.0,0.0,51.29184,12.706718,31,0.08900119483002152,Elbe
conc,Sec_Elbe_Upper,Upper Elbe (section),bonobo,EUS_039,0.168438210131545,0.241593857485657,469,0.712953049488215,334.374980209973,0.72853631667208,334.440768264034,1.731495215194236,Elbe,5.0,40.0,51.192836,12.410964,63,0.34921630073949983,Elbe
conc,Sec_Elbe_Upper,Upper Elbe (section),bonobo,EUS_040,0.251930576806092,0.230433170004472,469,0.766511971639286,359.494114698825,0.771765890862727,465.354384851266,0.003773111603694683,Elbe,5.0,40.0,51.183122,12.419979,4,-0.26689425093350044,Elbe
conc,Sec_Elbe_Upper,Upper Elbe (section),bonobo,EUS_041,0.162919540494577,0.2512905422082,469,0.712999208538673,334.396628804638,0.731734992785484,349.859576653722,2.324233673496854,Elbe,4.0,37.4,51.151475,12.447428,70,0.45207535224499423,Elbe
conc,Sec_Elbe_Upper,Upper Elbe (section),bonobo,EUS_042,0.162646270753079,0.265747851542204,469,0.725951102953244,340.471067285071,0.730535238468854,428.330860620792,10.109369684061242,Elbe,4.0,37.4,51.119068,12.439116,90,0.7380147831236475,Elbe
conc,Sec_Elbe_Upper,Upper Elbe (section),bonobo,EUS_043,0.161288257423182,0.260329187610281,469,0.72627126648554,340.621223981718,0.732149324151015,380.657347891967,4.489095662038769,Elbe,3.0,20.0,51.147943,12.510379,83,0.6444849306660853,Elbe
conc,Sec_Elbe_Upper,Upper Elbe (section),bonobo,EUS_044,0.155513840097275,0.255165220186277,469,0.686350617120136,321.898439429344,0.701406043216716,349.137978251655,9.304137486301034,Elbe,1.0,13.0,50.985376,11.212226,73,0.5122309615749131,Elbe
conc,Sec_Elbe_Upper,Upper Elbe (section),bonobo,EUS_045,0.158712593235984,0.256391232888477,469,0.694917654185855,325.916379813166,0.709746865870765,340.453054313435,2.4583119091540353,Elbe,1.0,13.0,50.98946,11.214757,76,0.4765465969929262,Elbe
conc,Sec_Elbe_Upper,Upper Elbe (section),bonobo,EUS_046,0.166068313871868,0.240538140260697,469,0.677064092561318,317.543059411258,0.678623113575356,349.812071232333,2.6280192086941807,Elbe,1.0,13.0,50.983585,11.224188,61,0.31016007351819896,Elbe
conc,Sec_Elbe_Upper,Upper Elbe (section),bonobo,EUS_049,0.180336022391662,0.252178750500528,469,0.714731113795427,335.208892370055,0.719114275840389,363.627900423729,0.13253419650439485,Elbe,1.0,,51.322253,12.450231,45,0.14826375179172813,Elbe
conc,Sec_Elbe_Upper,Upper Elbe (section),bonobo,EUS_057,0.154406655672932,0.281093846246108,469,0.694715493391331,325.821566400534,0.700870926107299,366.335149943865,0.4944765374295967,Elbe,1.0,0.0,51.310657,12.44574,92,0.6738799458987665,Elbe
conc,Sec_Elbe_Upper,Upper Elbe (section),bonobo,EUS_058,0.169019643561944,0.244686121377912,469,0.707879214160635,331.995351441338,0.71822631430366,324.558976343352,3.7131538140506777,Elbe,5.0,45.9,51.315545,12.356091,72,0.37869875082164955,Elbe
conc,Sec_Elbe_Upper,Upper Elbe (section),bonobo,EUS_059,0.164648735009823,0.245445718627415,469,0.72101412926519,338.155626625374,0.735153444859538,351.151018370145,5.227696695860635,Elbe,5.0,45.9,51.315263,12.358194,77,0.46415572292350804,Elbe
conc,Sec_Elbe_Upper,Upper Elbe (section),bonobo,EUS_060,0.164091091697497,0.254592481333597,469,0.726425871668086,340.693733812332,0.744108526119674,368.783323072994,8.140078829783237,Elbe,4.0,26.2,51.314719,12.350857,88,0.5734627108709006,Elbe
conc,Sec_Elbe_Upper,Upper Elbe (section),bonobo,EUS_061,0.163338330489284,0.253614008730717,469,0.720477153014161,337.903784763642,0.732137578129041,358.381966357798,8.093002713671348,Elbe,4.0,26.2,51.309653,12.34774,83,0.5299610593513241,Elbe
conc,Sec_Elbe_Upper,Upper Elbe (section),bonobo,EUS_062,0.203202275798934,0.239794362510168,469,0.727593317352794,341.24126583846,0.734850688999883,383.380761566061,0.03697089260629329,Elbe,4.0,26.2,51.303924,12.343443,34,-0.01940686600104068,Elbe
conc,Sec_Elbe_Upper,Upper Elbe (section),bonobo,EUS_063,0.165405490493618,0.258850154802818,469,0.735483583142131,344.94180049366,0.753170731986268,382.44221462377,10.860697797736243,Elbe,4.0,26.2,51.300387,12.346931,90,0.61714393576482,Elbe
conc,Sec_Elbe_Upper,Upper Elbe (section),bonobo,EUS_064,0.174065629851539,0.236158272352339,469,0.708718593735984,332.389020462176,0.721745420152198,324.762467542718,3.368082894159083,Elbe,4.0,45.9,51.302767,12.35593,65,0.2714315797524213,Elbe
conc,Sec_Elbe_Upper,Upper Elbe (section),bonobo,EUS_065,0.165532909735143,0.24965528398803,469,0.701332026475736,328.92472041712,0.714132085904762,323.568848745568,0.6372084341709111,Elbe,4.0,23.4,50.718542,11.398322,69,0.40872390811320897,Elbe
conc,Sec_Elbe_Upper,Upper Elbe (section),bonobo,EUS_066,0.160682290926511,0.257149782438466,469,0.714714543031125,335.201120681598,0.733199143571472,363.484778395636,0.7549543771023028,Elbe,4.0,23.4,50.720117,11.377208,80,0.5672593669172834,Elbe
conc,Sec_Elbe_Upper,Upper Elbe (section),bonobo,EUS_067,0.165771425421315,0.26648406523014,469,0.719065136839459,337.241549177706,0.736290903420922,349.581049216083,0.6287382969218677,Elbe,4.0,26.6,50.719146,11.352061,98,0.7196260383598613,Elbe
conc,Sec_Elbe_Upper,Upper Elbe (section),bonobo,EUS_068,0.163877796136796,0.263511171564045,469,0.720549151801089,337.937552194711,0.740112125209203,347.130988525646,0.649365220912442,Elbe,3.0,15.7,50.684319,11.323392,94,0.6839897937829954,Elbe
conc,Sec_Elbe_Upper,Upper Elbe (section),bonobo,EUS_069,0.182457978711639,0.271928563730595,469,0.717465446404936,336.491294363915,0.730323879322179,353.833075495552,0.9889097666078279,Elbe,4.0,42.7,50.613133,11.393243,115,0.8558234393595909,Elbe
conc,Sec_Elbe_Upper,Upper Elbe (section),bonobo,EUS_079,0.157599877692974,0.260335647587701,469,0.696802993312621,326.800603863619,0.7119901016382,392.912478058492,0.9974037257535434,Elbe,6.0,17.1,50.8740474367122,14.2350120487917,85,0.6147959166436541,Elbe
conc,Sec_Elbe_Upper,Upper Elbe (section),bonobo,EUS_080,0.166867533201305,0.244385632056312,469,0.697536685875331,327.14470567553,0.711163736307142,333.448864398309,0.4464630647490614,Elbe,4.0,1.8,50.5123498768776,14.1555490788673,63,0.3619811182696416,Elbe
conc,Sec_Elbe_Upper,Upper Elbe (section),bonobo,EUS_081,0.159496512537151,0.2522894932297,469,0.700361660990011,328.469619004315,0.714657751891942,352.033476415832,1.0001909030905887,Elbe,6.0,24.8,50.3177619492429,14.4406644580371,81,0.6109645178389959,Elbe
conc,Sec_Elbe_Upper,Upper Elbe (section),bonobo,EUS_147,0.21216244909151,0.255258319330289,469,0.752685080231247,353.009302628455,0.760646512516746,416.665102675053,0.02942568228086653,Elbe,1.0,0.0,51.224765,12.181569,23,-0.06645151224935862,Elbe
conc,Sec_Elbe_Upper,Upper Elbe (section),bonobo,EUS_148,0.177001169601361,0.278487954451521,469,0.746358907490772,350.042327613172,0.746548174343199,457.08659875972,0.29016983841199917,Elbe,2.0,0.0,51.29074,11.91067,38,0.10065226852987937,Elbe
conc,Sec_Elbe_Upper,Upper Elbe (section),bonobo,EUS_149,0.160471616962909,0.254813883883026,469,0.700033109632696,328.315528417734,0.717252484761885,385.946008154905,4.040554220456385,Elbe,5.0,17.4,51.298634,12.05352,90,0.6814459871041092,Elbe
conc,Sec_Elbe_Upper,Upper Elbe (section),bonobo,EUS_150,0.241606498342607,0.34734106438178,469,0.795349344892674,373.018842754664,0.79534020305574,828.705307925725,77.10168946866506,Elbe,1.0,61.5,51.30268,12.203039,131,1.439411478064094,Elbe
conc,Sec_Elbe_Upper,Upper Elbe (section),bonobo,EUS_155,0.18807909310742,0.272308979627607,469,0.758757503078105,355.857268943631,0.764379143767559,454.425600156483,0.02678025459903638,Elbe,6.0,22.2,51.266838,13.403301,32,0.05082985794626137,Elbe
conc,Sec_Elbe_Upper,Upper Elbe (section),bonobo,EUS_235,0.227294616593661,0.251003773145595,469,0.76548287881029,359.011470162026,0.775307566040241,453.011933306921,0.15963808061512355,Elbe,1.0,0.0,50.696792,12.770786,15,-0.17901313192575496,Elbe
conc,Sec_Elbe_Upper,Upper Elbe (section),bonobo,EUS_245,0.244501410527322,0.349025128112378,469,0.813842244909249,381.692012862438,0.809925770746174,892.360966273832,6.012718166335712,Elbe,1.0,26.2,51.294238,12.356104,134,1.4247313702829372,Elbe
conc,Sec_Elbe_Upper,Upper Elbe (section),bonobo,EUS_250,0.18162300235744,0.236270158433353,469,0.698965273044661,327.814713057946,0.703374310961953,305.136560697935,0.5692385230527673,Elbe,1.0,26.2,51.293587,12.356189,58,0.243145044368289,Elbe
conc,Sec_Elbe_Upper,Upper Elbe (section),bonobo,EUS_273,0.17326493020298,0.267335191414054,469,0.730596022789484,342.649534688268,0.74380202421075,398.456078782472,1.3102853366557858,Elbe,6.0,17.1,50.889,14.232,105,0.8005130821403785,Elbe
conc,Sec_Elbe_Upper,Upper Elbe (section),bonobo,EUS_274,0.169103066758746,0.26992944692217,469,0.733404173289679,343.966557272859,0.748351103584493,393.542390106665,1.8538207185083801,Elbe,6.0,21.5,51.05414,13.747594,101,0.7659246343034973,Elbe
conc,Sec_Elbe_Upper,Upper Elbe (section),bonobo,EUS_275,0.170923465102525,0.267347397392995,469,0.73953100704058,346.840042302032,0.751751235773715,397.59789356703,2.2037534376281593,Elbe,6.0,22.2,51.203,13.411,103,0.7619750005740843,Elbe
conc,Sec_Elbe_Upper,Upper Elbe (section),bonobo,EUS_276,0.168316045560252,0.263882054140625,469,0.736831594016811,345.574017593884,0.749287746145769,380.417192821041,1.5590708946454321,Elbe,6.0,22.0,51.310439,13.295093,100,0.7218843580067678,Elbe
conc,Sec_Elbe_Upper,Upper Elbe (section),bonobo,EUS_425,0.216933261582451,0.260547164606687,469,0.76583892791133,359.178457190414,0.772692307522485,463.196968241068,0.13401880695101975,Elbe,1.0,0.0,51.308685,12.981468,18,-0.09807969864673015,Elbe
conc,Sec_Elbe_Upper,Upper Elbe (section),bonobo,EUS_426,0.168257755602748,0.258686084942549,469,0.702844357292215,329.634003570049,0.708563357551149,342.319799299057,2.4653646258755195,Elbe,1.0,29.2,51.305322,12.766474,57,0.36332944740828754,Elbe
conc,Sec_Elbe_Upper,Upper Elbe (section),bonobo,EUS_428,0.213883572433668,0.264332786031629,469,0.769088510395907,360.70251137568,0.776520044546781,469.719710745676,0.009952022894655353,Elbe,1.0,0.0,51.3323,12.9852,19,-0.0741999702882234,Elbe
conc,Sec_Elbe_Upper,Upper Elbe (section),bonobo,EUS_429,0.167532095512778,0.259292503399611,469,0.700839099019562,328.693537440175,0.706109969701301,339.248254203497,0.06918602095236852,Elbe,1.0,,51.211722,12.703206,54,0.34255680011567147,Elbe
conc,Sec_Elbe_Upper,Upper Elbe (section),bonobo,EUS_430,0.221645511485244,0.260394484421959,469,0.771485298172713,361.826604843003,0.779795907557725,465.412943463711,0.0019869409529062955,Elbe,1.0,0.0,51.152227,12.703246,15,-0.1126903548795989,Elbe
conc,Sec_Elbe_Upper,Upper Elbe (section),bonobo,EUS_433,0.183583760173161,0.249164191142361,469,0.688151401411426,322.743007261959,0.703738088767839,395.323083779308,0.45458826691450843,Elbe,1.0,0.0,51.286396,12.15393,38,0.05909147797385566,Elbe
conc,Sec_Elbe_Upper,Upper Elbe (section),bonobo,EUS_444,0.185952443663903,0.280429905669883,469,0.743294939155735,348.60532646404,0.744885631669387,416.221865573728,2.162107922059289,Elbe,1.0,0.0,50.935091,10.785234,40,0.06598193610540513,Elbe
conc,Sec_Elbe_Upper,Upper Elbe (section),bonobo,EUS_445,0.150266488888568,0.317010212135606,469,0.710965798916722,333.442959691943,0.725070722427086,685.028000404002,3.36358470195555,Elbe,1.0,0.0,51.009793,10.891151,71,0.6212099060123434,Elbe
conc,Sec_Elbe_Middle,Middle Elbe (section),bonobo,EUS_018,0.195608689717402,0.294211031889555,586,0.771618275086616,452.168309200757,0.781023306717534,707.993477511422,76.83648854455568,Elbe,3.0,32.7,51.487434,11.752543,90,0.7600321896357944,Elbe
conc,Sec_Elbe_Middle,Middle Elbe (section),bonobo,EUS_019,0.201271965564834,0.265303564324329,586,0.734031059378781,430.142200795966,0.746328272046302,417.386001857291,0.16104245181781476,Elbe,1.0,3.9,51.565046,11.545049,56,0.24811949229914104,Elbe
conc,Sec_Elbe_Middle,Middle Elbe (section),bonobo,EUS_020,0.226052382096524,0.254500891267109,586,0.756185802554789,443.124880297106,0.759489691624036,394.369922689206,2.911678535691586,Elbe,2.0,,51.604375,11.404209,39,0.09499092664883053,Elbe
conc,Sec_Elbe_Middle,Middle Elbe (section),bonobo,EUS_021,0.27302732669722,0.249649920824625,586,0.800906741076011,469.331350270542,0.809952185545914,525.031451712288,0.001313724062286015,Elbe,2.0,0.0,51.610303,11.390604,3,-0.25974608624404805,Elbe
conc,Sec_Elbe_Middle,Middle Elbe (section),bonobo,EUS_022,0.21176512968416,0.262078342330769,586,0.755029828765844,442.447479656785,0.75858606501774,431.919871869116,19.478567212871667,Elbe,1.0,19.0,51.64251,11.130862,45,0.16321200974911065,Elbe
conc,Sec_Elbe_Middle,Middle Elbe (section),bonobo,EUS_023,0.206100329411497,0.309389211194963,586,0.817212214611118,478.886357762115,0.815487089230962,751.672905935984,27.2386475642373,Elbe,2.0,6.7,51.645217,11.113781,98,0.9119260814940569,Elbe
conc,Sec_Elbe_Middle,Middle Elbe (section),bonobo,EUS_025,0.239598477357476,0.252869363709057,586,0.765490641314293,448.577515810176,0.77044010619561,459.819568283101,0.09785871874119151,Elbe,2.0,19.0,51.720914,11.296503,25,-0.04240336691084105,Elbe
conc,Sec_Elbe_Middle,Middle Elbe (section),bonobo,EUS_034,0.257257415548328,0.253544687378097,586,0.791887496065169,464.046072694189,0.799789090166985,509.663088749243,0.0031060674114227428,Elbe,2.0,36.9,51.612556,11.720515,14,-0.16897713826327132,Elbe
conc,Sec_Elbe_Middle,Middle Elbe (section),bonobo,EUS_047,0.241199446402673,0.270122546763192,586,0.793209902010829,464.821002578346,0.803998496774176,516.693488526972,0.18752137021038873,Elbe,1.0,,51.341818,12.423193,19,-0.12358738500873326,Elbe
conc,Sec_Elbe_Middle,Middle Elbe (section),bonobo,EUS_048,0.237680975372783,0.272076406444845,586,0.795341358424475,466.070036036742,0.803692583599036,511.090675869121,0.24423692160940175,Elbe,1.0,,51.341715,12.422371,22,-0.12338531165951068,Elbe
conc,Sec_Elbe_Middle,Middle Elbe (section),bonobo,EUS_050,0.212651054914056,0.267715777834471,586,0.765844682065332,448.784983690285,0.772478531433578,431.790351975907,0.16963625634967675,Elbe,1.0,,51.335115,12.435318,48,0.16068250697888362,Elbe
conc,Sec_Elbe_Middle,Middle Elbe (section),bonobo,EUS_054,0.197551172392487,0.283542420458276,586,0.753882573518421,441.775188081795,0.753791942605472,495.948831194961,1.6180555823175926,Elbe,1.0,,51.615422,11.213788,50,0.2809938502408225,Elbe
conc,Sec_Elbe_Middle,Middle Elbe (section),bonobo,EUS_055,0.224246782068769,0.272263512055124,586,0.789329788089534,462.547255820467,0.794969284317169,496.268355159154,0.1781741611226214,Elbe,1.0,37.0,51.34984,12.17094,33,-0.026368683262395467,Elbe
conc,Sec_Elbe_Middle,Middle Elbe (section),bonobo,EUS_056,0.232373917755073,0.29915913686904,586,0.793799855795075,465.166715495914,0.802853947943177,643.349195158781,30.523950566420964,Elbe,1.0,0.0,51.38886,12.09424,113,0.9482871314148447,Elbe
conc,Sec_Elbe_Middle,Middle Elbe (section),bonobo,EUS_151,0.206025557528831,0.283029906393499,586,0.721316540874585,422.691492952507,0.727695622040156,526.220758470125,19.857210180482802,Elbe,2.0,62.4,51.620036,12.114745,93,0.7855137003136626,Elbe
conc,Sec_Elbe_Middle,Middle Elbe (section),bonobo,EUS_152,0.213657915653222,0.292005901719691,586,0.788773873660243,462.221489964902,0.795825058559746,534.405293314744,0.03331429353985956,Elbe,1.0,0.0,51.647855,12.086966,36,0.11022857324700841,Elbe
conc,Sec_Elbe_Middle,Middle Elbe (section),bonobo,EUS_153,0.192592931887268,0.307967732568377,586,0.780191275056705,457.192087183229,0.785562130269819,508.033999550725,0.06611741637412409,Elbe,5.0,28.5,51.659264,12.328634,64,0.3999009414421541,Elbe
conc,Sec_Elbe_Middle,Middle Elbe (section),bonobo,EUS_154,0.236682554771787,0.272464571295402,586,0.794816199442124,465.762292873084,0.803606941317583,512.098420975839,0.023258089951063963,Elbe,2.0,0.0,51.668237,12.426275,25,-0.07383336515225997,Elbe
conc,Sec_Elbe_Middle,Middle Elbe (section),bonobo,EUS_202,0.274454630134301,0.340817192100522,586,0.835619203702904,489.672853369902,0.83549666832688,805.127785925518,2.473682396396416,Elbe,3.0,32.7,51.487434,11.752543,131,1.320056133099394,Elbe
conc,Sec_Elbe_Middle,Middle Elbe (section),bonobo,EUS_203,0.213015437682959,0.266518311178643,586,0.752758911265909,441.116722001823,0.759328907942575,451.936804600502,0.06323724829595655,Elbe,1.0,0.0,51.498382,11.593888,45,0.1585150112709122,Elbe
conc,Sec_Elbe_Middle,Middle Elbe (section),bonobo,EUS_204,0.205747653307114,0.256924665284561,586,0.739181937446145,433.160615343441,0.747049369639405,388.386905019585,10.048967229215458,Elbe,2.0,,51.604375,11.404209,69,0.4544766488117158,Elbe
conc,Sec_Elbe_Middle,Middle Elbe (section),bonobo,EUS_205,0.255701341767349,0.256927610465665,586,0.795755325430113,466.312620702046,0.806013206012683,511.33203804283,0.038427078263894375,Elbe,2.0,,51.610303,11.390604,14,-0.18335576854551272,Elbe
conc,Sec_Elbe_Middle,Middle Elbe (section),bonobo,EUS_206,0.201532391216977,0.292509564414116,586,0.77902829243208,456.510579365199,0.780912359714944,658.894759075274,19.549091996139904,Elbe,1.0,,51.610641,11.290403,95,0.8496325708100151,Elbe
conc,Sec_Elbe_Middle,Middle Elbe (section),bonobo,EUS_207,0.225682366652586,0.317163227323763,586,0.819396186475366,480.166165274564,0.814226207239942,799.935028831658,24.04743382329739,Elbe,2.0,6.7,51.645217,11.113781,112,1.0742172585613694,Elbe
conc,Sec_Elbe_Middle,Middle Elbe (section),bonobo,EUS_208,0.268305172424868,0.253776894237321,586,0.798497069583104,467.919282775699,0.808595926725467,520.36161018711,0.03055938030295214,Elbe,2.0,6.7,51.6466,11.111813,8,-0.25031902138108075,Elbe
conc,Sec_Elbe_Middle,Middle Elbe (section),bonobo,EUS_210,0.213363016727059,0.275885611943233,586,0.784225237090353,459.555988934947,0.79072104151009,477.94042810057,0.2162310397069282,Elbe,2.0,0.0,51.618455,11.057661,40,0.16185770128844884,Elbe
conc,Sec_Elbe_Middle,Middle Elbe (section),bonobo,EUS_211,0.216668169728716,0.255309271424341,586,0.743661908673542,435.785878482696,0.748895918023667,380.571216868256,2.0552297428617465,Elbe,2.0,6.7,51.624382,11.078612,51,0.23857064598253816,Elbe
conc,Sec_Elbe_Middle,Middle Elbe (section),bonobo,EUS_212,0.215837635274341,0.259181504986478,586,0.744523499093132,436.290770468575,0.753286240316665,409.791744736668,0.09668966414266685,Elbe,2.0,19.0,51.720914,11.296503,49,0.15629415574663166,Elbe
conc,Sec_Elbe_Middle,Middle Elbe (section),bonobo,EUS_213,0.234934132335286,0.261756016497666,586,0.770619357466778,451.582943475532,0.774730044096903,445.556920845441,0.06037764556296272,Elbe,1.0,19.0,51.697588,11.131923,30,-0.03056467303498969,Elbe
conc,Sec_Elbe_Middle,Middle Elbe (section),bonobo,EUS_241,0.206162494919077,0.283037940178526,586,0.7793404238767,456.693488391746,0.788681059284126,509.393426916577,0.24174167210906092,Elbe,1.0,,51.693883,12.29469,96,0.7378656062914724,Elbe
conc,Sec_Elbe_Middle,Middle Elbe (section),bonobo,EUS_243,0.271358714884122,0.328701299945696,586,0.812196007064147,475.94686013959,0.82649820760328,656.385112828949,0.5531228587904469,Elbe,1.0,,51.693336,12.296449,128,1.16560912567075,Elbe
conc,Sec_Elbe_Middle,Middle Elbe (section),bonobo,EUS_244,0.298637797704529,0.374238494269204,586,0.876614481677951,513.696086263279,0.877719818088942,1111.28991416843,1.9503822972870566,Elbe,5.0,36.0,51.358773,12.336713,135,1.4961680747768769,Elbe
conc,Sec_Elbe_Middle,Middle Elbe (section),bonobo,EUS_249,0.214772434044071,0.295364227253629,586,0.786036145857517,460.617181472505,0.806628443328714,617.08633675791,0.6192164702851733,Elbe,5.0,34.6,51.357686,12.336252,106,0.8268476206252101,Elbe
conc,Sec_Elbe_Middle,Middle Elbe (section),bonobo,EUS_255,0.208683175699866,0.269849608686487,586,0.783263304027849,458.99229616032,0.790513492358476,496.725774391995,0.03777964868786411,Elbe,5.0,33.3,51.711215,12.286173,46,0.16260193745317558,Elbe
conc,Sec_Elbe_Middle,Middle Elbe (section),bonobo,EUS_256,0.215462279520329,0.263265574115429,586,0.769727990822005,451.060602621695,0.775363447027824,458.639752796503,0.05562227595417098,Elbe,1.0,,51.686915,12.294263,45,0.135812568786501,Elbe
conc,Sec_Elbe_Middle,Middle Elbe (section),bonobo,EUS_257,0.217330607322318,0.281928425698666,586,0.782642166556026,458.628309601831,0.791799884094144,512.69692494648,0.20994454872883297,Elbe,5.0,33.3,51.701304,12.29136,105,0.799458222243827,Elbe
conc,Sec_Elbe_Middle,Middle Elbe (section),bonobo,EUS_267,0.203383834961498,0.26331684888656,586,0.748385820812828,438.554090996317,0.802570937917617,428.687583781659,5.409478324520219,Elbe,5.0,34.6,51.349743,12.342768,58,0.2817819563939946,Elbe
conc,Sec_Elbe_Middle,Middle Elbe (section),bonobo,EUS_268,0.200139159258124,0.263756445229498,586,0.7446131843881,436.343326051426,0.800641146468576,456.364818606212,6.448929268544731,Elbe,5.0,34.6,51.349375,12.342925,60,0.32046816942901296,Elbe
conc,Sec_Elbe_Middle,Middle Elbe (section),bonobo,EUS_269,0.200626023775973,0.267181316211226,586,0.744997488657854,436.568528353502,0.790789864906563,438.593319410768,5.683013122425834,Elbe,5.0,34.6,51.348834,12.343096,61,0.3391966757511909,Elbe
conc,Sec_Elbe_Middle,Middle Elbe (section),bonobo,EUS_270,0.221016803128425,0.280689402997701,586,0.795816413874217,466.348418530291,0.805031986749955,516.954690057193,0.08834328841389266,Elbe,1.0,,51.692165,12.288934,32,0.03167321201078118,Elbe
conc,Sec_Elbe_Middle,Middle Elbe (section),bonobo,EUS_271,0.265096109308226,0.25456841415307,586,0.798288764383304,467.797215928616,0.806840128559922,522.037207796865,0.001022958931352833,Elbe,1.0,,51.691631,12.28082,7,-0.23506982632445242,Elbe
conc,Sec_Elbe_Middle,Middle Elbe (section),bonobo,EUS_272,0.219795151780022,0.282180548174509,586,0.793981328893057,465.273058731331,0.801975619405129,505.551412750223,0.1935831042518506,Elbe,1.0,0.0,51.68123,12.288827,32,0.05537515345872875,Elbe
conc,Sec_Elbe_Middle,Middle Elbe (section),bonobo,EUS_277,0.209012288895278,0.27943491214262,586,0.773186366759063,453.087210920811,0.784844144161653,478.320435893516,2.3434179167600875,Elbe,6.0,22.1,51.557863,13.010684,98,0.7064050376159914,Elbe
conc,Sec_Elbe_Middle,Middle Elbe (section),bonobo,EUS_278,0.210752511549091,0.282435234964278,586,0.773800907997488,453.447332086528,0.784981241035793,487.474749881658,1.9944051922505888,Elbe,6.0,22.0,51.64902,12.89452,99,0.750796345428113,Elbe
conc,Sec_Elbe_Middle,Middle Elbe (section),bonobo,EUS_279,0.208392991100304,0.277885520195938,586,0.770638856210045,451.594369739086,0.78267908850604,469.156859338296,1.9813811247729056,Elbe,6.0,21.9,51.719,12.821,97,0.6918477562269228,Elbe
conc,Sec_Elbe_Middle,Middle Elbe (section),bonobo,EUS_427,0.203513786155422,0.275317436772833,586,0.745664776227398,436.959558869255,0.744186253268785,452.792830152998,0.12789203420047035,Elbe,1.0,0.0,51.491699,12.484281,51,0.28194129354690617,Elbe
conc,Sec_Elbe_Middle,Middle Elbe (section),bonobo,EUS_431,0.222551704027055,0.277873601752321,586,0.762888980582747,447.05294262149,0.76445907425775,473.495932701595,0.05172473043149972,Elbe,2.0,,51.5472,12.474199,36,0.13443324104436638,Elbe
conc,Sec_Elbe_Middle,Middle Elbe (section),bonobo,EUS_432,0.25442326487443,0.262512991430328,586,0.80007545419946,468.844216160884,0.808589660388932,525.85215367435,0.0045505227767592814,Elbe,1.0,0.0,51.615385,11.213825,11,-0.1540468150742104,Elbe
conc,Sec_Elbe_Middle,Middle Elbe (section),bonobo,EUS_435,0.224886291920057,0.268970580662932,586,0.766986475311966,449.454074532812,0.764920694180066,446.471569064053,0.01853737296037846,Elbe,1.0,0.0,51.460978,11.471981,37,0.07961617077432685,Elbe
conc,Sec_Elbe_Middle,Middle Elbe (section),bonobo,EUS_436,0.215200194987028,0.289329648978459,586,0.79275325086991,464.553405009767,0.798976274674104,502.273053273822,0.9028104093018238,Elbe,1.0,0.0,51.635599,11.938936,35,0.0584051448531559,Elbe
conc,Sec_Elbe_Lower,Lower Elbe (section),bonobo,EUS_024,0.263756578264049,0.262852552511037,491,0.801943528951699,393.754272715284,0.800832013234126,401.195199663812,0.036790282610781724,Elbe,2.0,19.0,51.741715,11.3577,29,-0.01920274788962753,Elbe
conc,Sec_Elbe_Lower,Lower Elbe (section),bonobo,EUS_026,0.300670659505288,0.262086553470075,491,0.836485870274217,410.714562304641,0.837849307566873,496.978156400873,0.005775797451441809,Elbe,1.0,0.0,51.736073,11.148199,2,-0.254867323893641,Elbe
conc,Sec_Elbe_Lower,Lower Elbe (section),bonobo,EUS_027,0.217767842572003,0.269012916907901,491,0.749830653260625,368.166850750967,0.780586341447826,401.55931411519,64.94661588896811,Elbe,5.0,16.1,51.847332,11.705812,53,0.2873010983668432,Elbe
conc,Sec_Elbe_Lower,Lower Elbe (section),bonobo,EUS_028,0.26334419604859,0.261935008747378,491,0.78072743350639,383.337169851638,0.782646848529878,365.360949574872,3.6197284127289797,Elbe,1.0,0.0,51.80495,11.187795,28,-0.032687267196875834,Elbe
conc,Sec_Elbe_Lower,Lower Elbe (section),bonobo,EUS_029,0.3102936153318,0.405724841301759,491,0.869597499593239,426.97237230028,0.88032916908631,1034.47119620827,275.79808106569726,Elbe,1.0,95.1,52.028883,11.697997,129,1.597442538946882,Elbe
conc,Sec_Elbe_Lower,Lower Elbe (section),bonobo,EUS_030,0.207656531799989,0.282662658886933,491,0.770823317160846,378.474248725975,0.782791263276166,455.376705027402,27.616468327685695,Elbe,4.0,30.8,52.033881,11.094361,74,0.5851288224679,Elbe
conc,Sec_Elbe_Lower,Lower Elbe (section),bonobo,EUS_035,0.262204073095217,0.262061156492124,491,0.791105019662949,388.432564654508,0.788047213058013,399.711454832316,20.80335177167977,Elbe,1.0,45.1,51.730251,11.264675,27,-0.042895678888505026,Elbe
conc,Sec_Elbe_Lower,Lower Elbe (section),bonobo,EUS_036,0.275214971185829,0.257183144607568,491,0.790162671370105,387.969871642722,0.78938501826943,370.289943313298,1.2880826980781828,Elbe,3.0,31.8,51.752967,11.072876,24,-0.09407565148651507,Elbe
conc,Sec_Elbe_Lower,Lower Elbe (section),bonobo,EUS_052,0.299651004253192,0.258788857616224,491,0.835357186892697,410.160378764314,0.835976110833004,494.523042879889,0.023629434454144657,Elbe,1.0,0.0,51.964106,11.113824,5,-0.2606384765523252,Elbe
conc,Sec_Elbe_Lower,Lower Elbe (section),bonobo,EUS_053,0.213750548515526,0.288056890108289,491,0.767992152847958,377.084147048348,0.772139042510985,448.192341477894,40.50434212060182,Elbe,4.0,30.8,52.033881,11.094361,85,0.5822333977097605,Elbe
conc,Sec_Elbe_Lower,Lower Elbe (section),bonobo,EUS_101,0.247885360066817,0.320655676374242,491,0.800363516447364,392.978486575656,0.808514112657205,642.212468704093,46.49781475299314,Elbe,5.0,51.1,52.423935,13.100133,114,1.1038849132101347,Elbe
conc,Sec_Elbe_Lower,Lower Elbe (section),bonobo,EUS_156,0.225491855596066,0.266980644401433,491,0.772859727228228,379.47412606906,0.782924788940895,372.41466777224,1.654716554365198,Elbe,5.0,19.3,51.7789519,13.0747829,74,0.47750927593348674,Elbe
conc,Sec_Elbe_Lower,Lower Elbe (section),bonobo,EUS_157,0.256481034189772,0.284123561256672,491,0.822694362139772,403.942931810628,0.824350523456424,475.569953659202,0.45883670112478464,Elbe,6.0,21.1,51.861985,12.592216,26,-0.0199756367289475,Elbe
conc,Sec_Elbe_Lower,Lower Elbe (section),bonobo,EUS_200,0.228748757781645,0.302340386922537,491,0.741622779519962,364.136784744301,0.755376450641627,447.32061013972,1.2155386392934477,Elbe,5.0,16.1,51.847332,11.705812,101,0.9301934778364873,Elbe
conc,Sec_Elbe_Lower,Lower Elbe (section),bonobo,EUS_201,0.277253234042477,0.27339925346093,491,0.828346459757312,406.71811174084,0.829433512478812,490.36413371996,0.001113335447772643,Elbe,2.0,23.0,51.867988,10.892055,12,-0.1754957317743013,Elbe
conc,Sec_Elbe_Lower,Lower Elbe (section),bonobo,EUS_209,0.240469390292908,0.264852272784938,491,0.77208708936405,379.094760877748,0.769295560468806,356.085448997328,1.1576810865758704,Elbe,2.0,19.0,51.741715,11.3577,48,0.1655788268073512,Elbe
conc,Sec_Elbe_Lower,Lower Elbe (section),bonobo,EUS_214,0.292511352684006,0.266918011885431,491,0.832459572311119,408.737650004759,0.832968495133286,492.345276008723,0.03815312361543259,Elbe,1.0,0.0,51.729878,11.079224,8,-0.24576430882988404,Elbe
conc,Sec_Elbe_Lower,Lower Elbe (section),bonobo,EUS_215,0.348423145170601,0.34545987491998,491,0.856212201570699,420.400190971213,0.866539516077407,770.442032856071,133.6232226744387,Elbe,1.0,95.1,52.028883,11.697997,144,1.5121049336373937,Elbe
conc,Sec_Elbe_Lower,Lower Elbe (section),bonobo,EUS_240,0.210262600231764,0.287239422136424,491,0.765173533031018,375.70020471823,0.772781438210546,409.762849788792,0.26207622044434514,Elbe,2.0,29.0,51.904664,11.062966,83,0.5256212514921074,Elbe
conc,Sec_Elbe_Lower,Lower Elbe (section),bonobo,EUS_280,0.229980649052891,0.271176455871743,491,0.789475192684674,387.632319608175,0.788237757972961,382.679112290498,1.5845264304480748,Elbe,1.0,0.2,51.86,12.211,92,0.6136705866249018,Elbe
conc,Sec_Elbe_Lower,Lower Elbe (section),bonobo,EUS_281,0.227126156579758,0.265259171676974,491,0.785465643421234,385.663630919826,0.797245068943041,376.375532164276,1.7175226653213531,Elbe,7.0,30.4,51.957,11.913,78,0.48276854861875246,Elbe
conc,Sec_Elbe_Lower,Lower Elbe (section),bonobo,EUS_282,0.231803865504876,0.27988745185913,491,0.812319245757584,398.848749666974,0.817803056822193,417.067638333217,5.066139535600984,Elbe,7.0,30.4,51.986638,11.880605,91,0.6819944919264725,Elbe
conc,Sec_Elbe_Lower,Lower Elbe (section),bonobo,EUS_283,0.231451695306667,0.278560254672962,491,0.808813386279425,397.127372663197,0.816396709598192,403.839222316621,4.191842494002308,Elbe,7.0,30.4,52.06694,11.6792,91,0.6642219966184671,Elbe
conc,Sec_Elbe_Lower,Lower Elbe (section),bonobo,EUS_284,0.236098384267577,0.281369233919675,491,0.811766527548163,398.577365026148,0.81688800193394,418.833343474353,3.7915359293440294,Elbe,7.0,30.4,52.129125,11.643696,97,0.7296223726877878,Elbe
conc,Sec_Elbe_Lower,Lower Elbe (section),bonobo,EUS_285,0.232912691194879,0.280139715394979,491,0.803974844998191,394.751648894112,0.805822898598151,436.667078333844,3.7467333243309247,Elbe,7.0,22.1,52.2157,11.70437,95,0.690547466643234,Elbe
conc,Sec_Elbe_Lower,Lower Elbe (section),bonobo,EUS_286,0.227748012169889,0.268590532059216,491,0.785923193635874,385.888288075214,0.796296075019799,371.584884536531,2.065783402441064,Elbe,7.0,22.0,52.334,11.813,81,0.5123175135448967,Elbe
conc,Sec_Elbe_Lower,Lower Elbe (section),bonobo,EUS_287,0.23153434329813,0.270287391896831,491,0.801240451917016,393.409061891255,0.809338993850617,388.734795618648,2.3061195897477402,Elbe,7.0,22.0,52.539792,11.979027,83,0.510655485895477,Elbe
conc,Sec_Elbe_Lower,Lower Elbe (section),bonobo,EUS_288,0.229419775793338,0.270018279399862,491,0.793581996140747,389.648760105107,0.801692025686577,382.783263323036,2.4898973860437197,Elbe,7.0,21.9,52.786934,12.031543,82,0.5369839272990627,Elbe
conc,Sec_Elbe_Lower,Lower Elbe (section),bonobo,EUS_289,0.240205399380784,0.278510749536161,491,0.805980625989511,395.73648736085,0.808397004105343,403.623677124364,2.9908921790814174,Elbe,7.0,21.9,52.83788,12.039297,104,0.6978543456042339,Elbe
conc,Sec_Elbe_Lower,Lower Elbe (section),bonobo,EUS_290,0.228440288046941,0.274954911717016,491,0.797888328433882,391.763169261036,0.805290057267673,388.677553934562,2.5290698087642007,Elbe,7.0,23.6,52.986317,11.751564,83,0.48394172061503204,Elbe
conc,Sec_Elbe_Lower,Lower Elbe (section),bonobo,EUS_291,0.230421224219146,0.28593310253682,491,0.812898144218315,399.132988811192,0.816945043423013,421.988509966815,3.5730455842381463,Elbe,7.0,23.0,53.039132,11.635786,91,0.6278228681714105,Elbe
conc,Sec_Elbe_Lower,Lower Elbe (section),bonobo,EUS_292,0.236286190697486,0.289136339497055,491,0.811679036039135,398.534406695215,0.813324272576569,422.39496580067,4.618136982209467,Elbe,7.0,23.2,53.04717,11.554186,99,0.7215184203118924,Elbe
conc,Sec_Elbe_Lower,Lower Elbe (section),bonobo,EUS_293,0.230544401387103,0.288294958982384,491,0.813132970605283,399.248288567194,0.816155573295825,424.355730435064,3.8371949165926864,Elbe,7.0,23.3,53.133475,11.248753,92,0.6439025990539863,Elbe
conc,Sec_Elbe_Lower,Lower Elbe (section),bonobo,EUS_294,0.229002548351264,0.285709147559929,491,0.810955558510728,398.179179228768,0.814130479482193,418.550503679043,3.379297786581652,Elbe,7.0,21.3,53.232719,10.897789,91,0.6293387554152909,Elbe
conc,Sec_Elbe_Lower,Lower Elbe (section),bonobo,EUS_295,0.227017313679386,0.28651412562707,491,0.810169561457732,397.793254675746,0.814186989261432,420.378236866241,3.7256183078178537,Elbe,7.0,21.0,53.368025,10.547661,88,0.5919231872305349,Elbe
conc,Sec_Elbe_Lower,Lower Elbe (section),bonobo,EUS_296,0.227079374100461,0.285472609820125,491,0.808639900940632,397.04219136185,0.813344761257416,410.830134181615,3.7746921887086726,Elbe,7.0,20.8,53.424518,10.350688,88,0.598003007331894,Elbe
conc,Sec_Elbe_Lower,Lower Elbe (section),bonobo,EUS_297,0.226405107373796,0.26182394532255,491,0.780034585252893,382.99698135917,0.797055153597134,368.400662540489,3.4018713783479213,Elbe,2.0,0.0,51.823,12.839,65,0.4350050165420915,Elbe
conc,Sec_Elbe_Lower,Lower Elbe (section),bonobo,EUS_298,0.236940327015332,0.294352979274048,491,0.79597974576997,390.826055173055,0.792467420225467,437.848219558979,9.861830758085445,Elbe,5.0,33.2,51.87367,12.24583,100,0.8998603060489307,Elbe
conc,Sec_Elbe_Lower,Lower Elbe (section),bonobo,EUS_299,0.224998261464185,0.292501231837293,491,0.81525310389958,400.289274014694,0.817663259433409,459.389388709075,18.355309386240453,Elbe,7.0,30.4,51.977,11.886,89,0.7987408988131749,Elbe
conc,Sec_Elbe_Lower,Lower Elbe (section),bonobo,EUS_300,0.227881988930632,0.266400592530022,491,0.794021961459471,389.8647830766,0.800608574334736,382.746680706692,2.5373358404670783,Elbe,7.0,23.6,52.908092,11.879533,76,0.438521252395684,Elbe
conc,Sec_Elbe_Lower,Lower Elbe (section),bonobo,EUS_372,0.295937211764843,0.266513533992064,491,0.836565664159052,410.753741102095,0.837872248555445,496.733504024305,0.00019624701892019138,Elbe,1.0,0.0,52.158103,12.67008,7,-0.24092510201399117,Elbe
conc,Sec_Elbe_Lower,Lower Elbe (section),bonobo,EUS_373,0.270697340990315,0.287178199768859,491,0.836049873499862,410.500487888432,0.837474227272257,495.096657824762,0.001767253858810797,Elbe,1.0,0.0,53.221614,11.841881,15,-0.10150792794570973,Elbe
conc,Sec_Elbe_Lower,Lower Elbe (section),bonobo,EUS_374,0.248674455617641,0.28595511994137,491,0.79611105149891,390.890526285965,0.796113511237583,432.372250636608,0.04431976945252512,Elbe,1.0,0.0,53.137181,12.165906,31,0.07328336400588249,Elbe
conc,Sec_Elbe_Lower,Lower Elbe (section),bonobo,EUS_424,0.25933454438687,0.285044511010614,491,0.827394743586452,406.250819100948,0.824927631378784,481.90975457833,0.007327324972958734,Elbe,1.0,,54.15847,10.779928,22,-0.04386641605797548,Elbe
conc,Sec_Elbe_Lower,Lower Elbe (section),bonobo,EUS_434,0.208068753310994,0.280139627890509,491,0.733642930558524,360.218678904235,0.77399363803168,525.965424750511,31.16420086920171,Elbe,2.0,29.0,51.941583,11.158639,71,0.5362751809817548,Elbe
conc,Sec_Elbe_Lower,Lower Elbe (section),bonobo,EUS_437,0.279924889524128,0.288699336229495,491,0.834777039862287,409.875526572383,0.835041967264173,502.110821422378,0.0015531484126317273,Elbe,1.0,0.0,51.734622,10.659567,10,-0.18071766923189211,Elbe
conc,Sec_Elbe_Lower,Lower Elbe (section),bonobo,EUS_438,0.258095255470129,0.289907607886038,491,0.83384861798141,409.419671428872,0.834561531823744,497.666738074922,0.02135296461790131,Elbe,1.0,0.0,52.592458,11.8008148,19,-0.046522308686770396,Elbe
conc,Sec_Elbe_Lower,Lower Elbe (section),bonobo,EUS_439,0.250579821605786,0.293179383988766,491,0.822960280896837,404.073497920347,0.822426680588583,497.6373513546,0.04680779513989169,Elbe,1.0,0.0,52.07571,11.31275,25,0.01890357925569996,Elbe
conc,Sec_Elbe_Lower,Lower Elbe (section),bonobo,EUS_440,0.20287715210281,0.318569017826078,491,0.754814803076855,370.614068310736,0.760623270573735,470.272009694806,8.194668603908632,Elbe,1.0,45.1,51.721104,11.27815,66,0.5442258215341906,Elbe
conc,Sec_Elbe_Lower,Lower Elbe (section),bonobo,EUS_441,0.259952337755656,0.289342573101735,491,0.829989381797715,407.524786462678,0.832746014725584,486.173149659679,0.06650772801299966,Elbe,2.0,23.0,51.89230556,10.97680556,19,-0.04997363519828392,Elbe
conc,Sec_Rhine_Upper,Upper Rhine (section),bonobo,EUS_017,0.235292618942424,0.322178804157163,177,0.906351877718113,160.424282356106,0.912762310982823,162.429508807807,0.00852065645200173,Rhine,4.0,100.0,47.061138,7.630828,17,-0.1678109329460876,Rhine
conc,Sec_Rhine_Upper,Upper Rhine (section),bonobo,EUS_070,0.205676256220795,0.339886665997028,177,0.908088915302912,160.731738008615,0.908786981369553,181.231765439176,0.2717501649712542,Rhine,4.0,100.0,47.061138,7.630828,67,0.3890931220222177,Rhine
conc,Sec_Rhine_Upper,Upper Rhine (section),bonobo,EUS_071,0.231454047465447,0.314268465503176,177,0.891801940401469,157.84894345106,0.895290404888663,158.526499818749,0.11601347964812476,Rhine,6.0,94.9,47.264483,7.823449,17,-0.14581242042795856,Rhine
conc,Sec_Rhine_Upper,Upper Rhine (section),bonobo,EUS_072,0.208371812242325,0.318455862750984,177,0.888782679050953,157.314534192019,0.897867131107745,159.762364884679,0.20006019075268466,Rhine,6.0,95.0,47.266159,7.828628,50,0.16414822046049704,Rhine
conc,Sec_Rhine_Upper,Upper Rhine (section),bonobo,EUS_073,0.213521607309079,0.31484802989435,177,0.869744551570417,153.944785627964,0.875745401429584,145.955474377269,0.06982408821560927,Rhine,2.0,100.0,47.4156775716131,9.19848898749848,31,0.03171429085158681,Rhine
conc,Sec_Rhine_Upper,Upper Rhine (section),bonobo,EUS_074,0.204540247505346,0.347502264532723,177,0.916773590474375,162.268925513964,0.923184525928381,200.474474915266,1.6844311876893527,Rhine,2.0,100.0,47.415744,9.198482,65,0.43689890401047227,Rhine
conc,Sec_Rhine_Upper,Upper Rhine (section),bonobo,EUS_075,0.218623884034338,0.371486886735087,177,0.931901639208912,164.946590139977,0.935247905447132,221.509013875004,1.8110981351576163,Rhine,2.0,100.0,47.445835,9.152919,78,0.623743503460184,Rhine
conc,Sec_Rhine_Upper,Upper Rhine (section),bonobo,EUS_076,0.235844778409096,0.363406131507959,177,0.924327236875119,163.605920926896,0.926650148406896,206.161756302596,1.24323109564674,Rhine,3.0,100.0,47.569311,8.47944,87,0.6236893739143513,Rhine
conc,Sec_Rhine_Upper,Upper Rhine (section),bonobo,EUS_077,0.258170515440962,0.404168780814307,177,0.937999908717512,166.025983843,0.941335932534363,243.776464675686,1.1391080966846487,Rhine,4.0,100.0,47.437823,8.352392,99,0.8715166163683141,Rhine
conc,Sec_Rhine_Upper,Upper Rhine (section),bonobo,EUS_078,0.217607569641146,0.314924648557358,177,0.86461706906715,153.037221224886,0.880774451591353,145.091802833907,0.20822908767355883,Rhine,2.0,100.0,47.402115,8.408079,32,-0.001693975497789338,Rhine
conc,Sec_Rhine_Upper,Upper Rhine (section),bonobo,EUS_375,0.20763688001312,0.335479372358339,177,0.902193541415864,159.688256830608,0.906889772155786,157.1846796604,0.2099030831360593,Rhine,1.0,0.0,48.740521,8.135913,52,0.2162184061774581,Rhine
conc,Sec_Rhine_Upper,Upper Rhine (section),bonobo,EUS_403,0.203689339134078,0.341630180961223,177,0.905893606092545,160.343168278381,0.912135365336595,167.953764269283,0.38073184117626707,Rhine,1.0,1.4,49.077422,7.982825,37,0.11236140472774349,Rhine
conc,Sec_Rhine_Upper,Upper Rhine (section),bonobo,EUS_404,0.238600345634589,0.320971138374068,177,0.907656838032414,160.655260331737,0.914651275665004,164.106021482142,0.36728952246433566,Rhine,1.0,,49.236277,8.075976,14,-0.1967144540208739,Rhine
conc,Sec_Rhine_Upper,Upper Rhine (section),bonobo,EUS_405,0.239509464828944,0.325654606531563,177,0.908543125008683,160.812133126537,0.915906607125061,165.337214943628,0.1747995504276756,Rhine,1.0,14.9,49.238858,8.049594,8,-0.22137619048115195,Rhine
conc,Sec_Rhine_Upper,Upper Rhine (section),bonobo,EUS_406,0.202291144051147,0.33883210216702,177,0.882242658806652,156.156950608777,0.899821757199524,152.637720952829,2.4176930690838385,Rhine,1.0,,49.482365,8.19556,57,0.28143511923072273,Rhine
conc,Sec_Rhine_Upper,Upper Rhine (section),bonobo,EUS_407,0.242390629574918,0.323802049368488,177,0.906653580176121,160.477683691173,0.913239415411541,162.828554076726,0.0016728804186640794,Rhine,1.0,0.0,49.458909,8.097652,8,-0.2321802160735503,Rhine
conc,Sec_Rhine_Upper,Upper Rhine (section),bonobo,EUS_408,0.210644612436982,0.347260619578438,177,0.904537373107964,160.10311504011,0.914322957125512,163.175385519451,0.9531299093415642,Rhine,1.0,0.0,49.150369,8.052006,60,0.4599877131135774,Rhine
conc,Sec_Rhine_Upper,Upper Rhine (section),bonobo,EUS_409,0.235893859057991,0.322040581033122,177,0.901151327362574,159.503784943176,0.905444184162303,155.60808454868,0.010640690619452232,Rhine,1.0,0.0,49.173553,7.95339,11,-0.21323639919014462,Rhine
conc,Sec_Rhine_Upper,Upper Rhine (section),bonobo,EUS_410,0.202321178478406,0.344341772905083,177,0.904757319133934,160.142045486706,0.910548125598391,167.382525389791,1.0646528881909758,Rhine,1.0,,49.139221,8.063434,50,0.394050838756549,Rhine
conc,Sec_Rhine_Upper,Upper Rhine (section),bonobo,EUS_411,0.244821969258971,0.322013096863197,177,0.90852428639741,160.808798692342,0.915888712557308,165.337214943628,0.000121188559719258,Rhine,1.0,,49.140397,7.986364,5,-0.2591260299967922,Rhine
conc,Sec_Rhine_Upper,Upper Rhine (section),bonobo,EUS_412,0.216647934754882,0.328884031392586,177,0.902552355536115,159.751766929892,0.907395210519644,163.552034411382,0.0029340079179109935,Rhine,1.0,0.0,49.302446,8.147199,34,-0.039007324556123366,Rhine
conc,Sec_Rhine_Upper,Upper Rhine (section),bonobo,EUS_413,0.243956368320959,0.324950290341121,177,0.908533403526648,160.810412424217,0.915897372875394,165.337214943628,0.0033875755635067195,Rhine,1.0,,49.305376,8.079338,5,-0.25466808098055693,Rhine
conc,Sec_Rhine_Upper,Upper Rhine (section),bonobo,EUS_414,0.227287427287222,0.327195658745763,177,0.907307301717614,160.593392404018,0.914147207746912,163.682607074763,17.291982922811922,Rhine,1.0,13.1,49.258726,8.118499,22,-0.10455140852418132,Rhine
conc,Sec_Rhine_Upper,Upper Rhine (section),bonobo,EUS_415,0.241701940189903,0.323010731951284,177,0.905477755924469,160.269562798631,0.911572604958637,166.897152157852,0.18722237093132382,Rhine,1.0,0.0,49.265806,8.056276,7,-0.24006925198288281,Rhine
conc,Sec_Rhine_Upper,Upper Rhine (section),bonobo,EUS_416,0.211924205532476,0.332827051726274,177,0.884699684990084,156.591844243245,0.918079373094723,187.416103537299,5.791904571162355,Rhine,1.0,1.4,49.068706,8.005802,74,0.5138192490671403,Rhine
conc,Sec_Rhine_Upper,Upper Rhine (section),bonobo,EUS_417,0.24702674668391,0.321147258227961,177,0.908534612677929,160.810626443993,0.915898521432931,165.337214943628,0.0001189552028907174,Rhine,1.0,5.5,49.07187,7.948855,4,-0.2734656910018177,Rhine
conc,Sec_Rhine_Upper,Upper Rhine (section),bonobo,EUS_418,0.201868093697616,0.342746237268047,177,0.899375459760005,159.189456377521,0.906250246099479,153.423411033563,0.44878422612767915,Rhine,1.0,5.5,49.046771,7.986717,53,0.2749189017275695,Rhine
conc,Sec_Rhine_Upper,Upper Rhine (section),bonobo,EUS_419,0.244190944634214,0.324304006877144,177,0.908468864542345,160.798989023995,0.915805017101411,165.220701965688,0.00028785538393106294,Rhine,1.0,5.5,49.061533,7.947752,6,-0.2542939764963305,Rhine
conc,Sec_Rhine_Upper,Upper Rhine (section),bonobo,EUS_420,0.237723429664316,0.327364827065868,177,0.908561126004413,160.815319302781,0.915923705544141,165.337214943628,0.0005671532594996934,Rhine,1.0,,49.28122,8.113479,11,-0.19989915396881744,Rhine
conc,Sec_Rhine_Upper,Upper Rhine (section),bonobo,EUS_421,0.235077932021819,0.330617580513804,177,0.908530458570202,160.809891166926,0.915894575489074,165.337214943628,0.002607511607480342,Rhine,1.0,0.0,49.281804,8.093535,10,-0.19487099968267044,Rhine
conc,Sec_Rhine_Lower,Lower Rhine (section),bonobo,EUS_084,0.185617336025611,0.328375088532892,339,0.852197483360038,290.797362308077,0.850976201408211,291.223334095995,0.2579073783538736,Rhine,,0.0,52.042027,5.109697,72,0.44892244755617494,Rhine
conc,Sec_Rhine_Lower,Lower Rhine (section),bonobo,EUS_111,0.185118067778261,0.341545328295171,339,0.901230127481266,307.419409512912,0.902469360311077,313.924386644663,9.799230786720548,Rhine,1.0,,50.810022,6.1050229,74,0.4817578037569467,Rhine
conc,Sec_Rhine_Lower,Lower Rhine (section),bonobo,EUS_112,0.199694087542579,0.369143840939869,339,0.924775424755355,315.401258630634,0.925264795804844,371.063813492137,68.01550349775431,Rhine,1.0,0.0,50.797846,6.079448,91,0.7833868865531464,Rhine
conc,Sec_Rhine_Lower,Lower Rhine (section),bonobo,EUS_113,0.183754244225175,0.338797206272067,339,0.906305549049677,309.13998605327,0.907167739593591,323.291123765708,9.723497569381728,Rhine,3.0,32.9,50.797832,6.229975,66,0.39034543073399086,Rhine
conc,Sec_Rhine_Lower,Lower Rhine (section),bonobo,EUS_114,0.191411822389474,0.373672270359798,339,0.924819130957107,315.416073570215,0.925739558882549,371.064413432765,57.54312460049475,Rhine,3.0,32.9,50.798113,6.230543,86,0.7322622819092515,Rhine
conc,Sec_Rhine_Lower,Lower Rhine (section),bonobo,EUS_115,0.189174234584714,0.361032002103658,339,0.919885163021053,313.743470635509,0.920565400285453,350.671340570922,37.03872319692765,Rhine,2.0,85.3,50.810022,6.105228,84,0.6468367430482106,Rhine
conc,Sec_Rhine_Lower,Lower Rhine (section),bonobo,EUS_116,0.17923708989489,0.338780332989164,339,0.907347014165977,309.493031571478,0.907763613457598,317.631261672489,14.046875527594047,Rhine,2.0,85.3,50.811671,6.105135,65,0.41517039417773016,Rhine
conc,Sec_Rhine_Lower,Lower Rhine (section),bonobo,EUS_218,0.207211523841408,0.32688268958403,339,0.891586208948028,304.150148427113,0.892176654935374,294.107238242804,0.17477425471873081,Rhine,,87.3,52.248188,5.053219,23,-0.1268484387201533,Rhine
conc,Sec_Rhine_Lower,Lower Rhine (section),bonobo,EUS_221,0.214270355601061,0.386703033163033,339,0.915872344379209,312.383145161207,0.916526408321039,371.883634189597,3.4273090431207827,Rhine,3.0,87.3,52.248439,5.051222,104,0.8761306462764302,Rhine
conc,Sec_Rhine_Lower,Lower Rhine (section),bonobo,EUS_238,0.211172941087418,0.3617090102616,339,0.908879072761693,310.0275203821,0.912417515555913,341.267319434407,0.5203916786272432,Rhine,7.0,,51.471187,6.688798,108,0.7465149678125002,Rhine
conc,Sec_Rhine_Lower,Lower Rhine (section),bonobo,EUS_239,0.226703553154171,0.374355982687926,339,0.917955724192535,313.147347206746,0.921284674674652,360.322006222366,0.7075570565976357,Rhine,1.0,,51.479476,6.678543,113,0.8681634834389511,Rhine
conc,Sec_Rhine_Lower,Lower Rhine (section),bonobo,EUS_258,0.237689726799437,0.321421778346319,339,0.910900138287646,310.697568958703,0.912676479777605,322.825929694668,2.9777677462522905e-05,Rhine,4.0,8.4,50.29727,10.107735,3,-0.2737237434345081,Rhine
conc,Sec_Rhine_Lower,Lower Rhine (section),bonobo,EUS_259,0.236422353658999,0.324310561636505,339,0.912003849828933,311.071722057946,0.91390329760199,324.113561176423,5.9489411805908735e-05,Rhine,4.0,8.4,50.297581,10.106185,5,-0.2742121890127483,Rhine
conc,Sec_Rhine_Lower,Lower Rhine (section),bonobo,EUS_260,0.227941472651498,0.327090807905463,339,0.907270745129787,309.467206639902,0.908654117410311,313.782610236865,0.0022182391666683773,Rhine,4.0,8.4,50.297526,10.106084,10,-0.22298145846475265,Rhine
conc,Sec_Rhine_Lower,Lower Rhine (section),bonobo,EUS_261,0.190284311907658,0.331435640141554,339,0.899328945556232,306.774923019292,0.910923690410834,295.209286702913,4.0830932676915594,Rhine,4.0,8.4,50.297348,10.106423,51,0.2007315602526016,Rhine
conc,Sec_Rhine_Lower,Lower Rhine (section),bonobo,EUS_262,0.20384402544507,0.338016370081664,339,0.900761742392469,307.260652368543,0.901600524440728,332.07464776441,0.05425379374107739,Rhine,4.0,8.4,50.297559,10.108078,26,-0.033643189947931335,Rhine
conc,Sec_Rhine_Lower,Lower Rhine (section),bonobo,EUS_263,0.190813802805918,0.33209658047329,339,0.898595655016587,306.526337434092,0.909539028334019,295.308672499052,2.983053925879152,Rhine,4.0,8.4,50.2885,10.102729,51,0.19607107030072626,Rhine
conc,Sec_Rhine_Lower,Lower Rhine (section),bonobo,EUS_264,0.190205925892518,0.330098411602416,339,0.897110030494955,306.022711786383,0.903890705974519,296.06851416235,3.3919788550541154,Rhine,4.0,8.4,50.290859,10.100588,51,0.19931965210890887,Rhine
conc,Sec_Rhine_Lower,Lower Rhine (section),bonobo,EUS_265,0.223187104828071,0.330625453141181,339,0.911993432980498,311.068188901568,0.913893229470381,324.113561176423,0.05720908742014246,Rhine,1.0,0.0,50.016425,10.229141,12,-0.20074439882298592,Rhine
conc,Sec_Rhine_Lower,Lower Rhine (section),bonobo,EUS_266,0.222550476146505,0.33098607528953,339,0.911992083370999,311.067731144976,0.913891925037081,324.113561176423,0.07298572128985767,Rhine,1.0,,50.017327,10.228221,13,-0.19447930797748847,Rhine
conc,Sec_Rhine_Lower,Lower Rhine (section),bonobo,EUS_381,0.223392993508789,0.331314571887714,339,0.909398977124068,310.188668090759,0.911284113037825,318.138628443013,0.023737978077579908,Rhine,1.0,0.0,50.364697,8.988803,13,-0.17499634298502859,Rhine
conc,Sec_Rhine_Lower,Lower Rhine (section),bonobo,EUS_382,0.199361093690952,0.355135475327533,339,0.90765455245127,309.597313154882,0.909196814061084,317.841654368714,0.0023220090458224325,Rhine,1.0,0.0,50.414425,8.882782,29,-0.0014307197469473297,Rhine
conc,Sec_Rhine_Lower,Lower Rhine (section),bonobo,EUS_383,0.191514086529485,0.35617798752268,339,0.900599401505426,307.205628198874,0.901799799933537,302.651196625056,0.13927946653270754,Rhine,1.0,0.0,50.4097711,8.9239639,35,0.09211347960094657,Rhine
conc,Sec_Rhine_Lower,Lower Rhine (section),bonobo,EUS_387,0.232650284043408,0.32926851327643,339,0.911972197035379,311.060986156922,0.913872704270518,324.113561176423,0.00020826418895593558,Rhine,1.0,0.0,52.159343,10.821136,4,-0.24002000182175992,Rhine
conc,Sec_Rhine_Lower,Lower Rhine (section),bonobo,EUS_388,0.232291212164473,0.329015821760791,339,0.911354030438277,310.851427829314,0.913187753831297,324.028515805171,0.00913766892791609,Rhine,1.0,,52.165596,10.832034,5,-0.23663014671361318,Rhine
conc,Sec_Rhine_Lower,Lower Rhine (section),bonobo,EUS_392,0.197508536828197,0.353520457616624,339,0.905217938146001,308.771299835764,0.906631092656798,313.445900542537,0.005382811251466463,Rhine,1.0,,52.388738,7.196858,31,0.024547929799528915,Rhine
conc,Sec_Rhine_Lower,Lower Rhine (section),bonobo,EUS_393,0.218539988928506,0.342373922991249,339,0.911048325231825,310.747798358203,0.912845413521374,321.809557937558,0.002389564463395213,Rhine,1.0,0.0,52.175367,10.684714,14,-0.14656462754372176,Rhine
conc,Sec_Rhine_Lower,Lower Rhine (section),bonobo,EUS_400,0.186100007413921,0.336251176086311,339,0.864862401176018,295.090765206633,0.865264664972995,284.235177752525,0.06649918603583888,Rhine,1.0,,50.654141,6.636399,58,0.3423544445681735,Rhine
conc,Sec_Rhine_Lower,Lower Rhine (section),bonobo,EUS_401,0.20029917699984,0.349268924182326,339,0.910086254591895,310.421658769114,0.911777708913598,321.48095577436,0.009816554195034488,Rhine,2.0,,51.575396,6.356239,27,-0.008854221336034942,Rhine
conc,Sec_Rhine_Lower,Lower Rhine (section),bonobo,EUS_402,0.189202857848513,0.350984240297349,339,0.89849581913562,306.492501426535,0.89967233400447,306.610911499184,0.025334682834736045,Rhine,1.0,,50.666319,6.554531,44,0.1399930442992833,Rhine
conc,Sec_Danube_Upper,Upper Danube (section),bonobo,EUS_001,0.213773569051457,0.28246940189646,272,0.781407954801736,212.542963706072,0.792838277982059,274.275229104398,0.6543876470893533,Danube,5.0,5.0,46.076255,14.637157,46,0.2399210431742569,Danube
conc,Sec_Danube_Upper,Upper Danube (section),bonobo,EUS_002,0.232955990696578,0.26413489101459,272,0.776519710158227,211.213361163038,0.782503254985439,220.999240420006,0.22823965029596635,Danube,3.0,0.6,46.001086,14.469558,39,0.06758508726496969,Danube
conc,Sec_Danube_Upper,Upper Danube (section),bonobo,EUS_003,0.280300808764324,0.36591880299163,272,0.853588375233155,232.176038063418,0.846596327075778,608.896199216287,0.8078211992227314,Danube,5.0,5.0,46.072357,14.63525,111,1.0753424926533413,Danube
conc,Sec_Danube_Upper,Upper Danube (section),bonobo,EUS_004,0.220627426779913,0.278801922014816,272,0.777059570146246,211.360203079779,0.785681732982296,217.499549883504,0.18797746022291717,Danube,5.0,5.0,46.087919,14.677909,68,0.3580368919677585,Danube
conc,Sec_Danube_Upper,Upper Danube (section),bonobo,EUS_005,0.221094593127721,0.274284152485569,272,0.768132173756114,208.931951261663,0.780115151364122,211.399514246382,0.05914403996716917,Danube,1.0,0.0,45.951136,14.296199,68,0.366424626264023,Danube
conc,Sec_Danube_Upper,Upper Danube (section),bonobo,EUS_006,0.243989776781984,0.25786458906254,272,0.770037143068262,209.450102914567,0.786832614346178,225.984535266187,0.006233809390852262,Danube,1.0,,45.952858,14.298592,31,0.012558678699158625,Danube
conc,Sec_Danube_Upper,Upper Danube (section),bonobo,EUS_007,0.26290793185725,0.258813952390022,272,0.796817885427976,216.734464836409,0.805595697221704,223.953965920652,0.08044640953537814,Danube,2.0,0.5,45.97193,14.313989,18,-0.10014484522046808,Danube
conc,Sec_Danube_Upper,Upper Danube (section),bonobo,EUS_008,0.265121626801556,0.257627318651831,272,0.793470666950552,215.82402141055,0.802638997663382,212.477794321902,0.08474085104470666,Danube,3.0,0.5,46.117018,14.610843,19,-0.12157700619137961,Danube
conc,Sec_Danube_Upper,Upper Danube (section),bonobo,EUS_009,0.248673159751417,0.264919829331602,272,0.78943741246778,214.726976191236,0.8020766335593,230.282225848366,0.09219071322471319,Danube,1.0,0.0,46.328569,14.584276,26,-0.035027863672228925,Danube
conc,Sec_Danube_Upper,Upper Danube (section),bonobo,EUS_010,0.278089940779803,0.255102822840024,272,0.804524794628685,218.830744139002,0.815215808006733,235.364771223856,0.07822175724270176,Danube,2.0,,46.279685,14.614511,7,-0.23556859981149195,Danube
conc,Sec_Danube_Upper,Upper Danube (section),bonobo,EUS_011,0.27344800071576,0.25840104912513,272,0.805549699912225,219.109518376125,0.815770164890497,234.213056764302,0.0830186088206453,Danube,3.0,0.5,46.114864,14.612,9,-0.205625354342513,Danube
conc,Sec_Danube_Upper,Upper Danube (section),bonobo,EUS_012,0.262937303816766,0.260659884273186,272,0.791191377263781,215.204054615749,0.799380060821339,220.685161721106,0.08411303017869959,Danube,5.0,5.0,46.075391,14.63705,20,-0.12571345491807653,Danube
conc,Sec_Danube_Upper,Upper Danube (section),bonobo,EUS_013,0.27429224864548,0.256277315331341,272,0.804388777984493,218.793747611782,0.813722018532296,232.465655277837,0.07911872033920132,Danube,3.0,0.6,45.974343,14.415741,9,-0.2123985637316864,Danube
conc,Sec_Danube_Upper,Upper Danube (section),bonobo,EUS_051,0.249961746017265,0.273216800831134,272,0.793555533276379,215.847105051175,0.804261261311849,244.268537463684,0.15155393056276273,Danube,1.0,0.0,49.745228,12.122372,20,-0.12791765562173482,Danube
conc,Sec_Danube_Upper,Upper Danube (section),bonobo,EUS_096,0.226104102760741,0.266914096286366,272,0.762934543095681,207.518195722025,0.769790140252214,238.981315464293,0.08649168536805202,Danube,1.0,0.0,48.390928,15.696507,55,0.2646412414624924,Danube
conc,Sec_Danube_Upper,Upper Danube (section),bonobo,EUS_097,0.227182285034556,0.27087524478952,272,0.778382912312791,211.720152149079,0.786475820112176,213.553144492811,0.09745168702841188,Danube,5.0,9.1,46.709944,15.634373,59,0.30018858494170925,Danube
conc,Sec_Danube_Upper,Upper Danube (section),bonobo,EUS_105,0.216580499520864,0.2749205776316,272,0.75788453129274,206.144592511625,0.765105409105427,291.088280040154,0.892971738652728,Danube,3.0,15.9,49.542607,16.573452,66,0.3546267092703947,Danube
conc,Sec_Danube_Upper,Upper Danube (section),bonobo,EUS_164,0.230191137900998,0.280510950651143,272,0.768741361404455,209.097650302012,0.779700018866854,256.073355009745,1.2761637069509406,Danube,6.0,3.1,46.310181,16.397589,88,0.5759704067589402,Danube
conc,Sec_Danube_Upper,Upper Danube (section),bonobo,EUS_165,0.25378718980082,0.260975679902848,272,0.782395983336148,212.811707467432,0.790627372337135,226.61083814241,0.023908843613667914,Danube,6.0,4.1,45.784996,16.132961,26,-0.08882935648752059,Danube
conc,Sec_Danube_Upper,Upper Danube (section),bonobo,EUS_166,0.253564363328712,0.257804531718655,272,0.788112387961906,214.366569525638,0.794230223279727,212.82720222442,0.10994465721632789,Danube,4.0,0.4,46.065975,14.623696,28,-0.07009581312194911,Danube
conc,Sec_Danube_Upper,Upper Danube (section),bonobo,EUS_168,0.23607677323933,0.258481723143977,272,0.78334364631592,213.06947179793,0.790412820870476,203.429004356988,0.038376002397725525,Danube,6.0,3.9,45.95689,15.488278,46,0.13946622343958673,Danube
conc,Sec_Danube_Upper,Upper Danube (section),bonobo,EUS_171,0.25842621734301,0.255202788544408,272,0.790665751156036,215.061084314442,0.79603200339853,219.083314682521,0.010286742776225892,Danube,4.0,4.0,48.110907,14.896042,22,-0.11197425849773202,Danube
conc,Sec_Danube_Upper,Upper Danube (section),bonobo,EUS_172,0.249372788381288,0.259069278124341,272,0.783760065285317,213.182737757606,0.791168450672222,207.600300110121,0.06969552003676066,Danube,5.0,8.0,48.413553,10.888442,36,-0.00695289643945359,Danube
conc,Sec_Danube_Upper,Upper Danube (section),bonobo,EUS_176,0.212867546372879,0.284585917876728,272,0.762173791111581,207.31127118235,0.809881373491955,304.102075611137,1.351285752931794,Danube,6.0,3.1,46.310154,16.397992,68,0.4511538984734635,Danube
conc,Sec_Danube_Upper,Upper Danube (section),bonobo,EUS_177,0.253176753050648,0.32542399085033,272,0.829549065641216,225.637345854411,0.837713554585543,465.626392115402,0.5898996501759942,Danube,5.0,5.0,46.071103,14.634847,103,0.8589389663923567,Danube
conc,Sec_Danube_Upper,Upper Danube (section),bonobo,EUS_179,0.226075530320402,0.263807743016689,272,0.771735754673351,209.912125271152,0.777990531393166,208.321840365401,0.38133715895685566,Danube,6.0,4.6,45.94238,15.495631,56,0.2381947409808322,Danube
conc,Sec_Danube_Upper,Upper Danube (section),bonobo,EUS_182,0.220416780995593,0.270830201258524,272,0.765372764929498,208.181392060824,0.768900343978288,222.265256471791,0.4469779027641194,Danube,4.0,19.4,48.11049,14.897041,66,0.3560769055313901,Danube
conc,Sec_Danube_Upper,Upper Danube (section),bonobo,EUS_183,0.452117167776977,0.367833241152673,272,0.908123286996126,247.009534062946,0.904924741435642,962.720198868863,50.654967121270744,Danube,5.0,8.0,48.414023,10.88854,149,1.6807368249151426,Danube
conc,Sec_Danube_Upper,Upper Danube (section),bonobo,EUS_301,0.232885206079994,0.263005639330209,272,0.783947776642199,213.233795246678,0.788646384218516,252.829759788475,0.7523148487659005,Danube,5.0,20.9,48.42402048,10.02624817,47,0.11842735762268973,Danube
conc,Sec_Danube_Upper,Upper Danube (section),bonobo,EUS_302,0.234955902706697,0.267961881371579,272,0.795539289117184,216.386686639874,0.804549688008842,217.71386717098,0.03515283307195662,Danube,6.0,16.3,48.73335642,11.14445055,50,0.1264096513225632,Danube
conc,Sec_Danube_Upper,Upper Danube (section),bonobo,EUS_303,0.231744398169802,0.270504926221537,272,0.796997235794463,216.783248136094,0.805223352901914,221.916782162812,0.1156856877397936,Danube,6.0,10.9,48.91633554,11.86649367,54,0.19733723256746036,Danube
conc,Sec_Danube_Upper,Upper Danube (section),bonobo,EUS_304,0.228328205969636,0.278840325814934,272,0.785023061747407,213.526272795295,0.792499099906321,225.069547391902,0.16001282090583283,Danube,6.0,11.1,48.77267035,13.0101508,66,0.32889959552275533,Danube
conc,Sec_Danube_Upper,Upper Danube (section),bonobo,EUS_305,0.246234343078164,0.268547461930253,272,0.789092853677392,214.633256200251,0.794927100056012,223.35034492821,0.37059074826024124,Danube,6.0,5.8,48.55724283,13.43597663,26,-0.03318650907940004,Danube
conc,Sec_Danube_Upper,Upper Danube (section),bonobo,EUS_306,0.237901615577288,0.271169391936537,272,0.791267486509691,215.224756330636,0.799431837381543,214.491554088356,0.029778693261143924,Danube,7.0,7.6,48.52084906,13.70232057,44,0.10779941617116093,Danube
conc,Sec_Danube_Upper,Upper Danube (section),bonobo,EUS_307,0.236828034913422,0.273286908225372,272,0.794781528330627,216.18057570593,0.806503512140318,222.113191276233,0.27991550778230123,Danube,7.0,8.4,48.24100774,14.51473092,42,0.1089218713996816,Danube
conc,Sec_Danube_Upper,Upper Danube (section),bonobo,EUS_308,0.238599787415913,0.270600863340917,272,0.795480555402237,216.370711069408,0.803923503926641,221.791606776748,0.17747946192273503,Danube,7.0,7.8,48.38560425,15.53280995,44,0.09444021973657811,Danube
conc,Sec_Danube_Upper,Upper Danube (section),bonobo,EUS_309,0.234445925781852,0.273288802512068,272,0.788160146122677,214.379559745368,0.796581287401312,222.214146094367,0.28966412197452157,Danube,7.0,7.9,48.32964293,16.33237286,45,0.14197273109324055,Danube
conc,Sec_Danube_Upper,Upper Danube (section),bonobo,EUS_334,0.225805491906297,0.267889271686299,272,0.782752589046504,212.908704220649,0.793606852256067,209.226604600343,0.017159129783427034,Danube,6.0,4.1,45.860644,15.692446,54,0.19980543885376717,Danube
conc,Sec_Danube_Upper,Upper Danube (section),bonobo,EUS_376,0.231554849523258,0.304455994119058,272,0.804567103708749,218.84225220878,0.813908667327572,238.453715609603,0.040445367783267745,Danube,1.0,0.0,48.456463,10.965202,35,0.06353959083342609,Danube
conc,Sec_Danube_Upper,Upper Danube (section),bonobo,EUS_377,0.229226001261013,0.302436468861619,272,0.80643543443366,219.350438165955,0.816830050230483,242.21894051748,0.08573552729391933,Danube,1.0,0.0,48.424693,12.72698,34,0.10658079815044255,Danube
conc,Sec_Danube_Upper,Upper Danube (section),bonobo,EUS_378,0.256911462596504,0.270275655609272,272,0.801957308772999,218.132387986256,0.810722241028439,234.050782518847,0.009508945059313236,Danube,1.0,0.0,48.414723,10.942116,16,-0.13764301377682472,Danube
conc,Sec_Danube_Upper,Upper Danube (section),bonobo,EUS_379,0.22248395659329,0.279812640012214,272,0.782845373729614,212.933941654455,0.78642237269254,225.910230124047,0.20090146035999687,Danube,1.0,,48.420842,12.728327,47,0.2404655756188376,Danube
conc,Sec_Danube_Upper,Upper Danube (section),bonobo,EUS_380,0.227966605717728,0.304287591741698,272,0.799381769979901,217.431841434533,0.808160166426294,233.60872459819,0.11947653902586271,Danube,1.0,0.0,48.631298,12.899675,40,0.12822507657995796,Danube
conc,Sec_Danube_Middle,Middle Danube (section),bonobo,EUS_082,0.164075668862292,0.286858837895917,221,0.7718439722876,172.290412085156,0.770620363982843,225.286937012527,1.19554240414162,Danube,4.0,16.6,48.6871108323948,16.9894285542993,85,0.6118970641582959,Danube
conc,Sec_Danube_Middle,Middle Danube (section),bonobo,EUS_103,0.199044705815542,0.274563030160664,221,0.808614313859163,180.53906109603,0.814595769132777,217.630401660784,0.08911273919470683,Danube,2.0,0.0,49.490173,16.694152,24,-0.08162467248747811,Danube
conc,Sec_Danube_Middle,Middle Danube (section),bonobo,EUS_104,0.185838397800054,0.270882107689392,221,0.773452527805723,172.774229978096,0.777036726393737,183.799932281919,0.181945815125964,Danube,2.0,,49.48904,16.692684,35,0.030156097558925066,Danube
conc,Sec_Danube_Middle,Middle Danube (section),bonobo,EUS_106,0.159276898635154,0.28004310858468,221,0.787703236962335,175.923403974981,0.79161596657827,203.742116510406,0.8951632811250023,Danube,3.0,15.9,49.542243,16.573741,72,0.43756772447944897,Danube
conc,Sec_Danube_Middle,Middle Danube (section),bonobo,EUS_107,0.190984808884775,0.273714550800715,221,0.79830114433213,178.262001334633,0.800908048467432,212.922292819316,0.5719985786078498,Danube,1.0,0.0,49.379365,16.760357,29,-0.029187718101116235,Danube
conc,Sec_Danube_Middle,Middle Danube (section),bonobo,EUS_108,0.160926997064696,0.31181295837787,221,0.789542089147678,176.328374838732,0.800543027516375,335.20139177661,2.512309309806107,Danube,4.0,13.7,49.565749,17.267724,85,0.7313252392781769,Danube
conc,Sec_Danube_Middle,Middle Danube (section),bonobo,EUS_109,0.165772429648859,0.291446838033588,221,0.790493524926129,176.538911078862,0.791629148944722,231.594902696339,1.5120992663951274,Danube,3.0,7.6,49.347639,16.65102,85,0.5981336399423118,Danube
conc,Sec_Danube_Middle,Middle Danube (section),bonobo,EUS_110,0.189954275254764,0.324206871797901,221,0.81804464256782,182.628626483596,0.824461793550984,343.645659589557,2.280295374469408,Danube,3.0,7.6,49.343754,16.648637,101,0.8758985941923136,Danube
conc,Sec_Danube_Middle,Middle Danube (section),bonobo,EUS_167,0.188224863224797,0.264521741273932,221,0.790785764179373,176.374357378646,0.793339650078716,174.29574063976,0.10844787235426928,Danube,7.0,6.8,47.455269,19.06115,49,0.1155060177148906,Danube
conc,Sec_Danube_Middle,Middle Danube (section),bonobo,EUS_169,0.194657967833324,0.268379671324143,221,0.797096418882797,177.902030663973,0.799867695273993,184.604211722175,0.08612222384147146,Danube,5.0,10.4,49.24502,18.639577,34,0.006131157035855092,Danube
conc,Sec_Danube_Middle,Middle Danube (section),bonobo,EUS_170,0.167009592334277,0.276745637496264,221,0.76427854728575,170.522942019549,0.769090598327079,175.064126417241,0.6328253346440894,Danube,4.0,35.2,49.125151,16.627226,90,0.5583049649516597,Danube
conc,Sec_Danube_Middle,Middle Danube (section),bonobo,EUS_178,0.170970280884306,0.267809356127613,221,0.781188238747795,174.376537720959,0.784277066702725,176.201224375262,0.4273800833909387,Danube,7.0,6.8,47.45407,19.060272,61,0.2815804190134281,Danube
conc,Sec_Danube_Middle,Middle Danube (section),bonobo,EUS_180,0.178501146640358,0.279897975149755,221,0.786666031871525,175.601164186184,0.789403626071284,179.730244725637,0.35440145814731183,Danube,5.0,10.4,49.244395,18.639079,44,0.12268481957122887,Danube
conc,Sec_Danube_Middle,Middle Danube (section),bonobo,EUS_181,0.301111473552667,0.347331790835301,221,0.848466592810503,189.244859427344,0.850376353235439,488.275880969097,1.611080861706665,Danube,7.0,9.2,49.123616,16.627051,144,1.4102464814797293,Danube
conc,Sec_Danube_Middle,Middle Danube (section),bonobo,EUS_310,0.18224194230977,0.271871524463866,221,0.792163496392166,176.7806987648,0.794730602180293,177.685863057943,0.1788624215444959,Danube,7.0,8.7,48.15125675,16.94446796,45,0.14061418606623874,Danube
conc,Sec_Danube_Middle,Middle Danube (section),bonobo,EUS_311,0.167613571561242,0.284117193418925,221,0.798106308852665,178.128765598998,0.804040437623654,191.404100972433,0.29409355668537257,Danube,1.0,0.0,48.72353966,16.88493834,80,0.539881612012347,Danube
conc,Sec_Danube_Middle,Middle Danube (section),bonobo,EUS_312,0.176757403330431,0.286787750602206,221,0.796526046379023,177.780562713641,0.801468985966258,190.737381025408,0.5685715218487053,Danube,4.0,16.6,48.68704724,16.98848745,89,0.602276060616423,Danube
conc,Sec_Danube_Middle,Middle Danube (section),bonobo,EUS_313,0.178421275655669,0.29249387662387,221,0.799973875321919,178.542508932581,0.806195487081639,197.980547241358,69.89882587979923,Danube,6.0,27.7,48.19817131,16.97246712,88,0.6780227573576403,Danube
conc,Sec_Danube_Middle,Middle Danube (section),bonobo,EUS_314,0.175475750188062,0.273912371229677,221,0.791999036656337,176.755849968929,0.79473028680733,181.369228053063,114.27705383322999,Danube,7.0,9.7,48.13703476,17.10424581,51,0.22158786963631635,Danube
conc,Sec_Danube_Middle,Middle Danube (section),bonobo,EUS_315,0.180960379973587,0.27638658180265,221,0.792645643673699,176.891665565425,0.795437884711526,178.255241686054,551.9792934054989,Danube,7.0,6.1,48.032998,17.234718,48,0.1599797425371762,Danube
conc,Sec_Danube_Middle,Middle Danube (section),bonobo,EUS_316,0.176103969405327,0.276176553140378,221,0.789386412455386,176.200884497981,0.791797869446229,173.791540969841,260.0192509680367,Danube,7.0,6.1,47.788522,17.658216,59,0.24420281830473659,Danube
conc,Sec_Danube_Middle,Middle Danube (section),bonobo,EUS_317,0.169820636829167,0.278381963003855,221,0.790532184295554,176.451785108468,0.792943248226186,179.847486996447,0.30631409712485097,Danube,6.0,14.6,47.735884,17.759652,73,0.42526607084877655,Danube
conc,Sec_Danube_Middle,Middle Danube (section),bonobo,EUS_318,0.173030170376049,0.276356098483084,221,0.788926777599833,176.092256819679,0.791124904965533,175.944959646173,58.606543567815834,Danube,7.0,6.6,47.738524,17.82486,62,0.28287416300300533,Danube
conc,Sec_Danube_Middle,Middle Danube (section),bonobo,EUS_319,0.173295283999064,0.269722963300918,221,0.793297481224339,177.035675221626,0.796737414655481,174.043343031371,0.20145104277887443,Danube,6.0,0.6,47.775321,18.138059,62,0.27463034639649164,Danube
conc,Sec_Danube_Middle,Middle Danube (section),bonobo,EUS_320,0.172907411386448,0.269199541070152,221,0.789106927443476,176.130541527499,0.792041908142322,172.936947366942,0.1987215263741839,Danube,4.0,3.2,47.827465,18.720857,60,0.2908773833692191,Danube
conc,Sec_Danube_Middle,Middle Danube (section),bonobo,EUS_321,0.169384352793034,0.277980448648956,221,0.785673732636335,175.37007498201,0.789181121454146,173.734211483208,0.4409886326647977,Danube,4.0,7.2,47.88632,18.762617,77,0.4782506344128578,Danube
conc,Sec_Danube_Middle,Middle Danube (section),bonobo,EUS_322,0.172347054374851,0.273613448095924,221,0.794381867332265,177.264767651378,0.797468853924215,177.511764581586,0.2632304333954603,Danube,7.0,6.7,47.815412,18.861581,63,0.3163359531295401,Danube
conc,Sec_Danube_Middle,Middle Danube (section),bonobo,EUS_323,0.177528070436266,0.271676166083973,221,0.792677335686451,176.832829593715,0.795181043917548,179.941132719314,0.2741027156753699,Danube,7.0,6.7,47.65723,19.11901,56,0.20481236025107774,Danube
conc,Sec_Danube_Middle,Middle Danube (section),bonobo,EUS_324,0.174745754893642,0.273002087967982,221,0.792446779855203,176.864582014995,0.794592498947028,177.198693593057,84.59688021194172,Danube,7.0,7.1,47.38675,19.010849,62,0.2805432355576886,Danube
conc,Sec_Danube_Middle,Middle Danube (section),bonobo,EUS_325,0.174551254965207,0.271224251705743,221,0.793337548632657,177.03528649893,0.796606617221859,173.943999439202,81.6326053004556,Danube,3.0,0.1,47.034613,18.97922,63,0.2925466548276732,Danube
conc,Sec_Danube_Middle,Middle Danube (section),bonobo,EUS_326,0.176458748856994,0.273679664123474,221,0.794360161782512,177.301267041193,0.797337304027177,176.317122786934,0.11267449252281621,Danube,7.0,7.2,46.816039,18.9242,59,0.23268907051069637,Danube
conc,Sec_Danube_Middle,Middle Danube (section),bonobo,EUS_327,0.178632673504872,0.272722154770235,221,0.795146814178963,177.475492337128,0.797770902183036,176.941384125818,0.1226989621963079,Danube,7.0,7.2,46.632717,18.883772,57,0.2215340382359146,Danube
conc,Sec_Danube_Middle,Middle Danube (section),bonobo,EUS_328,0.176126139503533,0.27140811930097,221,0.793488693141512,177.103563800283,0.796487508432826,174.920788909377,243.14766131451066,Danube,7.0,7.5,46.201667,18.925202,61,0.26676786182730244,Danube
conc,Sec_Danube_Middle,Middle Danube (section),bonobo,EUS_329,0.17749823209091,0.270606190692759,221,0.793090746532248,177.016840441728,0.795364028547711,175.19919873144,364.59429848844223,Danube,7.0,7.3,45.852725,18.854517,61,0.2431032117897902,Danube
conc,Sec_Danube_Middle,Middle Danube (section),bonobo,EUS_330,0.186661113571591,0.268613361315278,221,0.795171790276924,177.476774654028,0.797466980945327,177.501489460302,109.97983223039108,Danube,7.0,5.5,45.551916,18.861546,46,0.11863048989334882,Danube
conc,Sec_Danube_Middle,Middle Danube (section),bonobo,EUS_331,0.184094401174496,0.268392585869825,221,0.791450393221272,176.484211959233,0.793275573451495,175.692147312749,0.06895019561891622,Danube,8.0,5.6,45.233889,19.383611,51,0.12173069218668442,Danube
conc,Sec_Danube_Middle,Middle Danube (section),bonobo,EUS_335,0.169791423029427,0.272393161608845,221,0.774158087414036,172.832697892696,0.774514779598254,193.540699693166,8.435694440415716,Danube,6.0,4.2,44.87828,19.08364,54,0.19892547817665504,Danube
conc,Sec_Danube_Middle,Middle Danube (section),bonobo,EUS_352,0.157385258329454,0.31174364268824,221,0.79391373441794,177.202142742223,0.795292582889779,222.35208772551,20.101829819234418,Danube,2.0,,45.834291,19.632112,50,0.24812838394610212,Danube
conc,Sec_Danube_Middle,Middle Danube (section),bonobo,EUS_353,0.169094959872837,0.304389508309034,221,0.792991500083165,176.986750670213,0.794881270096597,225.092239892004,1.6877675456980268,Danube,2.0,,45.86677,19.613436,38,0.07354573120923641,Danube
conc,Sec_Danube_Middle,Middle Danube (section),bonobo,EUS_354,0.185087420847305,0.290455796463428,221,0.800803525728628,178.704432949644,0.803487809046981,202.308087084299,1.567630243037741,Danube,2.0,0.0,45.882276,19.608185,33,-0.025563048983860154,Danube
conc,Sec_Danube_Middle,Middle Danube (section),bonobo,EUS_355,0.175381011548897,0.356552406534864,221,0.813270089516875,181.221244381176,0.809983867770494,500.718340414471,4.686918958326008,Danube,3.0,,45.780402,19.579746,94,0.8805519682236888,Danube
conc,Sec_Danube_Middle,Middle Danube (section),bonobo,EUS_371,0.172972217709083,0.270345144910462,221,0.777433637671399,173.543570807328,0.777498359312108,179.972897926301,1.0506686596018544,Danube,2.0,0.0,45.7365,19.13925,52,0.19477267850469687,Danube
conc,Sec_Danube_Lower,Lower Danube (section),bonobo,EUS_158,0.182060350107498,0.327150020497416,254,0.775846907887831,206.696221370639,0.777417572346597,206.336410895425,0.272494385163197,Danube,1.0,0.0,45.223886,19.699039,60,0.3376085475541759,Danube
conc,Sec_Danube_Lower,Lower Danube (section),bonobo,EUS_159,0.18524323533893,0.32277566317166,254,0.778674352676418,207.559984135411,0.789244372874133,202.209896861035,0.052701141479133594,Danube,1.0,0.0,45.240276,19.889274,63,0.3198309304199083,Danube
conc,Sec_Danube_Lower,Lower Danube (section),bonobo,EUS_160,0.181895154870988,0.321847746950406,254,0.783353567734129,209.10079480365,0.784254568360658,220.845076827088,0.6059737372954666,Danube,8.0,5.6,45.260331,19.85665,90,0.6794324477833372,Danube
conc,Sec_Danube_Lower,Lower Danube (section),bonobo,EUS_161,0.179959575951588,0.326953167467915,254,0.777312789022688,207.480946004683,0.779292337181972,225.391210226342,1.0089980893634884,Danube,2.0,3.7,44.395833,26.223022,98,0.7205620418416231,Danube
conc,Sec_Danube_Lower,Lower Danube (section),bonobo,EUS_162,0.208321226428238,0.308771182806091,254,0.784352661688579,209.18119967585,0.783765300945878,200.127876739132,0.06809159118749222,Danube,4.0,3.3,46.789539,23.682029,40,0.06657586277624328,Danube
conc,Sec_Danube_Lower,Lower Danube (section),bonobo,EUS_163,0.204522967571077,0.31519046622365,254,0.794069281476543,211.630943665853,0.794652153254311,209.589619323857,0.10960658506204203,Danube,2.0,0.0,44.747126,19.726075,49,0.11894732286317436,Danube
conc,Sec_Danube_Lower,Lower Danube (section),bonobo,EUS_173,0.312971774011055,0.363877407153119,254,0.827003846739205,218.767032193776,0.823332920685969,388.105829764484,9.108865714863125,Danube,2.0,71.4,44.39686,26.247741,145,1.6282097924930445,Danube
conc,Sec_Danube_Lower,Lower Danube (section),bonobo,EUS_174,0.180446589181612,0.347649448629735,254,0.766779763780183,204.790848167334,0.77241281986412,261.242960203428,0.56372306899621,Danube,4.0,85.2,46.791089,23.717859,101,0.790739231199845,Danube
conc,Sec_Danube_Lower,Lower Danube (section),bonobo,EUS_175,0.189160853729954,0.314161757070643,254,0.779885661604149,208.078475045408,0.782777709600781,190.371542825436,0.15552193460113212,Danube,7.0,4.2,44.74578,19.728111,67,0.30212225486250815,Danube
conc,Sec_Danube_Lower,Lower Danube (section),bonobo,EUS_332,0.19232245690579,0.323631365676309,254,0.798808301901274,213.014580408976,0.800122490441618,212.977175681178,0.26445452347193765,Danube,7.0,8.0,46.235,20.150556,60,0.2299355925756725,Danube
conc,Sec_Danube_Lower,Lower Danube (section),bonobo,EUS_333,0.184477292571355,0.326793352292103,254,0.793829157991424,211.68578198127,0.795681910021051,205.134843901259,1.31039402460419,Danube,7.0,6.3,45.186667,20.311667,68,0.36881501151675394,Danube
conc,Sec_Danube_Lower,Lower Danube (section),bonobo,EUS_336,0.1975119996584,0.325584771591328,254,0.802077133896091,213.788642124515,0.801285837253432,217.198838041682,2.636951026196499,Danube,7.0,4.2,44.795899,20.400902,50,0.13281902371366136,Danube
conc,Sec_Danube_Lower,Lower Danube (section),bonobo,EUS_337,0.191460131336589,0.3325631318838,254,0.80405791066609,214.307629434955,0.803987942265033,220.597291326956,0.9559112418742881,Danube,1.0,0.0,44.702222,20.955833,63,0.2585362200419216,Danube
conc,Sec_Danube_Lower,Lower Danube (section),bonobo,EUS_338,0.195244765668571,0.312680103574985,254,0.787623510894104,210.158015049724,0.796831142463679,201.81835483771,0.9408177949297143,Danube,6.0,0.0,43.7236111,21.373333,55,0.2276135794646571,Danube
conc,Sec_Danube_Lower,Lower Danube (section),bonobo,EUS_339,0.191657489758606,0.316692926918045,254,0.786765787081995,209.97082199378,0.795267943666866,200.47355630967,9.553333826816596,Danube,6.0,,44.601944,21.086389,57,0.28551111779641447,Danube
conc,Sec_Danube_Lower,Lower Danube (section),bonobo,EUS_340,0.197570487272516,0.3281456282595,254,0.801357087229366,213.677314310011,0.800001449883844,217.499209742512,0.4551191329159747,Danube,8.0,9.4,44.814167,21.330556,57,0.18997827266759842,Danube
conc,Sec_Danube_Lower,Lower Danube (section),bonobo,EUS_341,0.200122942418263,0.32780618868864,254,0.801955500617391,213.785521321477,0.80198519282322,220.510506889961,6.34254660284159,Danube,8.0,14.2,44.263889,22.679722,49,0.1412343229742989,Danube
conc,Sec_Danube_Lower,Lower Danube (section),bonobo,EUS_342,0.204291773697825,0.310858437909282,254,0.784839378894343,209.425317336441,0.790053961967445,191.407389132823,32.29465918042376,Danube,3.0,0.0,44.1630556,22.621388,46,0.13315045866184075,Danube
conc,Sec_Danube_Lower,Lower Danube (section),bonobo,EUS_343,0.198777453414594,0.328437159426711,254,0.80446434318967,214.469668619118,0.802824711322221,225.931077452489,0.8563272268275609,Danube,8.0,14.2,44.165278,22.785278,52,0.15864364242076615,Danube
conc,Sec_Danube_Lower,Lower Danube (section),bonobo,EUS_344,0.18489906720649,0.311848856661158,254,0.774794072338826,206.718933036169,0.776674010109746,188.593699324619,8.765844440844702,Danube,5.0,76.7,43.702407,24.455325,65,0.3628975871291429,Danube
conc,Sec_Danube_Lower,Lower Danube (section),bonobo,EUS_345,0.199147191832503,0.324361250281592,254,0.79454290977312,211.9376078449,0.792839345684304,212.375878013561,5.619926932436737,Danube,5.0,80.1,43.612455,25.589367,50,0.14816499802624378,Danube
conc,Sec_Danube_Lower,Lower Danube (section),bonobo,EUS_346,0.18606240553946,0.327218910500082,254,0.780686311734572,208.442475891497,0.780689359222188,195.712201599364,11.880271823027797,Danube,5.0,61.0,43.834338,25.936214,80,0.5484657255901723,Danube
conc,Sec_Danube_Lower,Lower Danube (section),bonobo,EUS_347,0.192301015052494,0.333448836000987,254,0.807572550544347,215.238079760112,0.806017275398058,227.177401105457,14.13574480125461,Danube,8.0,0.8,43.91078,26.066822,55,0.21123011308194606,Danube
conc,Sec_Danube_Lower,Lower Danube (section),bonobo,EUS_348,0.193657452229063,0.330813472845082,254,0.808526506889691,215.470203226724,0.806793169223114,228.775774066601,40.823576540220024,Danube,8.0,0.5,44.140467,27.031433,55,0.2178646573292677,Danube
conc,Sec_Danube_Lower,Lower Danube (section),bonobo,EUS_349,0.181102725548847,0.351230046835108,254,0.807144403581278,214.844666198214,0.804542310895316,238.986464383776,97.14936432667852,Danube,1.0,0.0,45.483273,28.182089,54,0.20880565297137352,Danube
conc,Sec_Danube_Lower,Lower Danube (section),bonobo,EUS_350,0.190677473982572,0.341219303672948,254,0.807511319533458,215.155932286376,0.806873997495977,227.347760432,34.509132230772025,Danube,8.0,0.7,45.460833,28.251667,54,0.23210137207479803,Danube
conc,Sec_Danube_Lower,Lower Danube (section),bonobo,EUS_351,0.194814544533678,0.334296108488127,254,0.808100579639719,215.317134362125,0.805789940383792,228.371279494503,9.554443684740518,Danube,8.0,0.7,45.428611,29.279444,52,0.1980522018672421,Danube
conc,Sec_Danube_Lower,Lower Danube (section),bonobo,EUS_356,0.186038099362258,0.31272097357114,254,0.777602681128359,206.610156458666,0.785910724347241,200.629694362167,0.7091958358851725,Danube,3.0,0.0,45.569871,19.655458,60,0.2961188259976825,Danube
conc,Sec_Danube_Lower,Lower Danube (section),bonobo,EUS_357,0.206878178117562,0.309578089989261,254,0.791098941630155,210.868252805136,0.792867875597648,202.858656520822,0.37843392477264914,Danube,3.0,0.0,45.301246,19.743428,45,0.10737407859675956,Danube
conc,Sec_Danube_Lower,Lower Danube (section),bonobo,EUS_358,0.22186483873922,0.305455943869362,254,0.796372947358006,212.213082042422,0.792952592729235,212.423425539871,0.18775341319114539,Danube,3.0,,45.282738,19.814,33,-0.015177916948036855,Danube
conc,Sec_Danube_Lower,Lower Danube (section),bonobo,EUS_359,0.188019935962373,0.317511195507072,254,0.787677218721989,210.193426713523,0.793553075147521,197.554374966997,0.7313587373536804,Danube,4.0,,44.358347,21.0966,61,0.33737414749098443,Danube
conc,Sec_Danube_Lower,Lower Danube (section),bonobo,EUS_360,0.196023275971981,0.367535145053575,254,0.833571441260467,222.14336899798,0.828257321259816,306.042481607382,10.146489162074996,Danube,4.0,,44.366765,21.096424,98,0.9912905824258197,Danube
conc,Sec_Danube_Lower,Lower Danube (section),bonobo,EUS_361,0.179564332994957,0.34052721528792,254,0.813014732656849,216.882422482761,0.804463410394752,254.542287853232,1.8407637766403262,Danube,4.0,0.0,44.344192,20.973996,83,0.6384621069001359,Danube
conc,Sec_Danube_Lower,Lower Danube (section),bonobo,EUS_362,0.180371014671836,0.342925657450819,254,0.814769050515258,217.356261799852,0.806158076992719,260.436448913183,4.418057662229861,Danube,4.0,,44.344684,20.972656,85,0.6840183580401498,Danube
conc,Sec_Danube_Lower,Lower Danube (section),bonobo,EUS_363,0.226131923260024,0.308092963845774,254,0.803791193530492,212.865824793419,0.807216942859761,235.393132987427,0.23387309357343944,Danube,4.0,,44.344281,20.971995,17,-0.14023198194080821,Danube
conc,Sec_Danube_Lower,Lower Danube (section),bonobo,EUS_364,0.205941793553963,0.396684830224715,254,0.847797473239877,225.685717761402,0.840097508306035,380.493869054993,21.453857909694438,Danube,3.0,,44.374812,20.825511,102,1.2404902746948634,Danube
conc,Sec_Danube_Lower,Lower Danube (section),bonobo,EUS_365,0.183723358045622,0.348491327814501,254,0.823292256387385,219.532447103682,0.818048991889711,273.400122974653,1.5628687706666415,Danube,3.0,,44.368733,20.833973,91,0.7610545110626596,Danube
conc,Sec_Danube_Lower,Lower Danube (section),bonobo,EUS_366,0.186132134272412,0.361743080721613,254,0.820202668116576,218.710787454185,0.813897804196424,274.815234158937,4.834557932307801,Danube,3.0,0.0,44.394422,20.745402,99,0.8604611845377214,Danube
conc,Sec_Danube_Lower,Lower Danube (section),bonobo,EUS_367,0.198976670503172,0.391618899046946,254,0.832582380221972,221.712064324984,0.831994692468944,340.763751481692,92.0596687564631,Danube,7.0,4.2,44.921386,19.748796,100,1.2194249859116941,Danube
conc,Sec_Danube_Lower,Lower Danube (section),bonobo,EUS_368,0.176729516110341,0.320159712270553,254,0.780108042496202,208.546012405783,0.780986579953119,196.154919888573,2.204708654793122,Danube,1.0,0.0,44.994451,19.828862,68,0.43296491507137597,Danube
conc,Sec_Danube_Lower,Lower Danube (section),bonobo,EUS_369,0.210472832718195,0.311226142818635,254,0.792290652738291,211.511512035801,0.794991539872979,225.52382919534,2.010751433809881,Danube,1.0,0.0,45.0055,19.790131,26,-0.018631258823097338,Danube
conc,Sec_Danube_Lower,Lower Danube (section),bonobo,EUS_370,0.192737288710357,0.313682210140813,254,0.786119666517049,209.86420215555,0.790424226767903,193.021542943428,0.6409113351663563,Danube,3.0,,45.554139,19.681472,62,0.30285915090090854,Danube
